mtllib rollout-motorcycle-tow.mtl
o frame_rail_l
usemtl body_dark
v 4.040000047683716 0.7200000014901161 -0.3699999997019768
v 4.040000047683716 0.7200000014901161 -0.5100000002980232
v 4.040000047683716 0.5199999985098839 -0.3699999997019768
v 4.040000047683716 0.5199999985098839 -0.5100000002980232
v -1.8600000476837157 0.7200000014901161 -0.5100000002980232
v -1.8600000476837157 0.7200000014901161 -0.3699999997019768
v -1.8600000476837157 0.5199999985098839 -0.5100000002980232
v -1.8600000476837157 0.5199999985098839 -0.3699999997019768
v -1.8600000476837157 0.7200000014901161 -0.5100000002980232
v 4.040000047683716 0.7200000014901161 -0.5100000002980232
v -1.8600000476837157 0.7200000014901161 -0.3699999997019768
v 4.040000047683716 0.7200000014901161 -0.3699999997019768
v -1.8600000476837157 0.5199999985098839 -0.3699999997019768
v 4.040000047683716 0.5199999985098839 -0.3699999997019768
v -1.8600000476837157 0.5199999985098839 -0.5100000002980232
v 4.040000047683716 0.5199999985098839 -0.5100000002980232
v -1.8600000476837157 0.7200000014901161 -0.3699999997019768
v 4.040000047683716 0.7200000014901161 -0.3699999997019768
v -1.8600000476837157 0.5199999985098839 -0.3699999997019768
v 4.040000047683716 0.5199999985098839 -0.3699999997019768
v 4.040000047683716 0.7200000014901161 -0.5100000002980232
v -1.8600000476837157 0.7200000014901161 -0.5100000002980232
v 4.040000047683716 0.5199999985098839 -0.5100000002980232
v -1.8600000476837157 0.5199999985098839 -0.5100000002980232
vt 0 1
vt 1 1
vt 0 0
vt 1 0
vt 0 1
vt 1 1
vt 0 0
vt 1 0
vt 0 1
vt 1 1
vt 0 0
vt 1 0
vt 0 1
vt 1 1
vt 0 0
vt 1 0
vt 0 1
vt 1 1
vt 0 0
vt 1 0
vt 0 1
vt 1 1
vt 0 0
vt 1 0
vn 1 0 0
vn 1 0 0
vn 1 0 0
vn 1 0 0
vn -1 0 0
vn -1 0 0
vn -1 0 0
vn -1 0 0
vn 0 1 0
vn 0 1 0
vn 0 1 0
vn 0 1 0
vn 0 -1 0
vn 0 -1 0
vn 0 -1 0
vn 0 -1 0
vn 0 0 1
vn 0 0 1
vn 0 0 1
vn 0 0 1
vn 0 0 -1
vn 0 0 -1
vn 0 0 -1
vn 0 0 -1
f 1/1/1 3/3/3 2/2/2
f 3/3/3 4/4/4 2/2/2
f 5/5/5 7/7/7 6/6/6
f 7/7/7 8/8/8 6/6/6
f 9/9/9 11/11/11 10/10/10
f 11/11/11 12/12/12 10/10/10
f 13/13/13 15/15/15 14/14/14
f 15/15/15 16/16/16 14/14/14
f 17/17/17 19/19/19 18/18/18
f 19/19/19 20/20/20 18/18/18
f 21/21/21 23/23/23 22/22/22
f 23/23/23 24/24/24 22/22/22
o frame_rail_r
usemtl body_dark
v 4.040000047683716 0.7200000014901161 0.5100000002980232
v 4.040000047683716 0.7200000014901161 0.3699999997019768
v 4.040000047683716 0.5199999985098839 0.5100000002980232
v 4.040000047683716 0.5199999985098839 0.3699999997019768
v -1.8600000476837157 0.7200000014901161 0.3699999997019768
v -1.8600000476837157 0.7200000014901161 0.5100000002980232
v -1.8600000476837157 0.5199999985098839 0.3699999997019768
v -1.8600000476837157 0.5199999985098839 0.5100000002980232
v -1.8600000476837157 0.7200000014901161 0.3699999997019768
v 4.040000047683716 0.7200000014901161 0.3699999997019768
v -1.8600000476837157 0.7200000014901161 0.5100000002980232
v 4.040000047683716 0.7200000014901161 0.5100000002980232
v -1.8600000476837157 0.5199999985098839 0.5100000002980232
v 4.040000047683716 0.5199999985098839 0.5100000002980232
v -1.8600000476837157 0.5199999985098839 0.3699999997019768
v 4.040000047683716 0.5199999985098839 0.3699999997019768
v -1.8600000476837157 0.7200000014901161 0.5100000002980232
v 4.040000047683716 0.7200000014901161 0.5100000002980232
v -1.8600000476837157 0.5199999985098839 0.5100000002980232
v 4.040000047683716 0.5199999985098839 0.5100000002980232
v 4.040000047683716 0.7200000014901161 0.3699999997019768
v -1.8600000476837157 0.7200000014901161 0.3699999997019768
v 4.040000047683716 0.5199999985098839 0.3699999997019768
v -1.8600000476837157 0.5199999985098839 0.3699999997019768
vt 0 1
vt 1 1
vt 0 0
vt 1 0
vt 0 1
vt 1 1
vt 0 0
vt 1 0
vt 0 1
vt 1 1
vt 0 0
vt 1 0
vt 0 1
vt 1 1
vt 0 0
vt 1 0
vt 0 1
vt 1 1
vt 0 0
vt 1 0
vt 0 1
vt 1 1
vt 0 0
vt 1 0
vn 1 0 0
vn 1 0 0
vn 1 0 0
vn 1 0 0
vn -1 0 0
vn -1 0 0
vn -1 0 0
vn -1 0 0
vn 0 1 0
vn 0 1 0
vn 0 1 0
vn 0 1 0
vn 0 -1 0
vn 0 -1 0
vn 0 -1 0
vn 0 -1 0
vn 0 0 1
vn 0 0 1
vn 0 0 1
vn 0 0 1
vn 0 0 -1
vn 0 0 -1
vn 0 0 -1
vn 0 0 -1
f 25/25/25 27/27/27 26/26/26
f 27/27/27 28/28/28 26/26/26
f 29/29/29 31/31/31 30/30/30
f 31/31/31 32/32/32 30/30/30
f 33/33/33 35/35/35 34/34/34
f 35/35/35 36/36/36 34/34/34
f 37/37/37 39/39/39 38/38/38
f 39/39/39 40/40/40 38/38/38
f 41/41/41 43/43/43 42/42/42
f 43/43/43 44/44/44 42/42/42
f 45/45/45 47/47/47 46/46/46
f 47/47/47 48/48/48 46/46/46
o crossmember_0
usemtl body_dark
v -1.509999999254942 0.6900000002980232 0.4099999964237213
v -1.509999999254942 0.6900000002980232 -0.4099999964237213
v -1.509999999254942 0.5499999997019768 0.4099999964237213
v -1.509999999254942 0.5499999997019768 -0.4099999964237213
v -1.6100000007450581 0.6900000002980232 -0.4099999964237213
v -1.6100000007450581 0.6900000002980232 0.4099999964237213
v -1.6100000007450581 0.5499999997019768 -0.4099999964237213
v -1.6100000007450581 0.5499999997019768 0.4099999964237213
v -1.6100000007450581 0.6900000002980232 -0.4099999964237213
v -1.509999999254942 0.6900000002980232 -0.4099999964237213
v -1.6100000007450581 0.6900000002980232 0.4099999964237213
v -1.509999999254942 0.6900000002980232 0.4099999964237213
v -1.6100000007450581 0.5499999997019768 0.4099999964237213
v -1.509999999254942 0.5499999997019768 0.4099999964237213
v -1.6100000007450581 0.5499999997019768 -0.4099999964237213
v -1.509999999254942 0.5499999997019768 -0.4099999964237213
v -1.6100000007450581 0.6900000002980232 0.4099999964237213
v -1.509999999254942 0.6900000002980232 0.4099999964237213
v -1.6100000007450581 0.5499999997019768 0.4099999964237213
v -1.509999999254942 0.5499999997019768 0.4099999964237213
v -1.509999999254942 0.6900000002980232 -0.4099999964237213
v -1.6100000007450581 0.6900000002980232 -0.4099999964237213
v -1.509999999254942 0.5499999997019768 -0.4099999964237213
v -1.6100000007450581 0.5499999997019768 -0.4099999964237213
vt 0 1
vt 1 1
vt 0 0
vt 1 0
vt 0 1
vt 1 1
vt 0 0
vt 1 0
vt 0 1
vt 1 1
vt 0 0
vt 1 0
vt 0 1
vt 1 1
vt 0 0
vt 1 0
vt 0 1
vt 1 1
vt 0 0
vt 1 0
vt 0 1
vt 1 1
vt 0 0
vt 1 0
vn 1 0 0
vn 1 0 0
vn 1 0 0
vn 1 0 0
vn -1 0 0
vn -1 0 0
vn -1 0 0
vn -1 0 0
vn 0 1 0
vn 0 1 0
vn 0 1 0
vn 0 1 0
vn 0 -1 0
vn 0 -1 0
vn 0 -1 0
vn 0 -1 0
vn 0 0 1
vn 0 0 1
vn 0 0 1
vn 0 0 1
vn 0 0 -1
vn 0 0 -1
vn 0 0 -1
vn 0 0 -1
f 49/49/49 51/51/51 50/50/50
f 51/51/51 52/52/52 50/50/50
f 53/53/53 55/55/55 54/54/54
f 55/55/55 56/56/56 54/54/54
f 57/57/57 59/59/59 58/58/58
f 59/59/59 60/60/60 58/58/58
f 61/61/61 63/63/63 62/62/62
f 63/63/63 64/64/64 62/62/62
f 65/65/65 67/67/67 66/66/66
f 67/67/67 68/68/68 66/66/66
f 69/69/69 71/71/71 70/70/70
f 71/71/71 72/72/72 70/70/70
o crossmember_1
usemtl body_dark
v -0.5599999992549418 0.6900000002980232 0.4099999964237213
v -0.5599999992549418 0.6900000002980232 -0.4099999964237213
v -0.5599999992549418 0.5499999997019768 0.4099999964237213
v -0.5599999992549418 0.5499999997019768 -0.4099999964237213
v -0.6600000007450579 0.6900000002980232 -0.4099999964237213
v -0.6600000007450579 0.6900000002980232 0.4099999964237213
v -0.6600000007450579 0.5499999997019768 -0.4099999964237213
v -0.6600000007450579 0.5499999997019768 0.4099999964237213
v -0.6600000007450579 0.6900000002980232 -0.4099999964237213
v -0.5599999992549418 0.6900000002980232 -0.4099999964237213
v -0.6600000007450579 0.6900000002980232 0.4099999964237213
v -0.5599999992549418 0.6900000002980232 0.4099999964237213
v -0.6600000007450579 0.5499999997019768 0.4099999964237213
v -0.5599999992549418 0.5499999997019768 0.4099999964237213
v -0.6600000007450579 0.5499999997019768 -0.4099999964237213
v -0.5599999992549418 0.5499999997019768 -0.4099999964237213
v -0.6600000007450579 0.6900000002980232 0.4099999964237213
v -0.5599999992549418 0.6900000002980232 0.4099999964237213
v -0.6600000007450579 0.5499999997019768 0.4099999964237213
v -0.5599999992549418 0.5499999997019768 0.4099999964237213
v -0.5599999992549418 0.6900000002980232 -0.4099999964237213
v -0.6600000007450579 0.6900000002980232 -0.4099999964237213
v -0.5599999992549418 0.5499999997019768 -0.4099999964237213
v -0.6600000007450579 0.5499999997019768 -0.4099999964237213
vt 0 1
vt 1 1
vt 0 0
vt 1 0
vt 0 1
vt 1 1
vt 0 0
vt 1 0
vt 0 1
vt 1 1
vt 0 0
vt 1 0
vt 0 1
vt 1 1
vt 0 0
vt 1 0
vt 0 1
vt 1 1
vt 0 0
vt 1 0
vt 0 1
vt 1 1
vt 0 0
vt 1 0
vn 1 0 0
vn 1 0 0
vn 1 0 0
vn 1 0 0
vn -1 0 0
vn -1 0 0
vn -1 0 0
vn -1 0 0
vn 0 1 0
vn 0 1 0
vn 0 1 0
vn 0 1 0
vn 0 -1 0
vn 0 -1 0
vn 0 -1 0
vn 0 -1 0
vn 0 0 1
vn 0 0 1
vn 0 0 1
vn 0 0 1
vn 0 0 -1
vn 0 0 -1
vn 0 0 -1
vn 0 0 -1
f 73/73/73 75/75/75 74/74/74
f 75/75/75 76/76/76 74/74/74
f 77/77/77 79/79/79 78/78/78
f 79/79/79 80/80/80 78/78/78
f 81/81/81 83/83/83 82/82/82
f 83/83/83 84/84/84 82/82/82
f 85/85/85 87/87/87 86/86/86
f 87/87/87 88/88/88 86/86/86
f 89/89/89 91/91/91 90/90/90
f 91/91/91 92/92/92 90/90/90
f 93/93/93 95/95/95 94/94/94
f 95/95/95 96/96/96 94/94/94
o crossmember_2
usemtl body_dark
v 0.4900000007450581 0.6900000002980232 0.4099999964237213
v 0.4900000007450581 0.6900000002980232 -0.4099999964237213
v 0.4900000007450581 0.5499999997019768 0.4099999964237213
v 0.4900000007450581 0.5499999997019768 -0.4099999964237213
v 0.389999999254942 0.6900000002980232 -0.4099999964237213
v 0.389999999254942 0.6900000002980232 0.4099999964237213
v 0.389999999254942 0.5499999997019768 -0.4099999964237213
v 0.389999999254942 0.5499999997019768 0.4099999964237213
v 0.389999999254942 0.6900000002980232 -0.4099999964237213
v 0.4900000007450581 0.6900000002980232 -0.4099999964237213
v 0.389999999254942 0.6900000002980232 0.4099999964237213
v 0.4900000007450581 0.6900000002980232 0.4099999964237213
v 0.389999999254942 0.5499999997019768 0.4099999964237213
v 0.4900000007450581 0.5499999997019768 0.4099999964237213
v 0.389999999254942 0.5499999997019768 -0.4099999964237213
v 0.4900000007450581 0.5499999997019768 -0.4099999964237213
v 0.389999999254942 0.6900000002980232 0.4099999964237213
v 0.4900000007450581 0.6900000002980232 0.4099999964237213
v 0.389999999254942 0.5499999997019768 0.4099999964237213
v 0.4900000007450581 0.5499999997019768 0.4099999964237213
v 0.4900000007450581 0.6900000002980232 -0.4099999964237213
v 0.389999999254942 0.6900000002980232 -0.4099999964237213
v 0.4900000007450581 0.5499999997019768 -0.4099999964237213
v 0.389999999254942 0.5499999997019768 -0.4099999964237213
vt 0 1
vt 1 1
vt 0 0
vt 1 0
vt 0 1
vt 1 1
vt 0 0
vt 1 0
vt 0 1
vt 1 1
vt 0 0
vt 1 0
vt 0 1
vt 1 1
vt 0 0
vt 1 0
vt 0 1
vt 1 1
vt 0 0
vt 1 0
vt 0 1
vt 1 1
vt 0 0
vt 1 0
vn 1 0 0
vn 1 0 0
vn 1 0 0
vn 1 0 0
vn -1 0 0
vn -1 0 0
vn -1 0 0
vn -1 0 0
vn 0 1 0
vn 0 1 0
vn 0 1 0
vn 0 1 0
vn 0 -1 0
vn 0 -1 0
vn 0 -1 0
vn 0 -1 0
vn 0 0 1
vn 0 0 1
vn 0 0 1
vn 0 0 1
vn 0 0 -1
vn 0 0 -1
vn 0 0 -1
vn 0 0 -1
f 97/97/97 99/99/99 98/98/98
f 99/99/99 100/100/100 98/98/98
f 101/101/101 103/103/103 102/102/102
f 103/103/103 104/104/104 102/102/102
f 105/105/105 107/107/107 106/106/106
f 107/107/107 108/108/108 106/106/106
f 109/109/109 111/111/111 110/110/110
f 111/111/111 112/112/112 110/110/110
f 113/113/113 115/115/115 114/114/114
f 115/115/115 116/116/116 114/114/114
f 117/117/117 119/119/119 118/118/118
f 119/119/119 120/120/120 118/118/118
o crossmember_3
usemtl body_dark
v 1.6900000007450582 0.6900000002980232 0.4099999964237213
v 1.6900000007450582 0.6900000002980232 -0.4099999964237213
v 1.6900000007450582 0.5499999997019768 0.4099999964237213
v 1.6900000007450582 0.5499999997019768 -0.4099999964237213
v 1.589999999254942 0.6900000002980232 -0.4099999964237213
v 1.589999999254942 0.6900000002980232 0.4099999964237213
v 1.589999999254942 0.5499999997019768 -0.4099999964237213
v 1.589999999254942 0.5499999997019768 0.4099999964237213
v 1.589999999254942 0.6900000002980232 -0.4099999964237213
v 1.6900000007450582 0.6900000002980232 -0.4099999964237213
v 1.589999999254942 0.6900000002980232 0.4099999964237213
v 1.6900000007450582 0.6900000002980232 0.4099999964237213
v 1.589999999254942 0.5499999997019768 0.4099999964237213
v 1.6900000007450582 0.5499999997019768 0.4099999964237213
v 1.589999999254942 0.5499999997019768 -0.4099999964237213
v 1.6900000007450582 0.5499999997019768 -0.4099999964237213
v 1.589999999254942 0.6900000002980232 0.4099999964237213
v 1.6900000007450582 0.6900000002980232 0.4099999964237213
v 1.589999999254942 0.5499999997019768 0.4099999964237213
v 1.6900000007450582 0.5499999997019768 0.4099999964237213
v 1.6900000007450582 0.6900000002980232 -0.4099999964237213
v 1.589999999254942 0.6900000002980232 -0.4099999964237213
v 1.6900000007450582 0.5499999997019768 -0.4099999964237213
v 1.589999999254942 0.5499999997019768 -0.4099999964237213
vt 0 1
vt 1 1
vt 0 0
vt 1 0
vt 0 1
vt 1 1
vt 0 0
vt 1 0
vt 0 1
vt 1 1
vt 0 0
vt 1 0
vt 0 1
vt 1 1
vt 0 0
vt 1 0
vt 0 1
vt 1 1
vt 0 0
vt 1 0
vt 0 1
vt 1 1
vt 0 0
vt 1 0
vn 1 0 0
vn 1 0 0
vn 1 0 0
vn 1 0 0
vn -1 0 0
vn -1 0 0
vn -1 0 0
vn -1 0 0
vn 0 1 0
vn 0 1 0
vn 0 1 0
vn 0 1 0
vn 0 -1 0
vn 0 -1 0
vn 0 -1 0
vn 0 -1 0
vn 0 0 1
vn 0 0 1
vn 0 0 1
vn 0 0 1
vn 0 0 -1
vn 0 0 -1
vn 0 0 -1
vn 0 0 -1
f 121/121/121 123/123/123 122/122/122
f 123/123/123 124/124/124 122/122/122
f 125/125/125 127/127/127 126/126/126
f 127/127/127 128/128/128 126/126/126
f 129/129/129 131/131/131 130/130/130
f 131/131/131 132/132/132 130/130/130
f 133/133/133 135/135/135 134/134/134
f 135/135/135 136/136/136 134/134/134
f 137/137/137 139/139/139 138/138/138
f 139/139/139 140/140/140 138/138/138
f 141/141/141 143/143/143 142/142/142
f 143/143/143 144/144/144 142/142/142
o crossmember_4
usemtl body_dark
v 2.690000000745058 0.6900000002980232 0.4099999964237213
v 2.690000000745058 0.6900000002980232 -0.4099999964237213
v 2.690000000745058 0.5499999997019768 0.4099999964237213
v 2.690000000745058 0.5499999997019768 -0.4099999964237213
v 2.589999999254942 0.6900000002980232 -0.4099999964237213
v 2.589999999254942 0.6900000002980232 0.4099999964237213
v 2.589999999254942 0.5499999997019768 -0.4099999964237213
v 2.589999999254942 0.5499999997019768 0.4099999964237213
v 2.589999999254942 0.6900000002980232 -0.4099999964237213
v 2.690000000745058 0.6900000002980232 -0.4099999964237213
v 2.589999999254942 0.6900000002980232 0.4099999964237213
v 2.690000000745058 0.6900000002980232 0.4099999964237213
v 2.589999999254942 0.5499999997019768 0.4099999964237213
v 2.690000000745058 0.5499999997019768 0.4099999964237213
v 2.589999999254942 0.5499999997019768 -0.4099999964237213
v 2.690000000745058 0.5499999997019768 -0.4099999964237213
v 2.589999999254942 0.6900000002980232 0.4099999964237213
v 2.690000000745058 0.6900000002980232 0.4099999964237213
v 2.589999999254942 0.5499999997019768 0.4099999964237213
v 2.690000000745058 0.5499999997019768 0.4099999964237213
v 2.690000000745058 0.6900000002980232 -0.4099999964237213
v 2.589999999254942 0.6900000002980232 -0.4099999964237213
v 2.690000000745058 0.5499999997019768 -0.4099999964237213
v 2.589999999254942 0.5499999997019768 -0.4099999964237213
vt 0 1
vt 1 1
vt 0 0
vt 1 0
vt 0 1
vt 1 1
vt 0 0
vt 1 0
vt 0 1
vt 1 1
vt 0 0
vt 1 0
vt 0 1
vt 1 1
vt 0 0
vt 1 0
vt 0 1
vt 1 1
vt 0 0
vt 1 0
vt 0 1
vt 1 1
vt 0 0
vt 1 0
vn 1 0 0
vn 1 0 0
vn 1 0 0
vn 1 0 0
vn -1 0 0
vn -1 0 0
vn -1 0 0
vn -1 0 0
vn 0 1 0
vn 0 1 0
vn 0 1 0
vn 0 1 0
vn 0 -1 0
vn 0 -1 0
vn 0 -1 0
vn 0 -1 0
vn 0 0 1
vn 0 0 1
vn 0 0 1
vn 0 0 1
vn 0 0 -1
vn 0 0 -1
vn 0 0 -1
vn 0 0 -1
f 145/145/145 147/147/147 146/146/146
f 147/147/147 148/148/148 146/146/146
f 149/149/149 151/151/151 150/150/150
f 151/151/151 152/152/152 150/150/150
f 153/153/153 155/155/155 154/154/154
f 155/155/155 156/156/156 154/154/154
f 157/157/157 159/159/159 158/158/158
f 159/159/159 160/160/160 158/158/158
f 161/161/161 163/163/163 162/162/162
f 163/163/163 164/164/164 162/162/162
f 165/165/165 167/167/167 166/166/166
f 167/167/167 168/168/168 166/166/166
o crossmember_5
usemtl body_dark
v 3.690000000745058 0.6900000002980232 0.4099999964237213
v 3.690000000745058 0.6900000002980232 -0.4099999964237213
v 3.690000000745058 0.5499999997019768 0.4099999964237213
v 3.690000000745058 0.5499999997019768 -0.4099999964237213
v 3.589999999254942 0.6900000002980232 -0.4099999964237213
v 3.589999999254942 0.6900000002980232 0.4099999964237213
v 3.589999999254942 0.5499999997019768 -0.4099999964237213
v 3.589999999254942 0.5499999997019768 0.4099999964237213
v 3.589999999254942 0.6900000002980232 -0.4099999964237213
v 3.690000000745058 0.6900000002980232 -0.4099999964237213
v 3.589999999254942 0.6900000002980232 0.4099999964237213
v 3.690000000745058 0.6900000002980232 0.4099999964237213
v 3.589999999254942 0.5499999997019768 0.4099999964237213
v 3.690000000745058 0.5499999997019768 0.4099999964237213
v 3.589999999254942 0.5499999997019768 -0.4099999964237213
v 3.690000000745058 0.5499999997019768 -0.4099999964237213
v 3.589999999254942 0.6900000002980232 0.4099999964237213
v 3.690000000745058 0.6900000002980232 0.4099999964237213
v 3.589999999254942 0.5499999997019768 0.4099999964237213
v 3.690000000745058 0.5499999997019768 0.4099999964237213
v 3.690000000745058 0.6900000002980232 -0.4099999964237213
v 3.589999999254942 0.6900000002980232 -0.4099999964237213
v 3.690000000745058 0.5499999997019768 -0.4099999964237213
v 3.589999999254942 0.5499999997019768 -0.4099999964237213
vt 0 1
vt 1 1
vt 0 0
vt 1 0
vt 0 1
vt 1 1
vt 0 0
vt 1 0
vt 0 1
vt 1 1
vt 0 0
vt 1 0
vt 0 1
vt 1 1
vt 0 0
vt 1 0
vt 0 1
vt 1 1
vt 0 0
vt 1 0
vt 0 1
vt 1 1
vt 0 0
vt 1 0
vn 1 0 0
vn 1 0 0
vn 1 0 0
vn 1 0 0
vn -1 0 0
vn -1 0 0
vn -1 0 0
vn -1 0 0
vn 0 1 0
vn 0 1 0
vn 0 1 0
vn 0 1 0
vn 0 -1 0
vn 0 -1 0
vn 0 -1 0
vn 0 -1 0
vn 0 0 1
vn 0 0 1
vn 0 0 1
vn 0 0 1
vn 0 0 -1
vn 0 0 -1
vn 0 0 -1
vn 0 0 -1
f 169/169/169 171/171/171 170/170/170
f 171/171/171 172/172/172 170/170/170
f 173/173/173 175/175/175 174/174/174
f 175/175/175 176/176/176 174/174/174
f 177/177/177 179/179/179 178/178/178
f 179/179/179 180/180/180 178/178/178
f 181/181/181 183/183/183 182/182/182
f 183/183/183 184/184/184 182/182/182
f 185/185/185 187/187/187 186/186/186
f 187/187/187 188/188/188 186/186/186
f 189/189/189 191/191/191 190/190/190
f 191/191/191 192/192/192 190/190/190
o driveshaft
usemtl body_mid
v -0.3600000238418579 0.5500000000000004 0.05000000074505806
v -0.3600000238418579 0.5750000003725294 0.04330126941204071
v -0.3600000238418579 0.5933012694120411 0.02500000037252903
v -0.3600000238418579 0.6000000007450584 3.0616169246677665e-18
v -0.3600000238418579 0.5933012694120411 -0.02500000037252903
v -0.3600000238418579 0.5750000003725294 -0.04330126941204071
v -0.3600000238418579 0.5500000000000004 -0.05000000074505806
v -0.3600000238418579 0.5249999996274713 -0.04330126941204071
v -0.3600000238418579 0.5066987305879597 -0.02500000037252903
v -0.3600000238418579 0.4999999992549423 -9.184851394388759e-18
v -0.3600000238418579 0.5066987305879597 0.02500000037252903
v -0.3600000238418579 0.5249999996274713 0.04330126941204071
v -0.3600000238418579 0.5500000000000004 0.05000000074505806
v 2.840000023841858 0.5499999999999997 0.05000000074505806
v 2.840000023841858 0.5750000003725287 0.04330126941204071
v 2.840000023841858 0.5933012694120404 0.02500000037252903
v 2.840000023841858 0.6000000007450578 3.0616169246677665e-18
v 2.840000023841858 0.5933012694120404 -0.02500000037252903
v 2.840000023841858 0.5750000003725287 -0.04330126941204071
v 2.840000023841858 0.5499999999999997 -0.05000000074505806
v 2.840000023841858 0.5249999996274707 -0.04330126941204071
v 2.840000023841858 0.506698730587959 -0.02500000037252903
v 2.840000023841858 0.49999999925494165 -9.184851394388759e-18
v 2.840000023841858 0.506698730587959 0.02500000037252903
v 2.840000023841858 0.5249999996274707 0.04330126941204071
v 2.840000023841858 0.5499999999999997 0.05000000074505806
v -0.3600000238418579 0.5500000000000004 0
v -0.3600000238418579 0.5500000000000004 0
v -0.3600000238418579 0.5500000000000004 0
v -0.3600000238418579 0.5500000000000004 0
v -0.3600000238418579 0.5500000000000004 0
v -0.3600000238418579 0.5500000000000004 0
v -0.3600000238418579 0.5500000000000004 0
v -0.3600000238418579 0.5500000000000004 0
v -0.3600000238418579 0.5500000000000004 0
v -0.3600000238418579 0.5500000000000004 0
v -0.3600000238418579 0.5500000000000004 0
v -0.3600000238418579 0.5500000000000004 0
v -0.3600000238418579 0.5500000000000004 0.05000000074505806
v -0.3600000238418579 0.5750000003725294 0.04330126941204071
v -0.3600000238418579 0.5933012694120411 0.02500000037252903
v -0.3600000238418579 0.6000000007450584 3.0616169246677665e-18
v -0.3600000238418579 0.5933012694120411 -0.02500000037252903
v -0.3600000238418579 0.5750000003725294 -0.04330126941204071
v -0.3600000238418579 0.5500000000000004 -0.05000000074505806
v -0.3600000238418579 0.5249999996274713 -0.04330126941204071
v -0.3600000238418579 0.5066987305879597 -0.02500000037252903
v -0.3600000238418579 0.4999999992549423 -9.184851394388759e-18
v -0.3600000238418579 0.5066987305879597 0.02500000037252903
v -0.3600000238418579 0.5249999996274713 0.04330126941204071
v -0.3600000238418579 0.5500000000000004 0.05000000074505806
v 2.840000023841858 0.5499999999999997 0
v 2.840000023841858 0.5499999999999997 0
v 2.840000023841858 0.5499999999999997 0
v 2.840000023841858 0.5499999999999997 0
v 2.840000023841858 0.5499999999999997 0
v 2.840000023841858 0.5499999999999997 0
v 2.840000023841858 0.5499999999999997 0
v 2.840000023841858 0.5499999999999997 0
v 2.840000023841858 0.5499999999999997 0
v 2.840000023841858 0.5499999999999997 0
v 2.840000023841858 0.5499999999999997 0
v 2.840000023841858 0.5499999999999997 0
v 2.840000023841858 0.5499999999999997 0.05000000074505806
v 2.840000023841858 0.5750000003725287 0.04330126941204071
v 2.840000023841858 0.5933012694120404 0.02500000037252903
v 2.840000023841858 0.6000000007450578 3.0616169246677665e-18
v 2.840000023841858 0.5933012694120404 -0.02500000037252903
v 2.840000023841858 0.5750000003725287 -0.04330126941204071
v 2.840000023841858 0.5499999999999997 -0.05000000074505806
v 2.840000023841858 0.5249999996274707 -0.04330126941204071
v 2.840000023841858 0.506698730587959 -0.02500000037252903
v 2.840000023841858 0.49999999925494165 -9.184851394388759e-18
v 2.840000023841858 0.506698730587959 0.02500000037252903
v 2.840000023841858 0.5249999996274707 0.04330126941204071
v 2.840000023841858 0.5499999999999997 0.05000000074505806
vt 0 1
vt 0.0833333358168602 1
vt 0.1666666716337204 1
vt 0.25 1
vt 0.3333333432674408 1
vt 0.4166666567325592 1
vt 0.5 1
vt 0.5833333134651184 1
vt 0.6666666865348816 1
vt 0.75 1
vt 0.8333333134651184 1
vt 0.9166666865348816 1
vt 1 1
vt 0 0
vt 0.0833333358168602 0
vt 0.1666666716337204 0
vt 0.25 0
vt 0.3333333432674408 0
vt 0.4166666567325592 0
vt 0.5 0
vt 0.5833333134651184 0
vt 0.6666666865348816 0
vt 0.75 0
vt 0.8333333134651184 0
vt 0.9166666865348816 0
vt 1 0
vt 0.5 0.5
vt 0.5 0.5
vt 0.5 0.5
vt 0.5 0.5
vt 0.5 0.5
vt 0.5 0.5
vt 0.5 0.5
vt 0.5 0.5
vt 0.5 0.5
vt 0.5 0.5
vt 0.5 0.5
vt 0.5 0.5
vt 1 0.5
vt 0.9330127239227295 0.75
vt 0.75 0.9330127239227295
vt 0.5 1
vt 0.25 0.9330127239227295
vt 0.0669872984290123 0.75
vt 0 0.5
vt 0.0669872984290123 0.25
vt 0.25 0.0669872984290123
vt 0.5 0
vt 0.75 0.0669872984290123
vt 0.9330127239227295 0.25
vt 1 0.5
vt 0.5 0.5
vt 0.5 0.5
vt 0.5 0.5
vt 0.5 0.5
vt 0.5 0.5
vt 0.5 0.5
vt 0.5 0.5
vt 0.5 0.5
vt 0.5 0.5
vt 0.5 0.5
vt 0.5 0.5
vt 0.5 0.5
vt 1 0.5
vt 0.9330127239227295 0.25
vt 0.75 0.0669872984290123
vt 0.5 0
vt 0.25 0.0669872984290123
vt 0.0669872984290123 0.25
vt 0 0.5
vt 0.0669872984290123 0.75
vt 0.25 0.9330127239227295
vt 0.5 1
vt 0.75 0.9330127239227295
vt 0.9330127239227295 0.75
vt 1 0.5
vn 0 0 1
vn 1.1102230395700616e-16 0.5000000067305869 0.8660253998985324
vn 1.9229626777551189e-16 0.8660253998985324 0.5000000067305869
vn 2.220446049250313e-16 1 6.123234262925839e-17
vn 1.9229626777551189e-16 0.8660253998985324 -0.5000000067305869
vn 1.1102230395700616e-16 0.5000000067305869 -0.8660253998985324
vn 2.7192622655495665e-32 1.2246468525851679e-16 -1
vn -1.1102230395700616e-16 -0.5000000067305869 -0.8660253998985324
vn -1.9229626777551189e-16 -0.8660253998985324 -0.5000000067305869
vn -2.220446049250313e-16 -1 -1.8369701465288538e-16
vn -1.9229626777551189e-16 -0.8660253998985324 0.5000000067305869
vn -1.1102230395700616e-16 -0.5000000067305869 0.8660253998985324
vn -5.438524531099133e-32 -2.4492937051703357e-16 1
vn 0 0 1
vn 1.1102230395700616e-16 0.5000000067305869 0.8660253998985324
vn 1.9229626777551189e-16 0.8660253998985324 0.5000000067305869
vn 2.220446049250313e-16 1 6.123234262925839e-17
vn 1.9229626777551189e-16 0.8660253998985324 -0.5000000067305869
vn 1.1102230395700616e-16 0.5000000067305869 -0.8660253998985324
vn 2.7192622655495665e-32 1.2246468525851679e-16 -1
vn -1.1102230395700616e-16 -0.5000000067305869 -0.8660253998985324
vn -1.9229626777551189e-16 -0.8660253998985324 -0.5000000067305869
vn -2.220446049250313e-16 -1 -1.8369701465288538e-16
vn -1.9229626777551189e-16 -0.8660253998985324 0.5000000067305869
vn -1.1102230395700616e-16 -0.5000000067305869 0.8660253998985324
vn -5.438524531099133e-32 -2.4492937051703357e-16 1
vn -1 2.220446049250313e-16 0
vn -1 2.220446049250313e-16 0
vn -1 2.220446049250313e-16 0
vn -1 2.220446049250313e-16 0
vn -1 2.220446049250313e-16 0
vn -1 2.220446049250313e-16 0
vn -1 2.220446049250313e-16 0
vn -1 2.220446049250313e-16 0
vn -1 2.220446049250313e-16 0
vn -1 2.220446049250313e-16 0
vn -1 2.220446049250313e-16 0
vn -1 2.220446049250313e-16 0
vn -1 2.220446049250313e-16 0
vn -1 2.220446049250313e-16 0
vn -1 2.220446049250313e-16 0
vn -1 2.220446049250313e-16 0
vn -1 2.220446049250313e-16 0
vn -1 2.220446049250313e-16 0
vn -1 2.220446049250313e-16 0
vn -1 2.220446049250313e-16 0
vn -1 2.220446049250313e-16 0
vn -1 2.220446049250313e-16 0
vn -1 2.220446049250313e-16 0
vn -1 2.220446049250313e-16 0
vn -1 2.220446049250313e-16 0
vn 1 -2.220446049250313e-16 0
vn 1 -2.220446049250313e-16 0
vn 1 -2.220446049250313e-16 0
vn 1 -2.220446049250313e-16 0
vn 1 -2.220446049250313e-16 0
vn 1 -2.220446049250313e-16 0
vn 1 -2.220446049250313e-16 0
vn 1 -2.220446049250313e-16 0
vn 1 -2.220446049250313e-16 0
vn 1 -2.220446049250313e-16 0
vn 1 -2.220446049250313e-16 0
vn 1 -2.220446049250313e-16 0
vn 1 -2.220446049250313e-16 0
vn 1 -2.220446049250313e-16 0
vn 1 -2.220446049250313e-16 0
vn 1 -2.220446049250313e-16 0
vn 1 -2.220446049250313e-16 0
vn 1 -2.220446049250313e-16 0
vn 1 -2.220446049250313e-16 0
vn 1 -2.220446049250313e-16 0
vn 1 -2.220446049250313e-16 0
vn 1 -2.220446049250313e-16 0
vn 1 -2.220446049250313e-16 0
vn 1 -2.220446049250313e-16 0
vn 1 -2.220446049250313e-16 0
f 193/193/193 206/206/206 194/194/194
f 206/206/206 207/207/207 194/194/194
f 194/194/194 207/207/207 195/195/195
f 207/207/207 208/208/208 195/195/195
f 195/195/195 208/208/208 196/196/196
f 208/208/208 209/209/209 196/196/196
f 196/196/196 209/209/209 197/197/197
f 209/209/209 210/210/210 197/197/197
f 197/197/197 210/210/210 198/198/198
f 210/210/210 211/211/211 198/198/198
f 198/198/198 211/211/211 199/199/199
f 211/211/211 212/212/212 199/199/199
f 199/199/199 212/212/212 200/200/200
f 212/212/212 213/213/213 200/200/200
f 200/200/200 213/213/213 201/201/201
f 213/213/213 214/214/214 201/201/201
f 201/201/201 214/214/214 202/202/202
f 214/214/214 215/215/215 202/202/202
f 202/202/202 215/215/215 203/203/203
f 215/215/215 216/216/216 203/203/203
f 203/203/203 216/216/216 204/204/204
f 216/216/216 217/217/217 204/204/204
f 204/204/204 217/217/217 205/205/205
f 217/217/217 218/218/218 205/205/205
f 231/231/231 232/232/232 219/219/219
f 232/232/232 233/233/233 220/220/220
f 233/233/233 234/234/234 221/221/221
f 234/234/234 235/235/235 222/222/222
f 235/235/235 236/236/236 223/223/223
f 236/236/236 237/237/237 224/224/224
f 237/237/237 238/238/238 225/225/225
f 238/238/238 239/239/239 226/226/226
f 239/239/239 240/240/240 227/227/227
f 240/240/240 241/241/241 228/228/228
f 241/241/241 242/242/242 229/229/229
f 242/242/242 243/243/243 230/230/230
f 257/257/257 256/256/256 244/244/244
f 258/258/258 257/257/257 245/245/245
f 259/259/259 258/258/258 246/246/246
f 260/260/260 259/259/259 247/247/247
f 261/261/261 260/260/260 248/248/248
f 262/262/262 261/261/261 249/249/249
f 263/263/263 262/262/262 250/250/250
f 264/264/264 263/263/263 251/251/251
f 265/265/265 264/264/264 252/252/252
f 266/266/266 265/265/265 253/253/253
f 267/267/267 266/266/266 254/254/254
f 268/268/268 267/267/267 255/255/255
o fuel_tank
usemtl body_mid
v 0.19000001192092897 0.6200000000000001 -0.5600000011920929
v 0.19000001192092897 0.687983739078045 -0.570767565369606
v 0.19000001192092902 0.7493127536773683 -0.602016254067421
v 0.19000001192092902 0.7979837459325791 -0.6506872463226319
v 0.19000001192092902 0.8292324346303941 -0.7120162609219551
v 0.19000001192092902 0.8399999988079072 -0.78
v 0.19000001192092902 0.8292324346303941 -0.8479837390780449
v 0.19000001192092902 0.7979837459325791 -0.9093127536773682
v 0.19000001192092902 0.7493127536773683 -0.9579837459325791
v 0.19000001192092897 0.687983739078045 -0.989232434630394
v 0.19000001192092897 0.6200000000000001 -0.9999999988079071
v 0.19000001192092897 0.5520162609219552 -0.989232434630394
v 0.1900000119209289 0.49068724632263194 -0.9579837459325791
v 0.1900000119209289 0.44201625406742107 -0.9093127536773682
v 0.1900000119209289 0.4107675653696061 -0.8479837390780449
v 0.1900000119209289 0.400000001192093 -0.78
v 0.1900000119209289 0.4107675653696061 -0.7120162609219551
v 0.1900000119209289 0.44201625406742107 -0.6506872463226319
v 0.1900000119209289 0.49068724632263194 -0.602016254067421
v 0.19000001192092897 0.5520162609219552 -0.570767565369606
v 0.19000001192092897 0.62 -0.5600000011920929
v 1.0899999880790712 0.6199999999999999 -0.5600000011920929
v 1.0899999880790712 0.6879837390780448 -0.570767565369606
v 1.0899999880790712 0.749312753677368 -0.602016254067421
v 1.0899999880790712 0.7979837459325789 -0.6506872463226319
v 1.0899999880790712 0.8292324346303939 -0.7120162609219551
v 1.0899999880790712 0.839999998807907 -0.78
v 1.0899999880790712 0.8292324346303939 -0.8479837390780449
v 1.0899999880790712 0.7979837459325789 -0.9093127536773682
v 1.0899999880790712 0.749312753677368 -0.9579837459325791
v 1.0899999880790712 0.6879837390780448 -0.989232434630394
v 1.0899999880790712 0.6199999999999999 -0.9999999988079071
v 1.0899999880790712 0.552016260921955 -0.989232434630394
v 1.089999988079071 0.4906872463226317 -0.9579837459325791
v 1.089999988079071 0.44201625406742084 -0.9093127536773682
v 1.089999988079071 0.4107675653696059 -0.8479837390780449
v 1.089999988079071 0.4000000011920928 -0.78
v 1.089999988079071 0.4107675653696059 -0.7120162609219551
v 1.089999988079071 0.44201625406742084 -0.6506872463226319
v 1.089999988079071 0.4906872463226317 -0.602016254067421
v 1.0899999880790712 0.552016260921955 -0.570767565369606
v 1.0899999880790712 0.6199999999999999 -0.5600000011920929
v 0.19000001192092897 0.6200000000000001 -0.78
v 0.19000001192092897 0.6200000000000001 -0.78
v 0.19000001192092897 0.6200000000000001 -0.78
v 0.19000001192092897 0.6200000000000001 -0.78
v 0.19000001192092897 0.6200000000000001 -0.78
v 0.19000001192092897 0.6200000000000001 -0.78
v 0.19000001192092897 0.6200000000000001 -0.78
v 0.19000001192092897 0.6200000000000001 -0.78
v 0.19000001192092897 0.6200000000000001 -0.78
v 0.19000001192092897 0.6200000000000001 -0.78
v 0.19000001192092897 0.6200000000000001 -0.78
v 0.19000001192092897 0.6200000000000001 -0.78
v 0.19000001192092897 0.6200000000000001 -0.78
v 0.19000001192092897 0.6200000000000001 -0.78
v 0.19000001192092897 0.6200000000000001 -0.78
v 0.19000001192092897 0.6200000000000001 -0.78
v 0.19000001192092897 0.6200000000000001 -0.78
v 0.19000001192092897 0.6200000000000001 -0.78
v 0.19000001192092897 0.6200000000000001 -0.78
v 0.19000001192092897 0.6200000000000001 -0.78
v 0.19000001192092897 0.6200000000000001 -0.5600000011920929
v 0.19000001192092897 0.687983739078045 -0.570767565369606
v 0.19000001192092902 0.7493127536773683 -0.602016254067421
v 0.19000001192092902 0.7979837459325791 -0.6506872463226319
v 0.19000001192092902 0.8292324346303941 -0.7120162609219551
v 0.19000001192092902 0.8399999988079072 -0.78
v 0.19000001192092902 0.8292324346303941 -0.8479837390780449
v 0.19000001192092902 0.7979837459325791 -0.9093127536773682
v 0.19000001192092902 0.7493127536773683 -0.9579837459325791
v 0.19000001192092897 0.687983739078045 -0.989232434630394
v 0.19000001192092897 0.6200000000000001 -0.9999999988079071
v 0.19000001192092897 0.5520162609219552 -0.989232434630394
v 0.1900000119209289 0.49068724632263194 -0.9579837459325791
v 0.1900000119209289 0.44201625406742107 -0.9093127536773682
v 0.1900000119209289 0.4107675653696061 -0.8479837390780449
v 0.1900000119209289 0.400000001192093 -0.78
v 0.1900000119209289 0.4107675653696061 -0.7120162609219551
v 0.1900000119209289 0.44201625406742107 -0.6506872463226319
v 0.1900000119209289 0.49068724632263194 -0.602016254067421
v 0.19000001192092897 0.5520162609219552 -0.570767565369606
v 0.19000001192092897 0.62 -0.5600000011920929
v 1.0899999880790712 0.6199999999999999 -0.78
v 1.0899999880790712 0.6199999999999999 -0.78
v 1.0899999880790712 0.6199999999999999 -0.78
v 1.0899999880790712 0.6199999999999999 -0.78
v 1.0899999880790712 0.6199999999999999 -0.78
v 1.0899999880790712 0.6199999999999999 -0.78
v 1.0899999880790712 0.6199999999999999 -0.78
v 1.0899999880790712 0.6199999999999999 -0.78
v 1.0899999880790712 0.6199999999999999 -0.78
v 1.0899999880790712 0.6199999999999999 -0.78
v 1.0899999880790712 0.6199999999999999 -0.78
v 1.0899999880790712 0.6199999999999999 -0.78
v 1.0899999880790712 0.6199999999999999 -0.78
v 1.0899999880790712 0.6199999999999999 -0.78
v 1.0899999880790712 0.6199999999999999 -0.78
v 1.0899999880790712 0.6199999999999999 -0.78
v 1.0899999880790712 0.6199999999999999 -0.78
v 1.0899999880790712 0.6199999999999999 -0.78
v 1.0899999880790712 0.6199999999999999 -0.78
v 1.0899999880790712 0.6199999999999999 -0.78
v 1.0899999880790712 0.6199999999999999 -0.5600000011920929
v 1.0899999880790712 0.6879837390780448 -0.570767565369606
v 1.0899999880790712 0.749312753677368 -0.602016254067421
v 1.0899999880790712 0.7979837459325789 -0.6506872463226319
v 1.0899999880790712 0.8292324346303939 -0.7120162609219551
v 1.0899999880790712 0.839999998807907 -0.78
v 1.0899999880790712 0.8292324346303939 -0.8479837390780449
v 1.0899999880790712 0.7979837459325789 -0.9093127536773682
v 1.0899999880790712 0.749312753677368 -0.9579837459325791
v 1.0899999880790712 0.6879837390780448 -0.989232434630394
v 1.0899999880790712 0.6199999999999999 -0.9999999988079071
v 1.0899999880790712 0.552016260921955 -0.989232434630394
v 1.089999988079071 0.4906872463226317 -0.9579837459325791
v 1.089999988079071 0.44201625406742084 -0.9093127536773682
v 1.089999988079071 0.4107675653696059 -0.8479837390780449
v 1.089999988079071 0.4000000011920928 -0.78
v 1.089999988079071 0.4107675653696059 -0.7120162609219551
v 1.089999988079071 0.44201625406742084 -0.6506872463226319
v 1.089999988079071 0.4906872463226317 -0.602016254067421
v 1.0899999880790712 0.552016260921955 -0.570767565369606
v 1.0899999880790712 0.6199999999999999 -0.5600000011920929
vt 0 1
vt 0.05000000074505806 1
vt 0.10000000149011612 1
vt 0.15000000596046448 1
vt 0.20000000298023224 1
vt 0.25 1
vt 0.30000001192092896 1
vt 0.3499999940395355 1
vt 0.4000000059604645 1
vt 0.44999998807907104 1
vt 0.5 1
vt 0.550000011920929 1
vt 0.6000000238418579 1
vt 0.6499999761581421 1
vt 0.699999988079071 1
vt 0.75 1
vt 0.800000011920929 1
vt 0.8500000238418579 1
vt 0.8999999761581421 1
vt 0.949999988079071 1
vt 1 1
vt 0 0
vt 0.05000000074505806 0
vt 0.10000000149011612 0
vt 0.15000000596046448 0
vt 0.20000000298023224 0
vt 0.25 0
vt 0.30000001192092896 0
vt 0.3499999940395355 0
vt 0.4000000059604645 0
vt 0.44999998807907104 0
vt 0.5 0
vt 0.550000011920929 0
vt 0.6000000238418579 0
vt 0.6499999761581421 0
vt 0.699999988079071 0
vt 0.75 0
vt 0.800000011920929 0
vt 0.8500000238418579 0
vt 0.8999999761581421 0
vt 0.949999988079071 0
vt 1 0
vt 0.5 0.5
vt 0.5 0.5
vt 0.5 0.5
vt 0.5 0.5
vt 0.5 0.5
vt 0.5 0.5
vt 0.5 0.5
vt 0.5 0.5
vt 0.5 0.5
vt 0.5 0.5
vt 0.5 0.5
vt 0.5 0.5
vt 0.5 0.5
vt 0.5 0.5
vt 0.5 0.5
vt 0.5 0.5
vt 0.5 0.5
vt 0.5 0.5
vt 0.5 0.5
vt 0.5 0.5
vt 1 0.5
vt 0.9755282402038574 0.6545084714889526
vt 0.9045084714889526 0.7938926219940186
vt 0.7938926219940186 0.9045084714889526
vt 0.6545084714889526 0.9755282402038574
vt 0.5 1
vt 0.345491498708725 0.9755282402038574
vt 0.20610737800598145 0.9045084714889526
vt 0.09549150615930557 0.7938926219940186
vt 0.024471741169691086 0.6545084714889526
vt 0 0.5
vt 0.024471741169691086 0.345491498708725
vt 0.09549150615930557 0.20610737800598145
vt 0.20610737800598145 0.09549150615930557
vt 0.345491498708725 0.024471741169691086
vt 0.5 0
vt 0.6545084714889526 0.024471741169691086
vt 0.7938926219940186 0.09549150615930557
vt 0.9045084714889526 0.20610737800598145
vt 0.9755282402038574 0.345491498708725
vt 1 0.5
vt 0.5 0.5
vt 0.5 0.5
vt 0.5 0.5
vt 0.5 0.5
vt 0.5 0.5
vt 0.5 0.5
vt 0.5 0.5
vt 0.5 0.5
vt 0.5 0.5
vt 0.5 0.5
vt 0.5 0.5
vt 0.5 0.5
vt 0.5 0.5
vt 0.5 0.5
vt 0.5 0.5
vt 0.5 0.5
vt 0.5 0.5
vt 0.5 0.5
vt 0.5 0.5
vt 0.5 0.5
vt 1 0.5
vt 0.9755282402038574 0.345491498708725
vt 0.9045084714889526 0.20610737800598145
vt 0.7938926219940186 0.09549150615930557
vt 0.6545084714889526 0.024471741169691086
vt 0.5 0
vt 0.345491498708725 0.024471741169691086
vt 0.20610737800598145 0.09549150615930557
vt 0.09549150615930557 0.20610737800598145
vt 0.024471741169691086 0.345491498708725
vt 0 0.5
vt 0.024471741169691086 0.6545084714889526
vt 0.09549150615930557 0.7938926219940186
vt 0.20610737800598145 0.9045084714889526
vt 0.345491498708725 0.9755282402038574
vt 0.5 1
vt 0.6545084714889526 0.9755282402038574
vt 0.7938926219940186 0.9045084714889526
vt 0.9045084714889526 0.7938926219940186
vt 0.9755282402038574 0.6545084714889526
vt 1 0.5
vn 0 0 1
vn 6.861555653181067e-17 0.3090169948284817 0.9510565161477913
vn 1.3051454205252937e-16 0.5877852429542022 0.8090170011595983
vn 1.796378604001166e-16 0.8090170011595983 0.5877852429542022
vn 2.1117696838941298e-16 0.9510565161477913 0.3090169948284817
vn 2.220446049250313e-16 1 6.123234262925839e-17
vn 2.1117696838941298e-16 0.9510565161477913 -0.3090169948284817
vn 1.796378604001166e-16 0.8090170011595983 -0.5877852429542022
vn 1.3051454205252937e-16 0.5877852429542022 -0.8090170011595983
vn 6.861555653181067e-17 0.3090169948284817 -0.9510565161477913
vn 2.7192622655495665e-32 1.2246468525851679e-16 -1
vn -6.861555653181067e-17 -0.3090169948284817 -0.9510565161477913
vn -1.3051454205252937e-16 -0.5877852429542022 -0.8090170011595983
vn -1.796378604001166e-16 -0.8090170011595983 -0.5877852429542022
vn -2.1117696838941298e-16 -0.9510565161477913 -0.3090169948284817
vn -2.220446049250313e-16 -1 -1.8369701465288538e-16
vn -2.1117696838941298e-16 -0.9510565161477913 0.3090169948284817
vn -1.796378604001166e-16 -0.8090170011595983 0.5877852429542022
vn -1.3051454205252937e-16 -0.5877852429542022 0.8090170011595983
vn -6.861555653181067e-17 -0.3090169948284817 0.9510565161477913
vn -5.438524531099133e-32 -2.4492937051703357e-16 1
vn 0 0 1
vn 6.861555653181067e-17 0.3090169948284817 0.9510565161477913
vn 1.3051454205252937e-16 0.5877852429542022 0.8090170011595983
vn 1.796378604001166e-16 0.8090170011595983 0.5877852429542022
vn 2.1117696838941298e-16 0.9510565161477913 0.3090169948284817
vn 2.220446049250313e-16 1 6.123234262925839e-17
vn 2.1117696838941298e-16 0.9510565161477913 -0.3090169948284817
vn 1.796378604001166e-16 0.8090170011595983 -0.5877852429542022
vn 1.3051454205252937e-16 0.5877852429542022 -0.8090170011595983
vn 6.861555653181067e-17 0.3090169948284817 -0.9510565161477913
vn 2.7192622655495665e-32 1.2246468525851679e-16 -1
vn -6.861555653181067e-17 -0.3090169948284817 -0.9510565161477913
vn -1.3051454205252937e-16 -0.5877852429542022 -0.8090170011595983
vn -1.796378604001166e-16 -0.8090170011595983 -0.5877852429542022
vn -2.1117696838941298e-16 -0.9510565161477913 -0.3090169948284817
vn -2.220446049250313e-16 -1 -1.8369701465288538e-16
vn -2.1117696838941298e-16 -0.9510565161477913 0.3090169948284817
vn -1.796378604001166e-16 -0.8090170011595983 0.5877852429542022
vn -1.3051454205252937e-16 -0.5877852429542022 0.8090170011595983
vn -6.861555653181067e-17 -0.3090169948284817 0.9510565161477913
vn -5.438524531099133e-32 -2.4492937051703357e-16 1
vn -1 2.220446049250313e-16 0
vn -1 2.220446049250313e-16 0
vn -1 2.220446049250313e-16 0
vn -1 2.220446049250313e-16 0
vn -1 2.220446049250313e-16 0
vn -1 2.220446049250313e-16 0
vn -1 2.220446049250313e-16 0
vn -1 2.220446049250313e-16 0
vn -1 2.220446049250313e-16 0
vn -1 2.220446049250313e-16 0
vn -1 2.220446049250313e-16 0
vn -1 2.220446049250313e-16 0
vn -1 2.220446049250313e-16 0
vn -1 2.220446049250313e-16 0
vn -1 2.220446049250313e-16 0
vn -1 2.220446049250313e-16 0
vn -1 2.220446049250313e-16 0
vn -1 2.220446049250313e-16 0
vn -1 2.220446049250313e-16 0
vn -1 2.220446049250313e-16 0
vn -1 2.220446049250313e-16 0
vn -1 2.220446049250313e-16 0
vn -1 2.220446049250313e-16 0
vn -1 2.220446049250313e-16 0
vn -1 2.220446049250313e-16 0
vn -1 2.220446049250313e-16 0
vn -1 2.220446049250313e-16 0
vn -1 2.220446049250313e-16 0
vn -1 2.220446049250313e-16 0
vn -1 2.220446049250313e-16 0
vn -1 2.220446049250313e-16 0
vn -1 2.220446049250313e-16 0
vn -1 2.220446049250313e-16 0
vn -1 2.220446049250313e-16 0
vn -1 2.220446049250313e-16 0
vn -1 2.220446049250313e-16 0
vn -1 2.220446049250313e-16 0
vn -1 2.220446049250313e-16 0
vn -1 2.220446049250313e-16 0
vn -1 2.220446049250313e-16 0
vn -1 2.220446049250313e-16 0
vn 1 -2.220446049250313e-16 0
vn 1 -2.220446049250313e-16 0
vn 1 -2.220446049250313e-16 0
vn 1 -2.220446049250313e-16 0
vn 1 -2.220446049250313e-16 0
vn 1 -2.220446049250313e-16 0
vn 1 -2.220446049250313e-16 0
vn 1 -2.220446049250313e-16 0
vn 1 -2.220446049250313e-16 0
vn 1 -2.220446049250313e-16 0
vn 1 -2.220446049250313e-16 0
vn 1 -2.220446049250313e-16 0
vn 1 -2.220446049250313e-16 0
vn 1 -2.220446049250313e-16 0
vn 1 -2.220446049250313e-16 0
vn 1 -2.220446049250313e-16 0
vn 1 -2.220446049250313e-16 0
vn 1 -2.220446049250313e-16 0
vn 1 -2.220446049250313e-16 0
vn 1 -2.220446049250313e-16 0
vn 1 -2.220446049250313e-16 0
vn 1 -2.220446049250313e-16 0
vn 1 -2.220446049250313e-16 0
vn 1 -2.220446049250313e-16 0
vn 1 -2.220446049250313e-16 0
vn 1 -2.220446049250313e-16 0
vn 1 -2.220446049250313e-16 0
vn 1 -2.220446049250313e-16 0
vn 1 -2.220446049250313e-16 0
vn 1 -2.220446049250313e-16 0
vn 1 -2.220446049250313e-16 0
vn 1 -2.220446049250313e-16 0
vn 1 -2.220446049250313e-16 0
vn 1 -2.220446049250313e-16 0
vn 1 -2.220446049250313e-16 0
vn 1 -2.220446049250313e-16 0
vn 1 -2.220446049250313e-16 0
vn 1 -2.220446049250313e-16 0
vn 1 -2.220446049250313e-16 0
vn 1 -2.220446049250313e-16 0
vn 1 -2.220446049250313e-16 0
f 269/269/269 290/290/290 270/270/270
f 290/290/290 291/291/291 270/270/270
f 270/270/270 291/291/291 271/271/271
f 291/291/291 292/292/292 271/271/271
f 271/271/271 292/292/292 272/272/272
f 292/292/292 293/293/293 272/272/272
f 272/272/272 293/293/293 273/273/273
f 293/293/293 294/294/294 273/273/273
f 273/273/273 294/294/294 274/274/274
f 294/294/294 295/295/295 274/274/274
f 274/274/274 295/295/295 275/275/275
f 295/295/295 296/296/296 275/275/275
f 275/275/275 296/296/296 276/276/276
f 296/296/296 297/297/297 276/276/276
f 276/276/276 297/297/297 277/277/277
f 297/297/297 298/298/298 277/277/277
f 277/277/277 298/298/298 278/278/278
f 298/298/298 299/299/299 278/278/278
f 278/278/278 299/299/299 279/279/279
f 299/299/299 300/300/300 279/279/279
f 279/279/279 300/300/300 280/280/280
f 300/300/300 301/301/301 280/280/280
f 280/280/280 301/301/301 281/281/281
f 301/301/301 302/302/302 281/281/281
f 281/281/281 302/302/302 282/282/282
f 302/302/302 303/303/303 282/282/282
f 282/282/282 303/303/303 283/283/283
f 303/303/303 304/304/304 283/283/283
f 283/283/283 304/304/304 284/284/284
f 304/304/304 305/305/305 284/284/284
f 284/284/284 305/305/305 285/285/285
f 305/305/305 306/306/306 285/285/285
f 285/285/285 306/306/306 286/286/286
f 306/306/306 307/307/307 286/286/286
f 286/286/286 307/307/307 287/287/287
f 307/307/307 308/308/308 287/287/287
f 287/287/287 308/308/308 288/288/288
f 308/308/308 309/309/309 288/288/288
f 288/288/288 309/309/309 289/289/289
f 309/309/309 310/310/310 289/289/289
f 331/331/331 332/332/332 311/311/311
f 332/332/332 333/333/333 312/312/312
f 333/333/333 334/334/334 313/313/313
f 334/334/334 335/335/335 314/314/314
f 335/335/335 336/336/336 315/315/315
f 336/336/336 337/337/337 316/316/316
f 337/337/337 338/338/338 317/317/317
f 338/338/338 339/339/339 318/318/318
f 339/339/339 340/340/340 319/319/319
f 340/340/340 341/341/341 320/320/320
f 341/341/341 342/342/342 321/321/321
f 342/342/342 343/343/343 322/322/322
f 343/343/343 344/344/344 323/323/323
f 344/344/344 345/345/345 324/324/324
f 345/345/345 346/346/346 325/325/325
f 346/346/346 347/347/347 326/326/326
f 347/347/347 348/348/348 327/327/327
f 348/348/348 349/349/349 328/328/328
f 349/349/349 350/350/350 329/329/329
f 350/350/350 351/351/351 330/330/330
f 373/373/373 372/372/372 352/352/352
f 374/374/374 373/373/373 353/353/353
f 375/375/375 374/374/374 354/354/354
f 376/376/376 375/375/375 355/355/355
f 377/377/377 376/376/376 356/356/356
f 378/378/378 377/377/377 357/357/357
f 379/379/379 378/378/378 358/358/358
f 380/380/380 379/379/379 359/359/359
f 381/381/381 380/380/380 360/360/360
f 382/382/382 381/381/381 361/361/361
f 383/383/383 382/382/382 362/362/362
f 384/384/384 383/383/383 363/363/363
f 385/385/385 384/384/384 364/364/364
f 386/386/386 385/385/385 365/365/365
f 387/387/387 386/386/386 366/366/366
f 388/388/388 387/387/387 367/367/367
f 389/389/389 388/388/388 368/368/368
f 390/390/390 389/389/389 369/369/369
f 391/391/391 390/390/390 370/370/370
f 392/392/392 391/391/391 371/371/371
o axle_front
usemtl ink
v 3.09 0.3700000017881395 0.8100000023841858
v 3.12999999910593 0.3807179674506189 0.8100000023841858
v 3.159282032549381 0.41000000089406985 0.8100000023841858
v 3.1699999982118605 0.4500000000000002 0.8100000023841858
v 3.159282032549381 0.4899999991059305 0.8100000023841858
v 3.12999999910593 0.5192820325493814 0.8100000023841858
v 3.09 0.5299999982118608 0.8100000023841858
v 3.0500000008940695 0.5192820325493814 0.8100000023841858
v 3.0207179674506186 0.4899999991059305 0.8100000023841858
v 3.010000001788139 0.45000000000000023 0.8100000023841858
v 3.0207179674506186 0.41000000089406985 0.8100000023841858
v 3.0500000008940695 0.3807179674506189 0.8100000023841858
v 3.09 0.3700000017881395 0.8100000023841858
v 3.09 0.3700000017881392 -0.8100000023841858
v 3.12999999910593 0.3807179674506186 -0.8100000023841858
v 3.159282032549381 0.4100000008940695 -0.8100000023841858
v 3.1699999982118605 0.44999999999999984 -0.8100000023841858
v 3.159282032549381 0.4899999991059302 -0.8100000023841858
v 3.12999999910593 0.5192820325493811 -0.8100000023841858
v 3.09 0.5299999982118605 -0.8100000023841858
v 3.0500000008940695 0.5192820325493811 -0.8100000023841858
v 3.0207179674506186 0.4899999991059302 -0.8100000023841858
v 3.010000001788139 0.44999999999999984 -0.8100000023841858
v 3.0207179674506186 0.4100000008940695 -0.8100000023841858
v 3.0500000008940695 0.3807179674506186 -0.8100000023841858
v 3.09 0.3700000017881392 -0.8100000023841858
v 3.09 0.4500000000000002 0.8100000023841858
v 3.09 0.4500000000000002 0.8100000023841858
v 3.09 0.4500000000000002 0.8100000023841858
v 3.09 0.4500000000000002 0.8100000023841858
v 3.09 0.4500000000000002 0.8100000023841858
v 3.09 0.4500000000000002 0.8100000023841858
v 3.09 0.4500000000000002 0.8100000023841858
v 3.09 0.4500000000000002 0.8100000023841858
v 3.09 0.4500000000000002 0.8100000023841858
v 3.09 0.4500000000000002 0.8100000023841858
v 3.09 0.4500000000000002 0.8100000023841858
v 3.09 0.4500000000000002 0.8100000023841858
v 3.09 0.3700000017881395 0.8100000023841858
v 3.12999999910593 0.3807179674506189 0.8100000023841858
v 3.159282032549381 0.41000000089406985 0.8100000023841858
v 3.1699999982118605 0.4500000000000002 0.8100000023841858
v 3.159282032549381 0.4899999991059305 0.8100000023841858
v 3.12999999910593 0.5192820325493814 0.8100000023841858
v 3.09 0.5299999982118608 0.8100000023841858
v 3.0500000008940695 0.5192820325493814 0.8100000023841858
v 3.0207179674506186 0.4899999991059305 0.8100000023841858
v 3.010000001788139 0.45000000000000023 0.8100000023841858
v 3.0207179674506186 0.41000000089406985 0.8100000023841858
v 3.0500000008940695 0.3807179674506189 0.8100000023841858
v 3.09 0.3700000017881395 0.8100000023841858
v 3.09 0.44999999999999984 -0.8100000023841858
v 3.09 0.44999999999999984 -0.8100000023841858
v 3.09 0.44999999999999984 -0.8100000023841858
v 3.09 0.44999999999999984 -0.8100000023841858
v 3.09 0.44999999999999984 -0.8100000023841858
v 3.09 0.44999999999999984 -0.8100000023841858
v 3.09 0.44999999999999984 -0.8100000023841858
v 3.09 0.44999999999999984 -0.8100000023841858
v 3.09 0.44999999999999984 -0.8100000023841858
v 3.09 0.44999999999999984 -0.8100000023841858
v 3.09 0.44999999999999984 -0.8100000023841858
v 3.09 0.44999999999999984 -0.8100000023841858
v 3.09 0.3700000017881392 -0.8100000023841858
v 3.12999999910593 0.3807179674506186 -0.8100000023841858
v 3.159282032549381 0.4100000008940695 -0.8100000023841858
v 3.1699999982118605 0.44999999999999984 -0.8100000023841858
v 3.159282032549381 0.4899999991059302 -0.8100000023841858
v 3.12999999910593 0.5192820325493811 -0.8100000023841858
v 3.09 0.5299999982118605 -0.8100000023841858
v 3.0500000008940695 0.5192820325493811 -0.8100000023841858
v 3.0207179674506186 0.4899999991059302 -0.8100000023841858
v 3.010000001788139 0.44999999999999984 -0.8100000023841858
v 3.0207179674506186 0.4100000008940695 -0.8100000023841858
v 3.0500000008940695 0.3807179674506186 -0.8100000023841858
v 3.09 0.3700000017881392 -0.8100000023841858
vt 0 1
vt 0.0833333358168602 1
vt 0.1666666716337204 1
vt 0.25 1
vt 0.3333333432674408 1
vt 0.4166666567325592 1
vt 0.5 1
vt 0.5833333134651184 1
vt 0.6666666865348816 1
vt 0.75 1
vt 0.8333333134651184 1
vt 0.9166666865348816 1
vt 1 1
vt 0 0
vt 0.0833333358168602 0
vt 0.1666666716337204 0
vt 0.25 0
vt 0.3333333432674408 0
vt 0.4166666567325592 0
vt 0.5 0
vt 0.5833333134651184 0
vt 0.6666666865348816 0
vt 0.75 0
vt 0.8333333134651184 0
vt 0.9166666865348816 0
vt 1 0
vt 0.5 0.5
vt 0.5 0.5
vt 0.5 0.5
vt 0.5 0.5
vt 0.5 0.5
vt 0.5 0.5
vt 0.5 0.5
vt 0.5 0.5
vt 0.5 0.5
vt 0.5 0.5
vt 0.5 0.5
vt 0.5 0.5
vt 1 0.5
vt 0.9330127239227295 0.75
vt 0.75 0.9330127239227295
vt 0.5 1
vt 0.25 0.9330127239227295
vt 0.0669872984290123 0.75
vt 0 0.5
vt 0.0669872984290123 0.25
vt 0.25 0.0669872984290123
vt 0.5 0
vt 0.75 0.0669872984290123
vt 0.9330127239227295 0.25
vt 1 0.5
vt 0.5 0.5
vt 0.5 0.5
vt 0.5 0.5
vt 0.5 0.5
vt 0.5 0.5
vt 0.5 0.5
vt 0.5 0.5
vt 0.5 0.5
vt 0.5 0.5
vt 0.5 0.5
vt 0.5 0.5
vt 0.5 0.5
vt 1 0.5
vt 0.9330127239227295 0.25
vt 0.75 0.0669872984290123
vt 0.5 0
vt 0.25 0.0669872984290123
vt 0.0669872984290123 0.25
vt 0 0.5
vt 0.0669872984290123 0.75
vt 0.25 0.9330127239227295
vt 0.5 1
vt 0.75 0.9330127239227295
vt 0.9330127239227295 0.75
vt 1 0.5
vn 0 -1 2.220446049250313e-16
vn 0.5000000067305869 -0.8660253998985324 1.9229626777551189e-16
vn 0.8660253998985324 -0.5000000067305869 1.1102230395700616e-16
vn 1 -6.123234262925839e-17 1.3596311327747833e-32
vn 0.8660253998985324 0.5000000067305869 -1.1102230395700616e-16
vn 0.5000000067305869 0.8660253998985324 -1.9229626777551189e-16
vn 1.2246468525851679e-16 1 -2.220446049250313e-16
vn -0.5000000067305869 0.8660253998985324 -1.9229626777551189e-16
vn -0.8660253998985324 0.5000000067305869 -1.1102230395700616e-16
vn -1 1.8369701465288538e-16 -4.078893104450762e-32
vn -0.8660253998985324 -0.5000000067305869 1.1102230395700616e-16
vn -0.5000000067305869 -0.8660253998985324 1.9229626777551189e-16
vn -2.4492937051703357e-16 -1 2.220446049250313e-16
vn 0 -1 2.220446049250313e-16
vn 0.5000000067305869 -0.8660253998985324 1.9229626777551189e-16
vn 0.8660253998985324 -0.5000000067305869 1.1102230395700616e-16
vn 1 -6.123234262925839e-17 1.3596311327747833e-32
vn 0.8660253998985324 0.5000000067305869 -1.1102230395700616e-16
vn 0.5000000067305869 0.8660253998985324 -1.9229626777551189e-16
vn 1.2246468525851679e-16 1 -2.220446049250313e-16
vn -0.5000000067305869 0.8660253998985324 -1.9229626777551189e-16
vn -0.8660253998985324 0.5000000067305869 -1.1102230395700616e-16
vn -1 1.8369701465288538e-16 -4.078893104450762e-32
vn -0.8660253998985324 -0.5000000067305869 1.1102230395700616e-16
vn -0.5000000067305869 -0.8660253998985324 1.9229626777551189e-16
vn -2.4492937051703357e-16 -1 2.220446049250313e-16
vn 0 2.220446049250313e-16 1
vn 0 2.220446049250313e-16 1
vn 0 2.220446049250313e-16 1
vn 0 2.220446049250313e-16 1
vn 0 2.220446049250313e-16 1
vn 0 2.220446049250313e-16 1
vn 0 2.220446049250313e-16 1
vn 0 2.220446049250313e-16 1
vn 0 2.220446049250313e-16 1
vn 0 2.220446049250313e-16 1
vn 0 2.220446049250313e-16 1
vn 0 2.220446049250313e-16 1
vn 0 2.220446049250313e-16 1
vn 0 2.220446049250313e-16 1
vn 0 2.220446049250313e-16 1
vn 0 2.220446049250313e-16 1
vn 0 2.220446049250313e-16 1
vn 0 2.220446049250313e-16 1
vn 0 2.220446049250313e-16 1
vn 0 2.220446049250313e-16 1
vn 0 2.220446049250313e-16 1
vn 0 2.220446049250313e-16 1
vn 0 2.220446049250313e-16 1
vn 0 2.220446049250313e-16 1
vn 0 2.220446049250313e-16 1
vn 0 -2.220446049250313e-16 -1
vn 0 -2.220446049250313e-16 -1
vn 0 -2.220446049250313e-16 -1
vn 0 -2.220446049250313e-16 -1
vn 0 -2.220446049250313e-16 -1
vn 0 -2.220446049250313e-16 -1
vn 0 -2.220446049250313e-16 -1
vn 0 -2.220446049250313e-16 -1
vn 0 -2.220446049250313e-16 -1
vn 0 -2.220446049250313e-16 -1
vn 0 -2.220446049250313e-16 -1
vn 0 -2.220446049250313e-16 -1
vn 0 -2.220446049250313e-16 -1
vn 0 -2.220446049250313e-16 -1
vn 0 -2.220446049250313e-16 -1
vn 0 -2.220446049250313e-16 -1
vn 0 -2.220446049250313e-16 -1
vn 0 -2.220446049250313e-16 -1
vn 0 -2.220446049250313e-16 -1
vn 0 -2.220446049250313e-16 -1
vn 0 -2.220446049250313e-16 -1
vn 0 -2.220446049250313e-16 -1
vn 0 -2.220446049250313e-16 -1
vn 0 -2.220446049250313e-16 -1
vn 0 -2.220446049250313e-16 -1
f 393/393/393 406/406/406 394/394/394
f 406/406/406 407/407/407 394/394/394
f 394/394/394 407/407/407 395/395/395
f 407/407/407 408/408/408 395/395/395
f 395/395/395 408/408/408 396/396/396
f 408/408/408 409/409/409 396/396/396
f 396/396/396 409/409/409 397/397/397
f 409/409/409 410/410/410 397/397/397
f 397/397/397 410/410/410 398/398/398
f 410/410/410 411/411/411 398/398/398
f 398/398/398 411/411/411 399/399/399
f 411/411/411 412/412/412 399/399/399
f 399/399/399 412/412/412 400/400/400
f 412/412/412 413/413/413 400/400/400
f 400/400/400 413/413/413 401/401/401
f 413/413/413 414/414/414 401/401/401
f 401/401/401 414/414/414 402/402/402
f 414/414/414 415/415/415 402/402/402
f 402/402/402 415/415/415 403/403/403
f 415/415/415 416/416/416 403/403/403
f 403/403/403 416/416/416 404/404/404
f 416/416/416 417/417/417 404/404/404
f 404/404/404 417/417/417 405/405/405
f 417/417/417 418/418/418 405/405/405
f 431/431/431 432/432/432 419/419/419
f 432/432/432 433/433/433 420/420/420
f 433/433/433 434/434/434 421/421/421
f 434/434/434 435/435/435 422/422/422
f 435/435/435 436/436/436 423/423/423
f 436/436/436 437/437/437 424/424/424
f 437/437/437 438/438/438 425/425/425
f 438/438/438 439/439/439 426/426/426
f 439/439/439 440/440/440 427/427/427
f 440/440/440 441/441/441 428/428/428
f 441/441/441 442/442/442 429/429/429
f 442/442/442 443/443/443 430/430/430
f 457/457/457 456/456/456 444/444/444
f 458/458/458 457/457/457 445/445/445
f 459/459/459 458/458/458 446/446/446
f 460/460/460 459/459/459 447/447/447
f 461/461/461 460/460/460 448/448/448
f 462/462/462 461/461/461 449/449/449
f 463/463/463 462/462/462 450/450/450
f 464/464/464 463/463/463 451/451/451
f 465/465/465 464/464/464 452/452/452
f 466/466/466 465/465/465 453/453/453
f 467/467/467 466/466/466 454/454/454
f 468/468/468 467/467/467 455/455/455
o axle_rear
usemtl ink
v -0.6099999999999999 0.3599999964237215 0.8100000023841858
v -0.5649999982118605 0.37205771058797854 0.8100000023841858
v -0.5320577105879782 0.40499999821186083 0.8100000023841858
v -0.5199999964237212 0.4500000000000002 0.8100000023841858
v -0.5320577105879782 0.4950000017881395 0.8100000023841858
v -0.5649999982118605 0.5279422894120218 0.8100000023841858
v -0.6099999999999999 0.5400000035762789 0.8100000023841858
v -0.6550000017881392 0.5279422894120218 0.8100000023841858
v -0.6879422894120215 0.4950000017881395 0.8100000023841858
v -0.7000000035762786 0.45000000000000023 0.8100000023841858
v -0.6879422894120215 0.40499999821186083 0.8100000023841858
v -0.6550000017881392 0.37205771058797854 0.8100000023841858
v -0.6099999999999999 0.3599999964237215 0.8100000023841858
v -0.6099999999999999 0.35999999642372116 -0.8100000023841858
v -0.5649999982118605 0.3720577105879782 -0.8100000023841858
v -0.5320577105879782 0.4049999982118605 -0.8100000023841858
v -0.5199999964237212 0.44999999999999984 -0.8100000023841858
v -0.5320577105879782 0.4950000017881392 -0.8100000023841858
v -0.5649999982118605 0.5279422894120215 -0.8100000023841858
v -0.6099999999999999 0.5400000035762785 -0.8100000023841858
v -0.6550000017881392 0.5279422894120215 -0.8100000023841858
v -0.6879422894120215 0.4950000017881392 -0.8100000023841858
v -0.7000000035762786 0.44999999999999984 -0.8100000023841858
v -0.6879422894120215 0.4049999982118605 -0.8100000023841858
v -0.6550000017881392 0.3720577105879782 -0.8100000023841858
v -0.6099999999999999 0.35999999642372116 -0.8100000023841858
v -0.6099999999999999 0.4500000000000002 0.8100000023841858
v -0.6099999999999999 0.4500000000000002 0.8100000023841858
v -0.6099999999999999 0.4500000000000002 0.8100000023841858
v -0.6099999999999999 0.4500000000000002 0.8100000023841858
v -0.6099999999999999 0.4500000000000002 0.8100000023841858
v -0.6099999999999999 0.4500000000000002 0.8100000023841858
v -0.6099999999999999 0.4500000000000002 0.8100000023841858
v -0.6099999999999999 0.4500000000000002 0.8100000023841858
v -0.6099999999999999 0.4500000000000002 0.8100000023841858
v -0.6099999999999999 0.4500000000000002 0.8100000023841858
v -0.6099999999999999 0.4500000000000002 0.8100000023841858
v -0.6099999999999999 0.4500000000000002 0.8100000023841858
v -0.6099999999999999 0.3599999964237215 0.8100000023841858
v -0.5649999982118605 0.37205771058797854 0.8100000023841858
v -0.5320577105879782 0.40499999821186083 0.8100000023841858
v -0.5199999964237212 0.4500000000000002 0.8100000023841858
v -0.5320577105879782 0.4950000017881395 0.8100000023841858
v -0.5649999982118605 0.5279422894120218 0.8100000023841858
v -0.6099999999999999 0.5400000035762789 0.8100000023841858
v -0.6550000017881392 0.5279422894120218 0.8100000023841858
v -0.6879422894120215 0.4950000017881395 0.8100000023841858
v -0.7000000035762786 0.45000000000000023 0.8100000023841858
v -0.6879422894120215 0.40499999821186083 0.8100000023841858
v -0.6550000017881392 0.37205771058797854 0.8100000023841858
v -0.6099999999999999 0.3599999964237215 0.8100000023841858
v -0.6099999999999999 0.44999999999999984 -0.8100000023841858
v -0.6099999999999999 0.44999999999999984 -0.8100000023841858
v -0.6099999999999999 0.44999999999999984 -0.8100000023841858
v -0.6099999999999999 0.44999999999999984 -0.8100000023841858
v -0.6099999999999999 0.44999999999999984 -0.8100000023841858
v -0.6099999999999999 0.44999999999999984 -0.8100000023841858
v -0.6099999999999999 0.44999999999999984 -0.8100000023841858
v -0.6099999999999999 0.44999999999999984 -0.8100000023841858
v -0.6099999999999999 0.44999999999999984 -0.8100000023841858
v -0.6099999999999999 0.44999999999999984 -0.8100000023841858
v -0.6099999999999999 0.44999999999999984 -0.8100000023841858
v -0.6099999999999999 0.44999999999999984 -0.8100000023841858
v -0.6099999999999999 0.35999999642372116 -0.8100000023841858
v -0.5649999982118605 0.3720577105879782 -0.8100000023841858
v -0.5320577105879782 0.4049999982118605 -0.8100000023841858
v -0.5199999964237212 0.44999999999999984 -0.8100000023841858
v -0.5320577105879782 0.4950000017881392 -0.8100000023841858
v -0.5649999982118605 0.5279422894120215 -0.8100000023841858
v -0.6099999999999999 0.5400000035762785 -0.8100000023841858
v -0.6550000017881392 0.5279422894120215 -0.8100000023841858
v -0.6879422894120215 0.4950000017881392 -0.8100000023841858
v -0.7000000035762786 0.44999999999999984 -0.8100000023841858
v -0.6879422894120215 0.4049999982118605 -0.8100000023841858
v -0.6550000017881392 0.3720577105879782 -0.8100000023841858
v -0.6099999999999999 0.35999999642372116 -0.8100000023841858
vt 0 1
vt 0.0833333358168602 1
vt 0.1666666716337204 1
vt 0.25 1
vt 0.3333333432674408 1
vt 0.4166666567325592 1
vt 0.5 1
vt 0.5833333134651184 1
vt 0.6666666865348816 1
vt 0.75 1
vt 0.8333333134651184 1
vt 0.9166666865348816 1
vt 1 1
vt 0 0
vt 0.0833333358168602 0
vt 0.1666666716337204 0
vt 0.25 0
vt 0.3333333432674408 0
vt 0.4166666567325592 0
vt 0.5 0
vt 0.5833333134651184 0
vt 0.6666666865348816 0
vt 0.75 0
vt 0.8333333134651184 0
vt 0.9166666865348816 0
vt 1 0
vt 0.5 0.5
vt 0.5 0.5
vt 0.5 0.5
vt 0.5 0.5
vt 0.5 0.5
vt 0.5 0.5
vt 0.5 0.5
vt 0.5 0.5
vt 0.5 0.5
vt 0.5 0.5
vt 0.5 0.5
vt 0.5 0.5
vt 1 0.5
vt 0.9330127239227295 0.75
vt 0.75 0.9330127239227295
vt 0.5 1
vt 0.25 0.9330127239227295
vt 0.0669872984290123 0.75
vt 0 0.5
vt 0.0669872984290123 0.25
vt 0.25 0.0669872984290123
vt 0.5 0
vt 0.75 0.0669872984290123
vt 0.9330127239227295 0.25
vt 1 0.5
vt 0.5 0.5
vt 0.5 0.5
vt 0.5 0.5
vt 0.5 0.5
vt 0.5 0.5
vt 0.5 0.5
vt 0.5 0.5
vt 0.5 0.5
vt 0.5 0.5
vt 0.5 0.5
vt 0.5 0.5
vt 0.5 0.5
vt 1 0.5
vt 0.9330127239227295 0.25
vt 0.75 0.0669872984290123
vt 0.5 0
vt 0.25 0.0669872984290123
vt 0.0669872984290123 0.25
vt 0 0.5
vt 0.0669872984290123 0.75
vt 0.25 0.9330127239227295
vt 0.5 1
vt 0.75 0.9330127239227295
vt 0.9330127239227295 0.75
vt 1 0.5
vn 0 -1 2.220446049250313e-16
vn 0.5000000067305869 -0.8660253998985324 1.9229626777551189e-16
vn 0.8660253998985324 -0.5000000067305869 1.1102230395700616e-16
vn 1 -6.123234262925839e-17 1.3596311327747833e-32
vn 0.8660253998985324 0.5000000067305869 -1.1102230395700616e-16
vn 0.5000000067305869 0.8660253998985324 -1.9229626777551189e-16
vn 1.2246468525851679e-16 1 -2.220446049250313e-16
vn -0.5000000067305869 0.8660253998985324 -1.9229626777551189e-16
vn -0.8660253998985324 0.5000000067305869 -1.1102230395700616e-16
vn -1 1.8369701465288538e-16 -4.078893104450762e-32
vn -0.8660253998985324 -0.5000000067305869 1.1102230395700616e-16
vn -0.5000000067305869 -0.8660253998985324 1.9229626777551189e-16
vn -2.4492937051703357e-16 -1 2.220446049250313e-16
vn 0 -1 2.220446049250313e-16
vn 0.5000000067305869 -0.8660253998985324 1.9229626777551189e-16
vn 0.8660253998985324 -0.5000000067305869 1.1102230395700616e-16
vn 1 -6.123234262925839e-17 1.3596311327747833e-32
vn 0.8660253998985324 0.5000000067305869 -1.1102230395700616e-16
vn 0.5000000067305869 0.8660253998985324 -1.9229626777551189e-16
vn 1.2246468525851679e-16 1 -2.220446049250313e-16
vn -0.5000000067305869 0.8660253998985324 -1.9229626777551189e-16
vn -0.8660253998985324 0.5000000067305869 -1.1102230395700616e-16
vn -1 1.8369701465288538e-16 -4.078893104450762e-32
vn -0.8660253998985324 -0.5000000067305869 1.1102230395700616e-16
vn -0.5000000067305869 -0.8660253998985324 1.9229626777551189e-16
vn -2.4492937051703357e-16 -1 2.220446049250313e-16
vn 0 2.220446049250313e-16 1
vn 0 2.220446049250313e-16 1
vn 0 2.220446049250313e-16 1
vn 0 2.220446049250313e-16 1
vn 0 2.220446049250313e-16 1
vn 0 2.220446049250313e-16 1
vn 0 2.220446049250313e-16 1
vn 0 2.220446049250313e-16 1
vn 0 2.220446049250313e-16 1
vn 0 2.220446049250313e-16 1
vn 0 2.220446049250313e-16 1
vn 0 2.220446049250313e-16 1
vn 0 2.220446049250313e-16 1
vn 0 2.220446049250313e-16 1
vn 0 2.220446049250313e-16 1
vn 0 2.220446049250313e-16 1
vn 0 2.220446049250313e-16 1
vn 0 2.220446049250313e-16 1
vn 0 2.220446049250313e-16 1
vn 0 2.220446049250313e-16 1
vn 0 2.220446049250313e-16 1
vn 0 2.220446049250313e-16 1
vn 0 2.220446049250313e-16 1
vn 0 2.220446049250313e-16 1
vn 0 2.220446049250313e-16 1
vn 0 -2.220446049250313e-16 -1
vn 0 -2.220446049250313e-16 -1
vn 0 -2.220446049250313e-16 -1
vn 0 -2.220446049250313e-16 -1
vn 0 -2.220446049250313e-16 -1
vn 0 -2.220446049250313e-16 -1
vn 0 -2.220446049250313e-16 -1
vn 0 -2.220446049250313e-16 -1
vn 0 -2.220446049250313e-16 -1
vn 0 -2.220446049250313e-16 -1
vn 0 -2.220446049250313e-16 -1
vn 0 -2.220446049250313e-16 -1
vn 0 -2.220446049250313e-16 -1
vn 0 -2.220446049250313e-16 -1
vn 0 -2.220446049250313e-16 -1
vn 0 -2.220446049250313e-16 -1
vn 0 -2.220446049250313e-16 -1
vn 0 -2.220446049250313e-16 -1
vn 0 -2.220446049250313e-16 -1
vn 0 -2.220446049250313e-16 -1
vn 0 -2.220446049250313e-16 -1
vn 0 -2.220446049250313e-16 -1
vn 0 -2.220446049250313e-16 -1
vn 0 -2.220446049250313e-16 -1
vn 0 -2.220446049250313e-16 -1
f 469/469/469 482/482/482 470/470/470
f 482/482/482 483/483/483 470/470/470
f 470/470/470 483/483/483 471/471/471
f 483/483/483 484/484/484 471/471/471
f 471/471/471 484/484/484 472/472/472
f 484/484/484 485/485/485 472/472/472
f 472/472/472 485/485/485 473/473/473
f 485/485/485 486/486/486 473/473/473
f 473/473/473 486/486/486 474/474/474
f 486/486/486 487/487/487 474/474/474
f 474/474/474 487/487/487 475/475/475
f 487/487/487 488/488/488 475/475/475
f 475/475/475 488/488/488 476/476/476
f 488/488/488 489/489/489 476/476/476
f 476/476/476 489/489/489 477/477/477
f 489/489/489 490/490/490 477/477/477
f 477/477/477 490/490/490 478/478/478
f 490/490/490 491/491/491 478/478/478
f 478/478/478 491/491/491 479/479/479
f 491/491/491 492/492/492 479/479/479
f 479/479/479 492/492/492 480/480/480
f 492/492/492 493/493/493 480/480/480
f 480/480/480 493/493/493 481/481/481
f 493/493/493 494/494/494 481/481/481
f 507/507/507 508/508/508 495/495/495
f 508/508/508 509/509/509 496/496/496
f 509/509/509 510/510/510 497/497/497
f 510/510/510 511/511/511 498/498/498
f 511/511/511 512/512/512 499/499/499
f 512/512/512 513/513/513 500/500/500
f 513/513/513 514/514/514 501/501/501
f 514/514/514 515/515/515 502/502/502
f 515/515/515 516/516/516 503/503/503
f 516/516/516 517/517/517 504/504/504
f 517/517/517 518/518/518 505/505/505
f 518/518/518 519/519/519 506/506/506
f 533/533/533 532/532/532 520/520/520
f 534/534/534 533/533/533 521/521/521
f 535/535/535 534/534/534 522/522/522
f 536/536/536 535/535/535 523/523/523
f 537/537/537 536/536/536 524/524/524
f 538/538/538 537/537/537 525/525/525
f 539/539/539 538/538/538 526/526/526
f 540/540/540 539/539/539 527/527/527
f 541/541/541 540/540/540 528/528/528
f 542/542/542 541/541/541 529/529/529
f 543/543/543 542/542/542 530/530/530
f 544/544/544 543/543/543 531/531/531
o diff_housing
usemtl body_dark
v -0.4599999940395354 0.5900000005960464 0.15000000596046448
v -0.4599999940395354 0.5900000005960464 -0.15000000596046448
v -0.4599999940395354 0.30999999940395356 0.15000000596046448
v -0.4599999940395354 0.30999999940395356 -0.15000000596046448
v -0.7600000059604644 0.5900000005960464 -0.15000000596046448
v -0.7600000059604644 0.5900000005960464 0.15000000596046448
v -0.7600000059604644 0.30999999940395356 -0.15000000596046448
v -0.7600000059604644 0.30999999940395356 0.15000000596046448
v -0.7600000059604644 0.5900000005960464 -0.15000000596046448
v -0.4599999940395354 0.5900000005960464 -0.15000000596046448
v -0.7600000059604644 0.5900000005960464 0.15000000596046448
v -0.4599999940395354 0.5900000005960464 0.15000000596046448
v -0.7600000059604644 0.30999999940395356 0.15000000596046448
v -0.4599999940395354 0.30999999940395356 0.15000000596046448
v -0.7600000059604644 0.30999999940395356 -0.15000000596046448
v -0.4599999940395354 0.30999999940395356 -0.15000000596046448
v -0.7600000059604644 0.5900000005960464 0.15000000596046448
v -0.4599999940395354 0.5900000005960464 0.15000000596046448
v -0.7600000059604644 0.30999999940395356 0.15000000596046448
v -0.4599999940395354 0.30999999940395356 0.15000000596046448
v -0.4599999940395354 0.5900000005960464 -0.15000000596046448
v -0.7600000059604644 0.5900000005960464 -0.15000000596046448
v -0.4599999940395354 0.30999999940395356 -0.15000000596046448
v -0.7600000059604644 0.30999999940395356 -0.15000000596046448
vt 0 1
vt 1 1
vt 0 0
vt 1 0
vt 0 1
vt 1 1
vt 0 0
vt 1 0
vt 0 1
vt 1 1
vt 0 0
vt 1 0
vt 0 1
vt 1 1
vt 0 0
vt 1 0
vt 0 1
vt 1 1
vt 0 0
vt 1 0
vt 0 1
vt 1 1
vt 0 0
vt 1 0
vn 1 0 0
vn 1 0 0
vn 1 0 0
vn 1 0 0
vn -1 0 0
vn -1 0 0
vn -1 0 0
vn -1 0 0
vn 0 1 0
vn 0 1 0
vn 0 1 0
vn 0 1 0
vn 0 -1 0
vn 0 -1 0
vn 0 -1 0
vn 0 -1 0
vn 0 0 1
vn 0 0 1
vn 0 0 1
vn 0 0 1
vn 0 0 -1
vn 0 0 -1
vn 0 0 -1
vn 0 0 -1
f 545/545/545 547/547/547 546/546/546
f 547/547/547 548/548/548 546/546/546
f 549/549/549 551/551/551 550/550/550
f 551/551/551 552/552/552 550/550/550
f 553/553/553 555/555/555 554/554/554
f 555/555/555 556/556/556 554/554/554
f 557/557/557 559/559/559 558/558/558
f 559/559/559 560/560/560 558/558/558
f 561/561/561 563/563/563 562/562/562
f 563/563/563 564/564/564 562/562/562
f 565/565/565 567/567/567 566/566/566
f 567/567/567 568/568/568 566/566/566
o hitch_receiver
usemtl ink
v -2.2300000047683715 0.5900000002980232 0.10000000149011612
v -2.2300000047683715 0.5900000002980232 -0.10000000149011612
v -2.2300000047683715 0.4499999997019768 0.10000000149011612
v -2.2300000047683715 0.4499999997019768 -0.10000000149011612
v -2.4899999952316283 0.5900000002980232 -0.10000000149011612
v -2.4899999952316283 0.5900000002980232 0.10000000149011612
v -2.4899999952316283 0.4499999997019768 -0.10000000149011612
v -2.4899999952316283 0.4499999997019768 0.10000000149011612
v -2.4899999952316283 0.5900000002980232 -0.10000000149011612
v -2.2300000047683715 0.5900000002980232 -0.10000000149011612
v -2.4899999952316283 0.5900000002980232 0.10000000149011612
v -2.2300000047683715 0.5900000002980232 0.10000000149011612
v -2.4899999952316283 0.4499999997019768 0.10000000149011612
v -2.2300000047683715 0.4499999997019768 0.10000000149011612
v -2.4899999952316283 0.4499999997019768 -0.10000000149011612
v -2.2300000047683715 0.4499999997019768 -0.10000000149011612
v -2.4899999952316283 0.5900000002980232 0.10000000149011612
v -2.2300000047683715 0.5900000002980232 0.10000000149011612
v -2.4899999952316283 0.4499999997019768 0.10000000149011612
v -2.2300000047683715 0.4499999997019768 0.10000000149011612
v -2.2300000047683715 0.5900000002980232 -0.10000000149011612
v -2.4899999952316283 0.5900000002980232 -0.10000000149011612
v -2.2300000047683715 0.4499999997019768 -0.10000000149011612
v -2.4899999952316283 0.4499999997019768 -0.10000000149011612
vt 0 1
vt 1 1
vt 0 0
vt 1 0
vt 0 1
vt 1 1
vt 0 0
vt 1 0
vt 0 1
vt 1 1
vt 0 0
vt 1 0
vt 0 1
vt 1 1
vt 0 0
vt 1 0
vt 0 1
vt 1 1
vt 0 0
vt 1 0
vt 0 1
vt 1 1
vt 0 0
vt 1 0
vn 1 0 0
vn 1 0 0
vn 1 0 0
vn 1 0 0
vn -1 0 0
vn -1 0 0
vn -1 0 0
vn -1 0 0
vn 0 1 0
vn 0 1 0
vn 0 1 0
vn 0 1 0
vn 0 -1 0
vn 0 -1 0
vn 0 -1 0
vn 0 -1 0
vn 0 0 1
vn 0 0 1
vn 0 0 1
vn 0 0 1
vn 0 0 -1
vn 0 0 -1
vn 0 0 -1
vn 0 0 -1
f 569/569/569 571/571/571 570/570/570
f 571/571/571 572/572/572 570/570/570
f 573/573/573 575/575/575 574/574/574
f 575/575/575 576/576/576 574/574/574
f 577/577/577 579/579/579 578/578/578
f 579/579/579 580/580/580 578/578/578
f 581/581/581 583/583/583 582/582/582
f 583/583/583 584/584/584 582/582/582
f 585/585/585 587/587/587 586/586/586
f 587/587/587 588/588/588 586/586/586
f 589/589/589 591/591/591 590/590/590
f 591/591/591 592/592/592 590/590/590
o wheel_front_l_tire
usemtl ink
v 3.09 1.1920929021691506e-8 1.0100000059604646
v 3.1777906456589697 0.008646619319915838 1.0100000059604646
v 3.262207549214363 0.03425420522689826 1.0100000059604646
v 3.34000661611557 0.0758386671543122 1.0100000059604646
v 3.4081980550289153 0.13180194497108466 1.0100000059604646
v 3.4641613328456877 0.19999338388443 1.0100000059604646
v 3.5057457947731017 0.27779245078563697 1.0100000059604646
v 3.531353380680084 0.3622093543410302 1.0100000059604646
v 3.539999988079071 0.45 1.0100000059604644
v 3.531353380680084 0.53779064565897 1.0100000059604644
v 3.5057457947731017 0.6222075492143632 1.0100000059604644
v 3.4641613328456877 0.7000066161155701 1.0100000059604644
v 3.4081980550289153 0.7681980550289155 1.0100000059604644
v 3.34000661611557 0.8241613328456879 1.0100000059604644
v 3.262207549214363 0.8657457947731019 1.0100000059604644
v 3.1777906456589697 0.8913533806800843 1.0100000059604644
v 3.09 0.8999999880790711 1.0100000059604644
v 3.00220935434103 0.8913533806800843 1.0100000059604644
v 2.9177924507856368 0.8657457947731019 1.0100000059604644
v 2.83999338388443 0.8241613328456879 1.0100000059604644
v 2.7718019449710845 0.7681980550289155 1.0100000059604644
v 2.715838667154312 0.7000066161155701 1.0100000059604644
v 2.674254205226898 0.6222075492143632 1.0100000059604644
v 2.6486466193199156 0.53779064565897 1.0100000059604644
v 2.640000011920929 0.4500000000000001 1.0100000059604644
v 2.6486466193199156 0.3622093543410302 1.0100000059604646
v 2.674254205226898 0.27779245078563697 1.0100000059604646
v 2.715838667154312 0.19999338388443 1.0100000059604646
v 2.7718019449710845 0.13180194497108466 1.0100000059604646
v 2.83999338388443 0.0758386671543122 1.0100000059604646
v 2.9177924507856368 0.03425420522689826 1.0100000059604646
v 3.00220935434103 0.008646619319915838 1.0100000059604646
v 3.09 1.1920929021691506e-8 1.0100000059604646
v 3.09 1.1920928910669204e-8 0.7099999940395356
v 3.1777906456589697 0.008646619319915727 0.7099999940395356
v 3.262207549214363 0.03425420522689815 0.7099999940395356
v 3.34000661611557 0.07583866715431209 0.7099999940395356
v 3.4081980550289153 0.13180194497108455 0.7099999940395356
v 3.4641613328456877 0.1999933838844299 0.7099999940395356
v 3.5057457947731017 0.27779245078563686 0.7099999940395355
v 3.531353380680084 0.3622093543410301 0.7099999940395355
v 3.539999988079071 0.44999999999999996 0.7099999940395355
v 3.531353380680084 0.5377906456589698 0.7099999940395355
v 3.5057457947731017 0.622207549214363 0.7099999940395355
v 3.4641613328456877 0.70000661611557 0.7099999940395354
v 3.4081980550289153 0.7681980550289154 0.7099999940395354
v 3.34000661611557 0.8241613328456878 0.7099999940395354
v 3.262207549214363 0.8657457947731018 0.7099999940395354
v 3.1777906456589697 0.8913533806800842 0.7099999940395354
v 3.09 0.899999988079071 0.7099999940395354
v 3.00220935434103 0.8913533806800842 0.7099999940395354
v 2.9177924507856368 0.8657457947731018 0.7099999940395354
v 2.83999338388443 0.8241613328456878 0.7099999940395354
v 2.7718019449710845 0.7681980550289154 0.7099999940395354
v 2.715838667154312 0.70000661611557 0.7099999940395354
v 2.674254205226898 0.622207549214363 0.7099999940395355
v 2.6486466193199156 0.5377906456589698 0.7099999940395355
v 2.640000011920929 0.45000000000000007 0.7099999940395355
v 2.6486466193199156 0.3622093543410301 0.7099999940395355
v 2.674254205226898 0.27779245078563686 0.7099999940395355
v 2.715838667154312 0.1999933838844299 0.7099999940395356
v 2.7718019449710845 0.13180194497108455 0.7099999940395356
v 2.83999338388443 0.07583866715431209 0.7099999940395356
v 2.9177924507856368 0.03425420522689815 0.7099999940395356
v 3.00220935434103 0.008646619319915727 0.7099999940395356
v 3.09 1.1920928910669204e-8 0.7099999940395356
v 3.09 0.45000000000000007 1.0100000059604644
v 3.09 0.45000000000000007 1.0100000059604644
v 3.09 0.45000000000000007 1.0100000059604644
v 3.09 0.45000000000000007 1.0100000059604644
v 3.09 0.45000000000000007 1.0100000059604644
v 3.09 0.45000000000000007 1.0100000059604644
v 3.09 0.45000000000000007 1.0100000059604644
v 3.09 0.45000000000000007 1.0100000059604644
v 3.09 0.45000000000000007 1.0100000059604644
v 3.09 0.45000000000000007 1.0100000059604644
v 3.09 0.45000000000000007 1.0100000059604644
v 3.09 0.45000000000000007 1.0100000059604644
v 3.09 0.45000000000000007 1.0100000059604644
v 3.09 0.45000000000000007 1.0100000059604644
v 3.09 0.45000000000000007 1.0100000059604644
v 3.09 0.45000000000000007 1.0100000059604644
v 3.09 0.45000000000000007 1.0100000059604644
v 3.09 0.45000000000000007 1.0100000059604644
v 3.09 0.45000000000000007 1.0100000059604644
v 3.09 0.45000000000000007 1.0100000059604644
v 3.09 0.45000000000000007 1.0100000059604644
v 3.09 0.45000000000000007 1.0100000059604644
v 3.09 0.45000000000000007 1.0100000059604644
v 3.09 0.45000000000000007 1.0100000059604644
v 3.09 0.45000000000000007 1.0100000059604644
v 3.09 0.45000000000000007 1.0100000059604644
v 3.09 0.45000000000000007 1.0100000059604644
v 3.09 0.45000000000000007 1.0100000059604644
v 3.09 0.45000000000000007 1.0100000059604644
v 3.09 0.45000000000000007 1.0100000059604644
v 3.09 0.45000000000000007 1.0100000059604644
v 3.09 0.45000000000000007 1.0100000059604644
v 3.09 1.1920929021691506e-8 1.0100000059604646
v 3.1777906456589697 0.008646619319915838 1.0100000059604646
v 3.262207549214363 0.03425420522689826 1.0100000059604646
v 3.34000661611557 0.0758386671543122 1.0100000059604646
v 3.4081980550289153 0.13180194497108466 1.0100000059604646
v 3.4641613328456877 0.19999338388443 1.0100000059604646
v 3.5057457947731017 0.27779245078563697 1.0100000059604646
v 3.531353380680084 0.3622093543410302 1.0100000059604646
v 3.539999988079071 0.45 1.0100000059604644
v 3.531353380680084 0.53779064565897 1.0100000059604644
v 3.5057457947731017 0.6222075492143632 1.0100000059604644
v 3.4641613328456877 0.7000066161155701 1.0100000059604644
v 3.4081980550289153 0.7681980550289155 1.0100000059604644
v 3.34000661611557 0.8241613328456879 1.0100000059604644
v 3.262207549214363 0.8657457947731019 1.0100000059604644
v 3.1777906456589697 0.8913533806800843 1.0100000059604644
v 3.09 0.8999999880790711 1.0100000059604644
v 3.00220935434103 0.8913533806800843 1.0100000059604644
v 2.9177924507856368 0.8657457947731019 1.0100000059604644
v 2.83999338388443 0.8241613328456879 1.0100000059604644
v 2.7718019449710845 0.7681980550289155 1.0100000059604644
v 2.715838667154312 0.7000066161155701 1.0100000059604644
v 2.674254205226898 0.6222075492143632 1.0100000059604644
v 2.6486466193199156 0.53779064565897 1.0100000059604644
v 2.640000011920929 0.4500000000000001 1.0100000059604644
v 2.6486466193199156 0.3622093543410302 1.0100000059604646
v 2.674254205226898 0.27779245078563697 1.0100000059604646
v 2.715838667154312 0.19999338388443 1.0100000059604646
v 2.7718019449710845 0.13180194497108466 1.0100000059604646
v 2.83999338388443 0.0758386671543122 1.0100000059604646
v 2.9177924507856368 0.03425420522689826 1.0100000059604646
v 3.00220935434103 0.008646619319915838 1.0100000059604646
v 3.09 1.1920929021691506e-8 1.0100000059604646
v 3.09 0.44999999999999996 0.7099999940395355
v 3.09 0.44999999999999996 0.7099999940395355
v 3.09 0.44999999999999996 0.7099999940395355
v 3.09 0.44999999999999996 0.7099999940395355
v 3.09 0.44999999999999996 0.7099999940395355
v 3.09 0.44999999999999996 0.7099999940395355
v 3.09 0.44999999999999996 0.7099999940395355
v 3.09 0.44999999999999996 0.7099999940395355
v 3.09 0.44999999999999996 0.7099999940395355
v 3.09 0.44999999999999996 0.7099999940395355
v 3.09 0.44999999999999996 0.7099999940395355
v 3.09 0.44999999999999996 0.7099999940395355
v 3.09 0.44999999999999996 0.7099999940395355
v 3.09 0.44999999999999996 0.7099999940395355
v 3.09 0.44999999999999996 0.7099999940395355
v 3.09 0.44999999999999996 0.7099999940395355
v 3.09 0.44999999999999996 0.7099999940395355
v 3.09 0.44999999999999996 0.7099999940395355
v 3.09 0.44999999999999996 0.7099999940395355
v 3.09 0.44999999999999996 0.7099999940395355
v 3.09 0.44999999999999996 0.7099999940395355
v 3.09 0.44999999999999996 0.7099999940395355
v 3.09 0.44999999999999996 0.7099999940395355
v 3.09 0.44999999999999996 0.7099999940395355
v 3.09 0.44999999999999996 0.7099999940395355
v 3.09 0.44999999999999996 0.7099999940395355
v 3.09 0.44999999999999996 0.7099999940395355
v 3.09 0.44999999999999996 0.7099999940395355
v 3.09 0.44999999999999996 0.7099999940395355
v 3.09 0.44999999999999996 0.7099999940395355
v 3.09 0.44999999999999996 0.7099999940395355
v 3.09 0.44999999999999996 0.7099999940395355
v 3.09 1.1920928910669204e-8 0.7099999940395356
v 3.1777906456589697 0.008646619319915727 0.7099999940395356
v 3.262207549214363 0.03425420522689815 0.7099999940395356
v 3.34000661611557 0.07583866715431209 0.7099999940395356
v 3.4081980550289153 0.13180194497108455 0.7099999940395356
v 3.4641613328456877 0.1999933838844299 0.7099999940395356
v 3.5057457947731017 0.27779245078563686 0.7099999940395355
v 3.531353380680084 0.3622093543410301 0.7099999940395355
v 3.539999988079071 0.44999999999999996 0.7099999940395355
v 3.531353380680084 0.5377906456589698 0.7099999940395355
v 3.5057457947731017 0.622207549214363 0.7099999940395355
v 3.4641613328456877 0.70000661611557 0.7099999940395354
v 3.4081980550289153 0.7681980550289154 0.7099999940395354
v 3.34000661611557 0.8241613328456878 0.7099999940395354
v 3.262207549214363 0.8657457947731018 0.7099999940395354
v 3.1777906456589697 0.8913533806800842 0.7099999940395354
v 3.09 0.899999988079071 0.7099999940395354
v 3.00220935434103 0.8913533806800842 0.7099999940395354
v 2.9177924507856368 0.8657457947731018 0.7099999940395354
v 2.83999338388443 0.8241613328456878 0.7099999940395354
v 2.7718019449710845 0.7681980550289154 0.7099999940395354
v 2.715838667154312 0.70000661611557 0.7099999940395354
v 2.674254205226898 0.622207549214363 0.7099999940395355
v 2.6486466193199156 0.5377906456589698 0.7099999940395355
v 2.640000011920929 0.45000000000000007 0.7099999940395355
v 2.6486466193199156 0.3622093543410301 0.7099999940395355
v 2.674254205226898 0.27779245078563686 0.7099999940395355
v 2.715838667154312 0.1999933838844299 0.7099999940395356
v 2.7718019449710845 0.13180194497108455 0.7099999940395356
v 2.83999338388443 0.07583866715431209 0.7099999940395356
v 2.9177924507856368 0.03425420522689815 0.7099999940395356
v 3.00220935434103 0.008646619319915727 0.7099999940395356
v 3.09 1.1920928910669204e-8 0.7099999940395356
vt 0 1
vt 0.03125 1
vt 0.0625 1
vt 0.09375 1
vt 0.125 1
vt 0.15625 1
vt 0.1875 1
vt 0.21875 1
vt 0.25 1
vt 0.28125 1
vt 0.3125 1
vt 0.34375 1
vt 0.375 1
vt 0.40625 1
vt 0.4375 1
vt 0.46875 1
vt 0.5 1
vt 0.53125 1
vt 0.5625 1
vt 0.59375 1
vt 0.625 1
vt 0.65625 1
vt 0.6875 1
vt 0.71875 1
vt 0.75 1
vt 0.78125 1
vt 0.8125 1
vt 0.84375 1
vt 0.875 1
vt 0.90625 1
vt 0.9375 1
vt 0.96875 1
vt 1 1
vt 0 0
vt 0.03125 0
vt 0.0625 0
vt 0.09375 0
vt 0.125 0
vt 0.15625 0
vt 0.1875 0
vt 0.21875 0
vt 0.25 0
vt 0.28125 0
vt 0.3125 0
vt 0.34375 0
vt 0.375 0
vt 0.40625 0
vt 0.4375 0
vt 0.46875 0
vt 0.5 0
vt 0.53125 0
vt 0.5625 0
vt 0.59375 0
vt 0.625 0
vt 0.65625 0
vt 0.6875 0
vt 0.71875 0
vt 0.75 0
vt 0.78125 0
vt 0.8125 0
vt 0.84375 0
vt 0.875 0
vt 0.90625 0
vt 0.9375 0
vt 0.96875 0
vt 1 0
vt 0.5 0.5
vt 0.5 0.5
vt 0.5 0.5
vt 0.5 0.5
vt 0.5 0.5
vt 0.5 0.5
vt 0.5 0.5
vt 0.5 0.5
vt 0.5 0.5
vt 0.5 0.5
vt 0.5 0.5
vt 0.5 0.5
vt 0.5 0.5
vt 0.5 0.5
vt 0.5 0.5
vt 0.5 0.5
vt 0.5 0.5
vt 0.5 0.5
vt 0.5 0.5
vt 0.5 0.5
vt 0.5 0.5
vt 0.5 0.5
vt 0.5 0.5
vt 0.5 0.5
vt 0.5 0.5
vt 0.5 0.5
vt 0.5 0.5
vt 0.5 0.5
vt 0.5 0.5
vt 0.5 0.5
vt 0.5 0.5
vt 0.5 0.5
vt 1 0.5
vt 0.9903926253318787 0.5975451469421387
vt 0.9619397521018982 0.6913416981697083
vt 0.9157348275184631 0.7777851223945618
vt 0.8535534143447876 0.8535534143447876
vt 0.7777851223945618 0.9157348275184631
vt 0.6913416981697083 0.9619397521018982
vt 0.5975451469421387 0.9903926253318787
vt 0.5 1
vt 0.40245485305786133 0.9903926253318787
vt 0.30865827202796936 0.9619397521018982
vt 0.22221487760543823 0.9157348275184631
vt 0.1464466154575348 0.8535534143447876
vt 0.08426519483327866 0.7777851223945618
vt 0.03806023299694061 0.6913416981697083
vt 0.009607359766960144 0.5975451469421387
vt 0 0.5
vt 0.009607359766960144 0.40245485305786133
vt 0.03806023299694061 0.30865827202796936
vt 0.08426519483327866 0.22221487760543823
vt 0.1464466154575348 0.1464466154575348
vt 0.22221487760543823 0.08426519483327866
vt 0.30865827202796936 0.03806023299694061
vt 0.40245485305786133 0.009607359766960144
vt 0.5 0
vt 0.5975451469421387 0.009607359766960144
vt 0.6913416981697083 0.03806023299694061
vt 0.7777851223945618 0.08426519483327866
vt 0.8535534143447876 0.1464466154575348
vt 0.9157348275184631 0.22221487760543823
vt 0.9619397521018982 0.30865827202796936
vt 0.9903926253318787 0.40245485305786133
vt 1 0.5
vt 0.5 0.5
vt 0.5 0.5
vt 0.5 0.5
vt 0.5 0.5
vt 0.5 0.5
vt 0.5 0.5
vt 0.5 0.5
vt 0.5 0.5
vt 0.5 0.5
vt 0.5 0.5
vt 0.5 0.5
vt 0.5 0.5
vt 0.5 0.5
vt 0.5 0.5
vt 0.5 0.5
vt 0.5 0.5
vt 0.5 0.5
vt 0.5 0.5
vt 0.5 0.5
vt 0.5 0.5
vt 0.5 0.5
vt 0.5 0.5
vt 0.5 0.5
vt 0.5 0.5
vt 0.5 0.5
vt 0.5 0.5
vt 0.5 0.5
vt 0.5 0.5
vt 0.5 0.5
vt 0.5 0.5
vt 0.5 0.5
vt 0.5 0.5
vt 1 0.5
vt 0.9903926253318787 0.40245485305786133
vt 0.9619397521018982 0.30865827202796936
vt 0.9157348275184631 0.22221487760543823
vt 0.8535534143447876 0.1464466154575348
vt 0.7777851223945618 0.08426519483327866
vt 0.6913416981697083 0.03806023299694061
vt 0.5975451469421387 0.009607359766960144
vt 0.5 0
vt 0.40245485305786133 0.009607359766960144
vt 0.30865827202796936 0.03806023299694061
vt 0.22221487760543823 0.08426519483327866
vt 0.1464466154575348 0.1464466154575348
vt 0.08426519483327866 0.22221487760543823
vt 0.03806023299694061 0.30865827202796936
vt 0.009607359766960144 0.40245485305786133
vt 0 0.5
vt 0.009607359766960144 0.5975451469421387
vt 0.03806023299694061 0.6913416981697083
vt 0.08426519483327866 0.7777851223945618
vt 0.1464466154575348 0.8535534143447876
vt 0.22221487760543823 0.9157348275184631
vt 0.30865827202796936 0.9619397521018982
vt 0.40245485305786133 0.9903926253318787
vt 0.5 1
vt 0.5975451469421387 0.9903926253318787
vt 0.6913416981697083 0.9619397521018982
vt 0.7777851223945618 0.9157348275184631
vt 0.8535534143447876 0.8535534143447876
vt 0.9157348275184631 0.7777851223945618
vt 0.9619397521018982 0.6913416981697083
vt 0.9903926253318787 0.5975451469421387
vt 1 0.5
vn 0 -1 2.220446049250313e-16
vn 0.19509032931342324 -0.9807852789517083 2.177780797811187e-16
vn 0.3826834370613369 -0.9238795305660377 2.0514246536285922e-16
vn 0.555570248949409 -0.8314696016585884 1.8462333920745442e-16
vn 0.7071067811865476 -0.7071067811865476 1.5700924586837752e-16
vn 0.8314696016585884 -0.555570248949409 1.233613764360728e-16
vn 0.9238795305660377 -0.3826834370613369 8.497279259363763e-17
vn 0.9807852789517083 -0.19509032931342324 4.331875509709332e-17
vn 1 -6.123234262925839e-17 1.3596311327747833e-32
vn 0.9807852789517083 0.19509032931342324 -4.331875509709332e-17
vn 0.9238795305660377 0.3826834370613369 -8.497279259363763e-17
vn 0.8314696016585884 0.555570248949409 -1.233613764360728e-16
vn 0.7071067811865476 0.7071067811865476 -1.5700924586837752e-16
vn 0.555570248949409 0.8314696016585884 -1.8462333920745442e-16
vn 0.3826834370613369 0.9238795305660377 -2.0514246536285922e-16
vn 0.19509032931342324 0.9807852789517083 -2.177780797811187e-16
vn 1.2246468525851679e-16 1 -2.220446049250313e-16
vn -0.19509032931342324 0.9807852789517083 -2.177780797811187e-16
vn -0.3826834370613369 0.9238795305660377 -2.0514246536285922e-16
vn -0.555570248949409 0.8314696016585884 -1.8462333920745442e-16
vn -0.7071067811865476 0.7071067811865476 -1.5700924586837752e-16
vn -0.8314696016585884 0.555570248949409 -1.233613764360728e-16
vn -0.9238795305660377 0.3826834370613369 -8.497279259363763e-17
vn -0.9807852789517083 0.19509032931342324 -4.331875509709332e-17
vn -1 1.8369701465288538e-16 -4.078893104450762e-32
vn -0.9807852789517083 -0.19509032931342324 4.331875509709332e-17
vn -0.9238795305660377 -0.3826834370613369 8.497279259363763e-17
vn -0.8314696016585884 -0.555570248949409 1.233613764360728e-16
vn -0.7071067811865476 -0.7071067811865476 1.5700924586837752e-16
vn -0.555570248949409 -0.8314696016585884 1.8462333920745442e-16
vn -0.3826834370613369 -0.9238795305660377 2.0514246536285922e-16
vn -0.19509032931342324 -0.9807852789517083 2.177780797811187e-16
vn -2.4492937051703357e-16 -1 2.220446049250313e-16
vn 0 -1 2.220446049250313e-16
vn 0.19509032931342324 -0.9807852789517083 2.177780797811187e-16
vn 0.3826834370613369 -0.9238795305660377 2.0514246536285922e-16
vn 0.555570248949409 -0.8314696016585884 1.8462333920745442e-16
vn 0.7071067811865476 -0.7071067811865476 1.5700924586837752e-16
vn 0.8314696016585884 -0.555570248949409 1.233613764360728e-16
vn 0.9238795305660377 -0.3826834370613369 8.497279259363763e-17
vn 0.9807852789517083 -0.19509032931342324 4.331875509709332e-17
vn 1 -6.123234262925839e-17 1.3596311327747833e-32
vn 0.9807852789517083 0.19509032931342324 -4.331875509709332e-17
vn 0.9238795305660377 0.3826834370613369 -8.497279259363763e-17
vn 0.8314696016585884 0.555570248949409 -1.233613764360728e-16
vn 0.7071067811865476 0.7071067811865476 -1.5700924586837752e-16
vn 0.555570248949409 0.8314696016585884 -1.8462333920745442e-16
vn 0.3826834370613369 0.9238795305660377 -2.0514246536285922e-16
vn 0.19509032931342324 0.9807852789517083 -2.177780797811187e-16
vn 1.2246468525851679e-16 1 -2.220446049250313e-16
vn -0.19509032931342324 0.9807852789517083 -2.177780797811187e-16
vn -0.3826834370613369 0.9238795305660377 -2.0514246536285922e-16
vn -0.555570248949409 0.8314696016585884 -1.8462333920745442e-16
vn -0.7071067811865476 0.7071067811865476 -1.5700924586837752e-16
vn -0.8314696016585884 0.555570248949409 -1.233613764360728e-16
vn -0.9238795305660377 0.3826834370613369 -8.497279259363763e-17
vn -0.9807852789517083 0.19509032931342324 -4.331875509709332e-17
vn -1 1.8369701465288538e-16 -4.078893104450762e-32
vn -0.9807852789517083 -0.19509032931342324 4.331875509709332e-17
vn -0.9238795305660377 -0.3826834370613369 8.497279259363763e-17
vn -0.8314696016585884 -0.555570248949409 1.233613764360728e-16
vn -0.7071067811865476 -0.7071067811865476 1.5700924586837752e-16
vn -0.555570248949409 -0.8314696016585884 1.8462333920745442e-16
vn -0.3826834370613369 -0.9238795305660377 2.0514246536285922e-16
vn -0.19509032931342324 -0.9807852789517083 2.177780797811187e-16
vn -2.4492937051703357e-16 -1 2.220446049250313e-16
vn 0 2.220446049250313e-16 1
vn 0 2.220446049250313e-16 1
vn 0 2.220446049250313e-16 1
vn 0 2.220446049250313e-16 1
vn 0 2.220446049250313e-16 1
vn 0 2.220446049250313e-16 1
vn 0 2.220446049250313e-16 1
vn 0 2.220446049250313e-16 1
vn 0 2.220446049250313e-16 1
vn 0 2.220446049250313e-16 1
vn 0 2.220446049250313e-16 1
vn 0 2.220446049250313e-16 1
vn 0 2.220446049250313e-16 1
vn 0 2.220446049250313e-16 1
vn 0 2.220446049250313e-16 1
vn 0 2.220446049250313e-16 1
vn 0 2.220446049250313e-16 1
vn 0 2.220446049250313e-16 1
vn 0 2.220446049250313e-16 1
vn 0 2.220446049250313e-16 1
vn 0 2.220446049250313e-16 1
vn 0 2.220446049250313e-16 1
vn 0 2.220446049250313e-16 1
vn 0 2.220446049250313e-16 1
vn 0 2.220446049250313e-16 1
vn 0 2.220446049250313e-16 1
vn 0 2.220446049250313e-16 1
vn 0 2.220446049250313e-16 1
vn 0 2.220446049250313e-16 1
vn 0 2.220446049250313e-16 1
vn 0 2.220446049250313e-16 1
vn 0 2.220446049250313e-16 1
vn 0 2.220446049250313e-16 1
vn 0 2.220446049250313e-16 1
vn 0 2.220446049250313e-16 1
vn 0 2.220446049250313e-16 1
vn 0 2.220446049250313e-16 1
vn 0 2.220446049250313e-16 1
vn 0 2.220446049250313e-16 1
vn 0 2.220446049250313e-16 1
vn 0 2.220446049250313e-16 1
vn 0 2.220446049250313e-16 1
vn 0 2.220446049250313e-16 1
vn 0 2.220446049250313e-16 1
vn 0 2.220446049250313e-16 1
vn 0 2.220446049250313e-16 1
vn 0 2.220446049250313e-16 1
vn 0 2.220446049250313e-16 1
vn 0 2.220446049250313e-16 1
vn 0 2.220446049250313e-16 1
vn 0 2.220446049250313e-16 1
vn 0 2.220446049250313e-16 1
vn 0 2.220446049250313e-16 1
vn 0 2.220446049250313e-16 1
vn 0 2.220446049250313e-16 1
vn 0 2.220446049250313e-16 1
vn 0 2.220446049250313e-16 1
vn 0 2.220446049250313e-16 1
vn 0 2.220446049250313e-16 1
vn 0 2.220446049250313e-16 1
vn 0 2.220446049250313e-16 1
vn 0 2.220446049250313e-16 1
vn 0 2.220446049250313e-16 1
vn 0 2.220446049250313e-16 1
vn 0 2.220446049250313e-16 1
vn 0 -2.220446049250313e-16 -1
vn 0 -2.220446049250313e-16 -1
vn 0 -2.220446049250313e-16 -1
vn 0 -2.220446049250313e-16 -1
vn 0 -2.220446049250313e-16 -1
vn 0 -2.220446049250313e-16 -1
vn 0 -2.220446049250313e-16 -1
vn 0 -2.220446049250313e-16 -1
vn 0 -2.220446049250313e-16 -1
vn 0 -2.220446049250313e-16 -1
vn 0 -2.220446049250313e-16 -1
vn 0 -2.220446049250313e-16 -1
vn 0 -2.220446049250313e-16 -1
vn 0 -2.220446049250313e-16 -1
vn 0 -2.220446049250313e-16 -1
vn 0 -2.220446049250313e-16 -1
vn 0 -2.220446049250313e-16 -1
vn 0 -2.220446049250313e-16 -1
vn 0 -2.220446049250313e-16 -1
vn 0 -2.220446049250313e-16 -1
vn 0 -2.220446049250313e-16 -1
vn 0 -2.220446049250313e-16 -1
vn 0 -2.220446049250313e-16 -1
vn 0 -2.220446049250313e-16 -1
vn 0 -2.220446049250313e-16 -1
vn 0 -2.220446049250313e-16 -1
vn 0 -2.220446049250313e-16 -1
vn 0 -2.220446049250313e-16 -1
vn 0 -2.220446049250313e-16 -1
vn 0 -2.220446049250313e-16 -1
vn 0 -2.220446049250313e-16 -1
vn 0 -2.220446049250313e-16 -1
vn 0 -2.220446049250313e-16 -1
vn 0 -2.220446049250313e-16 -1
vn 0 -2.220446049250313e-16 -1
vn 0 -2.220446049250313e-16 -1
vn 0 -2.220446049250313e-16 -1
vn 0 -2.220446049250313e-16 -1
vn 0 -2.220446049250313e-16 -1
vn 0 -2.220446049250313e-16 -1
vn 0 -2.220446049250313e-16 -1
vn 0 -2.220446049250313e-16 -1
vn 0 -2.220446049250313e-16 -1
vn 0 -2.220446049250313e-16 -1
vn 0 -2.220446049250313e-16 -1
vn 0 -2.220446049250313e-16 -1
vn 0 -2.220446049250313e-16 -1
vn 0 -2.220446049250313e-16 -1
vn 0 -2.220446049250313e-16 -1
vn 0 -2.220446049250313e-16 -1
vn 0 -2.220446049250313e-16 -1
vn 0 -2.220446049250313e-16 -1
vn 0 -2.220446049250313e-16 -1
vn 0 -2.220446049250313e-16 -1
vn 0 -2.220446049250313e-16 -1
vn 0 -2.220446049250313e-16 -1
vn 0 -2.220446049250313e-16 -1
vn 0 -2.220446049250313e-16 -1
vn 0 -2.220446049250313e-16 -1
vn 0 -2.220446049250313e-16 -1
vn 0 -2.220446049250313e-16 -1
vn 0 -2.220446049250313e-16 -1
vn 0 -2.220446049250313e-16 -1
vn 0 -2.220446049250313e-16 -1
vn 0 -2.220446049250313e-16 -1
f 593/593/593 626/626/626 594/594/594
f 626/626/626 627/627/627 594/594/594
f 594/594/594 627/627/627 595/595/595
f 627/627/627 628/628/628 595/595/595
f 595/595/595 628/628/628 596/596/596
f 628/628/628 629/629/629 596/596/596
f 596/596/596 629/629/629 597/597/597
f 629/629/629 630/630/630 597/597/597
f 597/597/597 630/630/630 598/598/598
f 630/630/630 631/631/631 598/598/598
f 598/598/598 631/631/631 599/599/599
f 631/631/631 632/632/632 599/599/599
f 599/599/599 632/632/632 600/600/600
f 632/632/632 633/633/633 600/600/600
f 600/600/600 633/633/633 601/601/601
f 633/633/633 634/634/634 601/601/601
f 601/601/601 634/634/634 602/602/602
f 634/634/634 635/635/635 602/602/602
f 602/602/602 635/635/635 603/603/603
f 635/635/635 636/636/636 603/603/603
f 603/603/603 636/636/636 604/604/604
f 636/636/636 637/637/637 604/604/604
f 604/604/604 637/637/637 605/605/605
f 637/637/637 638/638/638 605/605/605
f 605/605/605 638/638/638 606/606/606
f 638/638/638 639/639/639 606/606/606
f 606/606/606 639/639/639 607/607/607
f 639/639/639 640/640/640 607/607/607
f 607/607/607 640/640/640 608/608/608
f 640/640/640 641/641/641 608/608/608
f 608/608/608 641/641/641 609/609/609
f 641/641/641 642/642/642 609/609/609
f 609/609/609 642/642/642 610/610/610
f 642/642/642 643/643/643 610/610/610
f 610/610/610 643/643/643 611/611/611
f 643/643/643 644/644/644 611/611/611
f 611/611/611 644/644/644 612/612/612
f 644/644/644 645/645/645 612/612/612
f 612/612/612 645/645/645 613/613/613
f 645/645/645 646/646/646 613/613/613
f 613/613/613 646/646/646 614/614/614
f 646/646/646 647/647/647 614/614/614
f 614/614/614 647/647/647 615/615/615
f 647/647/647 648/648/648 615/615/615
f 615/615/615 648/648/648 616/616/616
f 648/648/648 649/649/649 616/616/616
f 616/616/616 649/649/649 617/617/617
f 649/649/649 650/650/650 617/617/617
f 617/617/617 650/650/650 618/618/618
f 650/650/650 651/651/651 618/618/618
f 618/618/618 651/651/651 619/619/619
f 651/651/651 652/652/652 619/619/619
f 619/619/619 652/652/652 620/620/620
f 652/652/652 653/653/653 620/620/620
f 620/620/620 653/653/653 621/621/621
f 653/653/653 654/654/654 621/621/621
f 621/621/621 654/654/654 622/622/622
f 654/654/654 655/655/655 622/622/622
f 622/622/622 655/655/655 623/623/623
f 655/655/655 656/656/656 623/623/623
f 623/623/623 656/656/656 624/624/624
f 656/656/656 657/657/657 624/624/624
f 624/624/624 657/657/657 625/625/625
f 657/657/657 658/658/658 625/625/625
f 691/691/691 692/692/692 659/659/659
f 692/692/692 693/693/693 660/660/660
f 693/693/693 694/694/694 661/661/661
f 694/694/694 695/695/695 662/662/662
f 695/695/695 696/696/696 663/663/663
f 696/696/696 697/697/697 664/664/664
f 697/697/697 698/698/698 665/665/665
f 698/698/698 699/699/699 666/666/666
f 699/699/699 700/700/700 667/667/667
f 700/700/700 701/701/701 668/668/668
f 701/701/701 702/702/702 669/669/669
f 702/702/702 703/703/703 670/670/670
f 703/703/703 704/704/704 671/671/671
f 704/704/704 705/705/705 672/672/672
f 705/705/705 706/706/706 673/673/673
f 706/706/706 707/707/707 674/674/674
f 707/707/707 708/708/708 675/675/675
f 708/708/708 709/709/709 676/676/676
f 709/709/709 710/710/710 677/677/677
f 710/710/710 711/711/711 678/678/678
f 711/711/711 712/712/712 679/679/679
f 712/712/712 713/713/713 680/680/680
f 713/713/713 714/714/714 681/681/681
f 714/714/714 715/715/715 682/682/682
f 715/715/715 716/716/716 683/683/683
f 716/716/716 717/717/717 684/684/684
f 717/717/717 718/718/718 685/685/685
f 718/718/718 719/719/719 686/686/686
f 719/719/719 720/720/720 687/687/687
f 720/720/720 721/721/721 688/688/688
f 721/721/721 722/722/722 689/689/689
f 722/722/722 723/723/723 690/690/690
f 757/757/757 756/756/756 724/724/724
f 758/758/758 757/757/757 725/725/725
f 759/759/759 758/758/758 726/726/726
f 760/760/760 759/759/759 727/727/727
f 761/761/761 760/760/760 728/728/728
f 762/762/762 761/761/761 729/729/729
f 763/763/763 762/762/762 730/730/730
f 764/764/764 763/763/763 731/731/731
f 765/765/765 764/764/764 732/732/732
f 766/766/766 765/765/765 733/733/733
f 767/767/767 766/766/766 734/734/734
f 768/768/768 767/767/767 735/735/735
f 769/769/769 768/768/768 736/736/736
f 770/770/770 769/769/769 737/737/737
f 771/771/771 770/770/770 738/738/738
f 772/772/772 771/771/771 739/739/739
f 773/773/773 772/772/772 740/740/740
f 774/774/774 773/773/773 741/741/741
f 775/775/775 774/774/774 742/742/742
f 776/776/776 775/775/775 743/743/743
f 777/777/777 776/776/776 744/744/744
f 778/778/778 777/777/777 745/745/745
f 779/779/779 778/778/778 746/746/746
f 780/780/780 779/779/779 747/747/747
f 781/781/781 780/780/780 748/748/748
f 782/782/782 781/781/781 749/749/749
f 783/783/783 782/782/782 750/750/750
f 784/784/784 783/783/783 751/751/751
f 785/785/785 784/784/784 752/752/752
f 786/786/786 785/785/785 753/753/753
f 787/787/787 786/786/786 754/754/754
f 788/788/788 787/787/787 755/755/755
o wheel_front_l_rim
usemtl body_mid
v 3.09 0.2160000026226044 1.0129999971389771
v 3.1505636574327944 0.223973360657692 1.0129999971389771
v 3.2069999986886977 0.2473500490188599 1.0129999971389771
v 3.2554629856348036 0.2845370143651963 1.0129999971389771
v 3.29264995098114 0.33300000131130225 1.0129999971389771
v 3.316026639342308 0.3894363425672055 1.012999997138977
v 3.3239999973773955 0.45 1.012999997138977
v 3.316026639342308 0.5105636574327946 1.012999997138977
v 3.29264995098114 0.5669999986886979 1.012999997138977
v 3.2554629856348036 0.6154629856348038 1.012999997138977
v 3.2069999986886977 0.6526499509811402 1.012999997138977
v 3.1505636574327944 0.6760266393423081 1.012999997138977
v 3.09 0.6839999973773957 1.012999997138977
v 3.0294363425672053 0.6760266393423081 1.012999997138977
v 2.973000001311302 0.6526499509811402 1.012999997138977
v 2.924537014365196 0.6154629856348038 1.012999997138977
v 2.8873500490188597 0.5669999986886979 1.012999997138977
v 2.863973360657692 0.5105636574327946 1.012999997138977
v 2.8560000026226042 0.45000000000000007 1.012999997138977
v 2.863973360657692 0.3894363425672055 1.012999997138977
v 2.8873500490188597 0.33300000131130225 1.0129999971389771
v 2.924537014365196 0.2845370143651963 1.0129999971389771
v 2.973000001311302 0.2473500490188599 1.0129999971389771
v 3.0294363425672053 0.223973360657692 1.0129999971389771
v 3.09 0.2160000026226044 1.0129999971389771
v 3.09 0.21600000262260435 0.707000002861023
v 3.1505636574327944 0.22397336065769194 0.707000002861023
v 3.2069999986886977 0.24735004901885985 0.707000002861023
v 3.2554629856348036 0.2845370143651962 0.7070000028610229
v 3.29264995098114 0.33300000131130214 0.7070000028610229
v 3.316026639342308 0.3894363425672054 0.7070000028610229
v 3.3239999973773955 0.44999999999999996 0.7070000028610229
v 3.316026639342308 0.5105636574327945 0.7070000028610229
v 3.29264995098114 0.5669999986886978 0.7070000028610229
v 3.2554629856348036 0.6154629856348037 0.7070000028610229
v 3.2069999986886977 0.6526499509811401 0.7070000028610228
v 3.1505636574327944 0.676026639342308 0.7070000028610228
v 3.09 0.6839999973773956 0.7070000028610228
v 3.0294363425672053 0.676026639342308 0.7070000028610228
v 2.973000001311302 0.6526499509811401 0.7070000028610228
v 2.924537014365196 0.6154629856348037 0.7070000028610229
v 2.8873500490188597 0.5669999986886978 0.7070000028610229
v 2.863973360657692 0.5105636574327945 0.7070000028610229
v 2.8560000026226042 0.45 0.7070000028610229
v 2.863973360657692 0.3894363425672054 0.7070000028610229
v 2.8873500490188597 0.33300000131130214 0.7070000028610229
v 2.924537014365196 0.2845370143651962 0.7070000028610229
v 2.973000001311302 0.24735004901885985 0.707000002861023
v 3.0294363425672053 0.22397336065769194 0.707000002861023
v 3.09 0.21600000262260435 0.707000002861023
v 3.09 0.45000000000000007 1.012999997138977
v 3.09 0.45000000000000007 1.012999997138977
v 3.09 0.45000000000000007 1.012999997138977
v 3.09 0.45000000000000007 1.012999997138977
v 3.09 0.45000000000000007 1.012999997138977
v 3.09 0.45000000000000007 1.012999997138977
v 3.09 0.45000000000000007 1.012999997138977
v 3.09 0.45000000000000007 1.012999997138977
v 3.09 0.45000000000000007 1.012999997138977
v 3.09 0.45000000000000007 1.012999997138977
v 3.09 0.45000000000000007 1.012999997138977
v 3.09 0.45000000000000007 1.012999997138977
v 3.09 0.45000000000000007 1.012999997138977
v 3.09 0.45000000000000007 1.012999997138977
v 3.09 0.45000000000000007 1.012999997138977
v 3.09 0.45000000000000007 1.012999997138977
v 3.09 0.45000000000000007 1.012999997138977
v 3.09 0.45000000000000007 1.012999997138977
v 3.09 0.45000000000000007 1.012999997138977
v 3.09 0.45000000000000007 1.012999997138977
v 3.09 0.45000000000000007 1.012999997138977
v 3.09 0.45000000000000007 1.012999997138977
v 3.09 0.45000000000000007 1.012999997138977
v 3.09 0.45000000000000007 1.012999997138977
v 3.09 0.2160000026226044 1.0129999971389771
v 3.1505636574327944 0.223973360657692 1.0129999971389771
v 3.2069999986886977 0.2473500490188599 1.0129999971389771
v 3.2554629856348036 0.2845370143651963 1.0129999971389771
v 3.29264995098114 0.33300000131130225 1.0129999971389771
v 3.316026639342308 0.3894363425672055 1.012999997138977
v 3.3239999973773955 0.45 1.012999997138977
v 3.316026639342308 0.5105636574327946 1.012999997138977
v 3.29264995098114 0.5669999986886979 1.012999997138977
v 3.2554629856348036 0.6154629856348038 1.012999997138977
v 3.2069999986886977 0.6526499509811402 1.012999997138977
v 3.1505636574327944 0.6760266393423081 1.012999997138977
v 3.09 0.6839999973773957 1.012999997138977
v 3.0294363425672053 0.6760266393423081 1.012999997138977
v 2.973000001311302 0.6526499509811402 1.012999997138977
v 2.924537014365196 0.6154629856348038 1.012999997138977
v 2.8873500490188597 0.5669999986886979 1.012999997138977
v 2.863973360657692 0.5105636574327946 1.012999997138977
v 2.8560000026226042 0.45000000000000007 1.012999997138977
v 2.863973360657692 0.3894363425672055 1.012999997138977
v 2.8873500490188597 0.33300000131130225 1.0129999971389771
v 2.924537014365196 0.2845370143651963 1.0129999971389771
v 2.973000001311302 0.2473500490188599 1.0129999971389771
v 3.0294363425672053 0.223973360657692 1.0129999971389771
v 3.09 0.2160000026226044 1.0129999971389771
v 3.09 0.44999999999999996 0.7070000028610229
v 3.09 0.44999999999999996 0.7070000028610229
v 3.09 0.44999999999999996 0.7070000028610229
v 3.09 0.44999999999999996 0.7070000028610229
v 3.09 0.44999999999999996 0.7070000028610229
v 3.09 0.44999999999999996 0.7070000028610229
v 3.09 0.44999999999999996 0.7070000028610229
v 3.09 0.44999999999999996 0.7070000028610229
v 3.09 0.44999999999999996 0.7070000028610229
v 3.09 0.44999999999999996 0.7070000028610229
v 3.09 0.44999999999999996 0.7070000028610229
v 3.09 0.44999999999999996 0.7070000028610229
v 3.09 0.44999999999999996 0.7070000028610229
v 3.09 0.44999999999999996 0.7070000028610229
v 3.09 0.44999999999999996 0.7070000028610229
v 3.09 0.44999999999999996 0.7070000028610229
v 3.09 0.44999999999999996 0.7070000028610229
v 3.09 0.44999999999999996 0.7070000028610229
v 3.09 0.44999999999999996 0.7070000028610229
v 3.09 0.44999999999999996 0.7070000028610229
v 3.09 0.44999999999999996 0.7070000028610229
v 3.09 0.44999999999999996 0.7070000028610229
v 3.09 0.44999999999999996 0.7070000028610229
v 3.09 0.44999999999999996 0.7070000028610229
v 3.09 0.21600000262260435 0.707000002861023
v 3.1505636574327944 0.22397336065769194 0.707000002861023
v 3.2069999986886977 0.24735004901885985 0.707000002861023
v 3.2554629856348036 0.2845370143651962 0.7070000028610229
v 3.29264995098114 0.33300000131130214 0.7070000028610229
v 3.316026639342308 0.3894363425672054 0.7070000028610229
v 3.3239999973773955 0.44999999999999996 0.7070000028610229
v 3.316026639342308 0.5105636574327945 0.7070000028610229
v 3.29264995098114 0.5669999986886978 0.7070000028610229
v 3.2554629856348036 0.6154629856348037 0.7070000028610229
v 3.2069999986886977 0.6526499509811401 0.7070000028610228
v 3.1505636574327944 0.676026639342308 0.7070000028610228
v 3.09 0.6839999973773956 0.7070000028610228
v 3.0294363425672053 0.676026639342308 0.7070000028610228
v 2.973000001311302 0.6526499509811401 0.7070000028610228
v 2.924537014365196 0.6154629856348037 0.7070000028610229
v 2.8873500490188597 0.5669999986886978 0.7070000028610229
v 2.863973360657692 0.5105636574327945 0.7070000028610229
v 2.8560000026226042 0.45 0.7070000028610229
v 2.863973360657692 0.3894363425672054 0.7070000028610229
v 2.8873500490188597 0.33300000131130214 0.7070000028610229
v 2.924537014365196 0.2845370143651962 0.7070000028610229
v 2.973000001311302 0.24735004901885985 0.707000002861023
v 3.0294363425672053 0.22397336065769194 0.707000002861023
v 3.09 0.21600000262260435 0.707000002861023
vt 0 1
vt 0.0416666679084301 1
vt 0.0833333358168602 1
vt 0.125 1
vt 0.1666666716337204 1
vt 0.2083333283662796 1
vt 0.25 1
vt 0.2916666567325592 1
vt 0.3333333432674408 1
vt 0.375 1
vt 0.4166666567325592 1
vt 0.4583333432674408 1
vt 0.5 1
vt 0.5416666865348816 1
vt 0.5833333134651184 1
vt 0.625 1
vt 0.6666666865348816 1
vt 0.7083333134651184 1
vt 0.75 1
vt 0.7916666865348816 1
vt 0.8333333134651184 1
vt 0.875 1
vt 0.9166666865348816 1
vt 0.9583333134651184 1
vt 1 1
vt 0 0
vt 0.0416666679084301 0
vt 0.0833333358168602 0
vt 0.125 0
vt 0.1666666716337204 0
vt 0.2083333283662796 0
vt 0.25 0
vt 0.2916666567325592 0
vt 0.3333333432674408 0
vt 0.375 0
vt 0.4166666567325592 0
vt 0.4583333432674408 0
vt 0.5 0
vt 0.5416666865348816 0
vt 0.5833333134651184 0
vt 0.625 0
vt 0.6666666865348816 0
vt 0.7083333134651184 0
vt 0.75 0
vt 0.7916666865348816 0
vt 0.8333333134651184 0
vt 0.875 0
vt 0.9166666865348816 0
vt 0.9583333134651184 0
vt 1 0
vt 0.5 0.5
vt 0.5 0.5
vt 0.5 0.5
vt 0.5 0.5
vt 0.5 0.5
vt 0.5 0.5
vt 0.5 0.5
vt 0.5 0.5
vt 0.5 0.5
vt 0.5 0.5
vt 0.5 0.5
vt 0.5 0.5
vt 0.5 0.5
vt 0.5 0.5
vt 0.5 0.5
vt 0.5 0.5
vt 0.5 0.5
vt 0.5 0.5
vt 0.5 0.5
vt 0.5 0.5
vt 0.5 0.5
vt 0.5 0.5
vt 0.5 0.5
vt 0.5 0.5
vt 1 0.5
vt 0.9829629063606262 0.6294095516204834
vt 0.9330127239227295 0.75
vt 0.8535534143447876 0.8535534143447876
vt 0.75 0.9330127239227295
vt 0.6294095516204834 0.9829629063606262
vt 0.5 1
vt 0.370590478181839 0.9829629063606262
vt 0.25 0.9330127239227295
vt 0.1464466154575348 0.8535534143447876
vt 0.0669872984290123 0.75
vt 0.017037086188793182 0.6294095516204834
vt 0 0.5
vt 0.017037086188793182 0.370590478181839
vt 0.0669872984290123 0.25
vt 0.1464466154575348 0.1464466154575348
vt 0.25 0.0669872984290123
vt 0.370590478181839 0.017037086188793182
vt 0.5 0
vt 0.6294095516204834 0.017037086188793182
vt 0.75 0.0669872984290123
vt 0.8535534143447876 0.1464466154575348
vt 0.9330127239227295 0.25
vt 0.9829629063606262 0.370590478181839
vt 1 0.5
vt 0.5 0.5
vt 0.5 0.5
vt 0.5 0.5
vt 0.5 0.5
vt 0.5 0.5
vt 0.5 0.5
vt 0.5 0.5
vt 0.5 0.5
vt 0.5 0.5
vt 0.5 0.5
vt 0.5 0.5
vt 0.5 0.5
vt 0.5 0.5
vt 0.5 0.5
vt 0.5 0.5
vt 0.5 0.5
vt 0.5 0.5
vt 0.5 0.5
vt 0.5 0.5
vt 0.5 0.5
vt 0.5 0.5
vt 0.5 0.5
vt 0.5 0.5
vt 0.5 0.5
vt 1 0.5
vt 0.9829629063606262 0.370590478181839
vt 0.9330127239227295 0.25
vt 0.8535534143447876 0.1464466154575348
vt 0.75 0.0669872984290123
vt 0.6294095516204834 0.017037086188793182
vt 0.5 0
vt 0.370590478181839 0.017037086188793182
vt 0.25 0.0669872984290123
vt 0.1464466154575348 0.1464466154575348
vt 0.0669872984290123 0.25
vt 0.017037086188793182 0.370590478181839
vt 0 0.5
vt 0.017037086188793182 0.6294095516204834
vt 0.0669872984290123 0.75
vt 0.1464466154575348 0.8535534143447876
vt 0.25 0.9330127239227295
vt 0.370590478181839 0.9829629063606262
vt 0.5 1
vt 0.6294095516204834 0.9829629063606262
vt 0.75 0.9330127239227295
vt 0.8535534143447876 0.8535534143447876
vt 0.9330127239227295 0.75
vt 0.9829629063606262 0.6294095516204834
vt 1 0.5
vn 0 -1 2.220446049250313e-16
vn 0.2588190471264927 -0.9659258257467466 2.1447861836482098e-16
vn 0.5000000067305869 -0.8660253998985324 1.9229626777551189e-16
vn 0.7071067811865476 -0.7071067811865476 1.5700924586837752e-16
vn 0.8660253998985324 -0.5000000067305869 1.1102230395700616e-16
vn 0.9659258257467466 -0.2588190471264927 5.746937306627513e-17
vn 1 -6.123234262925839e-17 1.3596311327747833e-32
vn 0.9659258257467466 0.2588190471264927 -5.746937306627513e-17
vn 0.8660253998985324 0.5000000067305869 -1.1102230395700616e-16
vn 0.7071067811865476 0.7071067811865476 -1.5700924586837752e-16
vn 0.5000000067305869 0.8660253998985324 -1.9229626777551189e-16
vn 0.2588190471264927 0.9659258257467466 -2.1447861836482098e-16
vn 1.2246468525851679e-16 1 -2.220446049250313e-16
vn -0.2588190471264927 0.9659258257467466 -2.1447861836482098e-16
vn -0.5000000067305869 0.8660253998985324 -1.9229626777551189e-16
vn -0.7071067811865476 0.7071067811865476 -1.5700924586837752e-16
vn -0.8660253998985324 0.5000000067305869 -1.1102230395700616e-16
vn -0.9659258257467466 0.2588190471264927 -5.746937306627513e-17
vn -1 1.8369701465288538e-16 -4.078893104450762e-32
vn -0.9659258257467466 -0.2588190471264927 5.746937306627513e-17
vn -0.8660253998985324 -0.5000000067305869 1.1102230395700616e-16
vn -0.7071067811865476 -0.7071067811865476 1.5700924586837752e-16
vn -0.5000000067305869 -0.8660253998985324 1.9229626777551189e-16
vn -0.2588190471264927 -0.9659258257467466 2.1447861836482098e-16
vn -2.4492937051703357e-16 -1 2.220446049250313e-16
vn 0 -1 2.220446049250313e-16
vn 0.2588190471264927 -0.9659258257467466 2.1447861836482098e-16
vn 0.5000000067305869 -0.8660253998985324 1.9229626777551189e-16
vn 0.7071067811865476 -0.7071067811865476 1.5700924586837752e-16
vn 0.8660253998985324 -0.5000000067305869 1.1102230395700616e-16
vn 0.9659258257467466 -0.2588190471264927 5.746937306627513e-17
vn 1 -6.123234262925839e-17 1.3596311327747833e-32
vn 0.9659258257467466 0.2588190471264927 -5.746937306627513e-17
vn 0.8660253998985324 0.5000000067305869 -1.1102230395700616e-16
vn 0.7071067811865476 0.7071067811865476 -1.5700924586837752e-16
vn 0.5000000067305869 0.8660253998985324 -1.9229626777551189e-16
vn 0.2588190471264927 0.9659258257467466 -2.1447861836482098e-16
vn 1.2246468525851679e-16 1 -2.220446049250313e-16
vn -0.2588190471264927 0.9659258257467466 -2.1447861836482098e-16
vn -0.5000000067305869 0.8660253998985324 -1.9229626777551189e-16
vn -0.7071067811865476 0.7071067811865476 -1.5700924586837752e-16
vn -0.8660253998985324 0.5000000067305869 -1.1102230395700616e-16
vn -0.9659258257467466 0.2588190471264927 -5.746937306627513e-17
vn -1 1.8369701465288538e-16 -4.078893104450762e-32
vn -0.9659258257467466 -0.2588190471264927 5.746937306627513e-17
vn -0.8660253998985324 -0.5000000067305869 1.1102230395700616e-16
vn -0.7071067811865476 -0.7071067811865476 1.5700924586837752e-16
vn -0.5000000067305869 -0.8660253998985324 1.9229626777551189e-16
vn -0.2588190471264927 -0.9659258257467466 2.1447861836482098e-16
vn -2.4492937051703357e-16 -1 2.220446049250313e-16
vn 0 2.220446049250313e-16 1
vn 0 2.220446049250313e-16 1
vn 0 2.220446049250313e-16 1
vn 0 2.220446049250313e-16 1
vn 0 2.220446049250313e-16 1
vn 0 2.220446049250313e-16 1
vn 0 2.220446049250313e-16 1
vn 0 2.220446049250313e-16 1
vn 0 2.220446049250313e-16 1
vn 0 2.220446049250313e-16 1
vn 0 2.220446049250313e-16 1
vn 0 2.220446049250313e-16 1
vn 0 2.220446049250313e-16 1
vn 0 2.220446049250313e-16 1
vn 0 2.220446049250313e-16 1
vn 0 2.220446049250313e-16 1
vn 0 2.220446049250313e-16 1
vn 0 2.220446049250313e-16 1
vn 0 2.220446049250313e-16 1
vn 0 2.220446049250313e-16 1
vn 0 2.220446049250313e-16 1
vn 0 2.220446049250313e-16 1
vn 0 2.220446049250313e-16 1
vn 0 2.220446049250313e-16 1
vn 0 2.220446049250313e-16 1
vn 0 2.220446049250313e-16 1
vn 0 2.220446049250313e-16 1
vn 0 2.220446049250313e-16 1
vn 0 2.220446049250313e-16 1
vn 0 2.220446049250313e-16 1
vn 0 2.220446049250313e-16 1
vn 0 2.220446049250313e-16 1
vn 0 2.220446049250313e-16 1
vn 0 2.220446049250313e-16 1
vn 0 2.220446049250313e-16 1
vn 0 2.220446049250313e-16 1
vn 0 2.220446049250313e-16 1
vn 0 2.220446049250313e-16 1
vn 0 2.220446049250313e-16 1
vn 0 2.220446049250313e-16 1
vn 0 2.220446049250313e-16 1
vn 0 2.220446049250313e-16 1
vn 0 2.220446049250313e-16 1
vn 0 2.220446049250313e-16 1
vn 0 2.220446049250313e-16 1
vn 0 2.220446049250313e-16 1
vn 0 2.220446049250313e-16 1
vn 0 2.220446049250313e-16 1
vn 0 2.220446049250313e-16 1
vn 0 -2.220446049250313e-16 -1
vn 0 -2.220446049250313e-16 -1
vn 0 -2.220446049250313e-16 -1
vn 0 -2.220446049250313e-16 -1
vn 0 -2.220446049250313e-16 -1
vn 0 -2.220446049250313e-16 -1
vn 0 -2.220446049250313e-16 -1
vn 0 -2.220446049250313e-16 -1
vn 0 -2.220446049250313e-16 -1
vn 0 -2.220446049250313e-16 -1
vn 0 -2.220446049250313e-16 -1
vn 0 -2.220446049250313e-16 -1
vn 0 -2.220446049250313e-16 -1
vn 0 -2.220446049250313e-16 -1
vn 0 -2.220446049250313e-16 -1
vn 0 -2.220446049250313e-16 -1
vn 0 -2.220446049250313e-16 -1
vn 0 -2.220446049250313e-16 -1
vn 0 -2.220446049250313e-16 -1
vn 0 -2.220446049250313e-16 -1
vn 0 -2.220446049250313e-16 -1
vn 0 -2.220446049250313e-16 -1
vn 0 -2.220446049250313e-16 -1
vn 0 -2.220446049250313e-16 -1
vn 0 -2.220446049250313e-16 -1
vn 0 -2.220446049250313e-16 -1
vn 0 -2.220446049250313e-16 -1
vn 0 -2.220446049250313e-16 -1
vn 0 -2.220446049250313e-16 -1
vn 0 -2.220446049250313e-16 -1
vn 0 -2.220446049250313e-16 -1
vn 0 -2.220446049250313e-16 -1
vn 0 -2.220446049250313e-16 -1
vn 0 -2.220446049250313e-16 -1
vn 0 -2.220446049250313e-16 -1
vn 0 -2.220446049250313e-16 -1
vn 0 -2.220446049250313e-16 -1
vn 0 -2.220446049250313e-16 -1
vn 0 -2.220446049250313e-16 -1
vn 0 -2.220446049250313e-16 -1
vn 0 -2.220446049250313e-16 -1
vn 0 -2.220446049250313e-16 -1
vn 0 -2.220446049250313e-16 -1
vn 0 -2.220446049250313e-16 -1
vn 0 -2.220446049250313e-16 -1
vn 0 -2.220446049250313e-16 -1
vn 0 -2.220446049250313e-16 -1
vn 0 -2.220446049250313e-16 -1
vn 0 -2.220446049250313e-16 -1
f 789/789/789 814/814/814 790/790/790
f 814/814/814 815/815/815 790/790/790
f 790/790/790 815/815/815 791/791/791
f 815/815/815 816/816/816 791/791/791
f 791/791/791 816/816/816 792/792/792
f 816/816/816 817/817/817 792/792/792
f 792/792/792 817/817/817 793/793/793
f 817/817/817 818/818/818 793/793/793
f 793/793/793 818/818/818 794/794/794
f 818/818/818 819/819/819 794/794/794
f 794/794/794 819/819/819 795/795/795
f 819/819/819 820/820/820 795/795/795
f 795/795/795 820/820/820 796/796/796
f 820/820/820 821/821/821 796/796/796
f 796/796/796 821/821/821 797/797/797
f 821/821/821 822/822/822 797/797/797
f 797/797/797 822/822/822 798/798/798
f 822/822/822 823/823/823 798/798/798
f 798/798/798 823/823/823 799/799/799
f 823/823/823 824/824/824 799/799/799
f 799/799/799 824/824/824 800/800/800
f 824/824/824 825/825/825 800/800/800
f 800/800/800 825/825/825 801/801/801
f 825/825/825 826/826/826 801/801/801
f 801/801/801 826/826/826 802/802/802
f 826/826/826 827/827/827 802/802/802
f 802/802/802 827/827/827 803/803/803
f 827/827/827 828/828/828 803/803/803
f 803/803/803 828/828/828 804/804/804
f 828/828/828 829/829/829 804/804/804
f 804/804/804 829/829/829 805/805/805
f 829/829/829 830/830/830 805/805/805
f 805/805/805 830/830/830 806/806/806
f 830/830/830 831/831/831 806/806/806
f 806/806/806 831/831/831 807/807/807
f 831/831/831 832/832/832 807/807/807
f 807/807/807 832/832/832 808/808/808
f 832/832/832 833/833/833 808/808/808
f 808/808/808 833/833/833 809/809/809
f 833/833/833 834/834/834 809/809/809
f 809/809/809 834/834/834 810/810/810
f 834/834/834 835/835/835 810/810/810
f 810/810/810 835/835/835 811/811/811
f 835/835/835 836/836/836 811/811/811
f 811/811/811 836/836/836 812/812/812
f 836/836/836 837/837/837 812/812/812
f 812/812/812 837/837/837 813/813/813
f 837/837/837 838/838/838 813/813/813
f 863/863/863 864/864/864 839/839/839
f 864/864/864 865/865/865 840/840/840
f 865/865/865 866/866/866 841/841/841
f 866/866/866 867/867/867 842/842/842
f 867/867/867 868/868/868 843/843/843
f 868/868/868 869/869/869 844/844/844
f 869/869/869 870/870/870 845/845/845
f 870/870/870 871/871/871 846/846/846
f 871/871/871 872/872/872 847/847/847
f 872/872/872 873/873/873 848/848/848
f 873/873/873 874/874/874 849/849/849
f 874/874/874 875/875/875 850/850/850
f 875/875/875 876/876/876 851/851/851
f 876/876/876 877/877/877 852/852/852
f 877/877/877 878/878/878 853/853/853
f 878/878/878 879/879/879 854/854/854
f 879/879/879 880/880/880 855/855/855
f 880/880/880 881/881/881 856/856/856
f 881/881/881 882/882/882 857/857/857
f 882/882/882 883/883/883 858/858/858
f 883/883/883 884/884/884 859/859/859
f 884/884/884 885/885/885 860/860/860
f 885/885/885 886/886/886 861/861/861
f 886/886/886 887/887/887 862/862/862
f 913/913/913 912/912/912 888/888/888
f 914/914/914 913/913/913 889/889/889
f 915/915/915 914/914/914 890/890/890
f 916/916/916 915/915/915 891/891/891
f 917/917/917 916/916/916 892/892/892
f 918/918/918 917/917/917 893/893/893
f 919/919/919 918/918/918 894/894/894
f 920/920/920 919/919/919 895/895/895
f 921/921/921 920/920/920 896/896/896
f 922/922/922 921/921/921 897/897/897
f 923/923/923 922/922/922 898/898/898
f 924/924/924 923/923/923 899/899/899
f 925/925/925 924/924/924 900/900/900
f 926/926/926 925/925/925 901/901/901
f 927/927/927 926/926/926 902/902/902
f 928/928/928 927/927/927 903/903/903
f 929/929/929 928/928/928 904/904/904
f 930/930/930 929/929/929 905/905/905
f 931/931/931 930/930/930 906/906/906
f 932/932/932 931/931/931 907/907/907
f 933/933/933 932/932/932 908/908/908
f 934/934/934 933/933/933 909/909/909
f 935/935/935 934/934/934 910/910/910
f 936/936/936 935/935/935 911/911/911
o wheel_front_l_hub
usemtl body_dark
v 3.09 0.3689999997615815 1.025000006556511
v 3.1209973582625388 0.3751657575368882 1.025000006556511
v 3.1472756491601466 0.39272435083985335 1.0250000065565108
v 3.1648342424631117 0.41900264173746116 1.0250000065565108
v 3.1710000002384184 0.45000000000000007 1.0250000065565108
v 3.1648342424631117 0.480997358262539 1.0250000065565108
v 3.1472756491601466 0.5072756491601468 1.0250000065565108
v 3.1209973582625388 0.5248342424631119 1.0250000065565108
v 3.09 0.5310000002384186 1.0250000065565108
v 3.059002641737461 0.5248342424631119 1.0250000065565108
v 3.032724350839853 0.5072756491601468 1.0250000065565108
v 3.015165757536888 0.480997358262539 1.0250000065565108
v 3.0089999997615813 0.45000000000000007 1.0250000065565108
v 3.015165757536888 0.41900264173746116 1.0250000065565108
v 3.032724350839853 0.39272435083985335 1.0250000065565108
v 3.059002641737461 0.3751657575368882 1.025000006556511
v 3.09 0.3689999997615815 1.025000006556511
v 3.09 0.3689999997615814 0.6949999934434891
v 3.1209973582625388 0.3751657575368881 0.6949999934434891
v 3.1472756491601466 0.39272435083985324 0.6949999934434891
v 3.1648342424631117 0.41900264173746105 0.6949999934434891
v 3.1710000002384184 0.44999999999999996 0.6949999934434891
v 3.1648342424631117 0.48099735826253887 0.6949999934434891
v 3.1472756491601466 0.5072756491601467 0.6949999934434891
v 3.1209973582625388 0.5248342424631118 0.6949999934434891
v 3.09 0.5310000002384185 0.6949999934434891
v 3.059002641737461 0.5248342424631118 0.6949999934434891
v 3.032724350839853 0.5072756491601467 0.6949999934434891
v 3.015165757536888 0.48099735826253887 0.6949999934434891
v 3.0089999997615813 0.45 0.6949999934434891
v 3.015165757536888 0.41900264173746105 0.6949999934434891
v 3.032724350839853 0.39272435083985324 0.6949999934434891
v 3.059002641737461 0.3751657575368881 0.6949999934434891
v 3.09 0.3689999997615814 0.6949999934434891
v 3.09 0.45000000000000007 1.0250000065565108
v 3.09 0.45000000000000007 1.0250000065565108
v 3.09 0.45000000000000007 1.0250000065565108
v 3.09 0.45000000000000007 1.0250000065565108
v 3.09 0.45000000000000007 1.0250000065565108
v 3.09 0.45000000000000007 1.0250000065565108
v 3.09 0.45000000000000007 1.0250000065565108
v 3.09 0.45000000000000007 1.0250000065565108
v 3.09 0.45000000000000007 1.0250000065565108
v 3.09 0.45000000000000007 1.0250000065565108
v 3.09 0.45000000000000007 1.0250000065565108
v 3.09 0.45000000000000007 1.0250000065565108
v 3.09 0.45000000000000007 1.0250000065565108
v 3.09 0.45000000000000007 1.0250000065565108
v 3.09 0.45000000000000007 1.0250000065565108
v 3.09 0.45000000000000007 1.0250000065565108
v 3.09 0.3689999997615815 1.025000006556511
v 3.1209973582625388 0.3751657575368882 1.025000006556511
v 3.1472756491601466 0.39272435083985335 1.0250000065565108
v 3.1648342424631117 0.41900264173746116 1.0250000065565108
v 3.1710000002384184 0.45000000000000007 1.0250000065565108
v 3.1648342424631117 0.480997358262539 1.0250000065565108
v 3.1472756491601466 0.5072756491601468 1.0250000065565108
v 3.1209973582625388 0.5248342424631119 1.0250000065565108
v 3.09 0.5310000002384186 1.0250000065565108
v 3.059002641737461 0.5248342424631119 1.0250000065565108
v 3.032724350839853 0.5072756491601468 1.0250000065565108
v 3.015165757536888 0.480997358262539 1.0250000065565108
v 3.0089999997615813 0.45000000000000007 1.0250000065565108
v 3.015165757536888 0.41900264173746116 1.0250000065565108
v 3.032724350839853 0.39272435083985335 1.0250000065565108
v 3.059002641737461 0.3751657575368882 1.025000006556511
v 3.09 0.3689999997615815 1.025000006556511
v 3.09 0.44999999999999996 0.6949999934434891
v 3.09 0.44999999999999996 0.6949999934434891
v 3.09 0.44999999999999996 0.6949999934434891
v 3.09 0.44999999999999996 0.6949999934434891
v 3.09 0.44999999999999996 0.6949999934434891
v 3.09 0.44999999999999996 0.6949999934434891
v 3.09 0.44999999999999996 0.6949999934434891
v 3.09 0.44999999999999996 0.6949999934434891
v 3.09 0.44999999999999996 0.6949999934434891
v 3.09 0.44999999999999996 0.6949999934434891
v 3.09 0.44999999999999996 0.6949999934434891
v 3.09 0.44999999999999996 0.6949999934434891
v 3.09 0.44999999999999996 0.6949999934434891
v 3.09 0.44999999999999996 0.6949999934434891
v 3.09 0.44999999999999996 0.6949999934434891
v 3.09 0.44999999999999996 0.6949999934434891
v 3.09 0.3689999997615814 0.6949999934434891
v 3.1209973582625388 0.3751657575368881 0.6949999934434891
v 3.1472756491601466 0.39272435083985324 0.6949999934434891
v 3.1648342424631117 0.41900264173746105 0.6949999934434891
v 3.1710000002384184 0.44999999999999996 0.6949999934434891
v 3.1648342424631117 0.48099735826253887 0.6949999934434891
v 3.1472756491601466 0.5072756491601467 0.6949999934434891
v 3.1209973582625388 0.5248342424631118 0.6949999934434891
v 3.09 0.5310000002384185 0.6949999934434891
v 3.059002641737461 0.5248342424631118 0.6949999934434891
v 3.032724350839853 0.5072756491601467 0.6949999934434891
v 3.015165757536888 0.48099735826253887 0.6949999934434891
v 3.0089999997615813 0.45 0.6949999934434891
v 3.015165757536888 0.41900264173746105 0.6949999934434891
v 3.032724350839853 0.39272435083985324 0.6949999934434891
v 3.059002641737461 0.3751657575368881 0.6949999934434891
v 3.09 0.3689999997615814 0.6949999934434891
vt 0 1
vt 0.0625 1
vt 0.125 1
vt 0.1875 1
vt 0.25 1
vt 0.3125 1
vt 0.375 1
vt 0.4375 1
vt 0.5 1
vt 0.5625 1
vt 0.625 1
vt 0.6875 1
vt 0.75 1
vt 0.8125 1
vt 0.875 1
vt 0.9375 1
vt 1 1
vt 0 0
vt 0.0625 0
vt 0.125 0
vt 0.1875 0
vt 0.25 0
vt 0.3125 0
vt 0.375 0
vt 0.4375 0
vt 0.5 0
vt 0.5625 0
vt 0.625 0
vt 0.6875 0
vt 0.75 0
vt 0.8125 0
vt 0.875 0
vt 0.9375 0
vt 1 0
vt 0.5 0.5
vt 0.5 0.5
vt 0.5 0.5
vt 0.5 0.5
vt 0.5 0.5
vt 0.5 0.5
vt 0.5 0.5
vt 0.5 0.5
vt 0.5 0.5
vt 0.5 0.5
vt 0.5 0.5
vt 0.5 0.5
vt 0.5 0.5
vt 0.5 0.5
vt 0.5 0.5
vt 0.5 0.5
vt 1 0.5
vt 0.9619397521018982 0.6913416981697083
vt 0.8535534143447876 0.8535534143447876
vt 0.6913416981697083 0.9619397521018982
vt 0.5 1
vt 0.30865827202796936 0.9619397521018982
vt 0.1464466154575348 0.8535534143447876
vt 0.03806023299694061 0.6913416981697083
vt 0 0.5
vt 0.03806023299694061 0.30865827202796936
vt 0.1464466154575348 0.1464466154575348
vt 0.30865827202796936 0.03806023299694061
vt 0.5 0
vt 0.6913416981697083 0.03806023299694061
vt 0.8535534143447876 0.1464466154575348
vt 0.9619397521018982 0.30865827202796936
vt 1 0.5
vt 0.5 0.5
vt 0.5 0.5
vt 0.5 0.5
vt 0.5 0.5
vt 0.5 0.5
vt 0.5 0.5
vt 0.5 0.5
vt 0.5 0.5
vt 0.5 0.5
vt 0.5 0.5
vt 0.5 0.5
vt 0.5 0.5
vt 0.5 0.5
vt 0.5 0.5
vt 0.5 0.5
vt 0.5 0.5
vt 1 0.5
vt 0.9619397521018982 0.30865827202796936
vt 0.8535534143447876 0.1464466154575348
vt 0.6913416981697083 0.03806023299694061
vt 0.5 0
vt 0.30865827202796936 0.03806023299694061
vt 0.1464466154575348 0.1464466154575348
vt 0.03806023299694061 0.30865827202796936
vt 0 0.5
vt 0.03806023299694061 0.6913416981697083
vt 0.1464466154575348 0.8535534143447876
vt 0.30865827202796936 0.9619397521018982
vt 0.5 1
vt 0.6913416981697083 0.9619397521018982
vt 0.8535534143447876 0.8535534143447876
vt 0.9619397521018982 0.6913416981697083
vt 1 0.5
vn 0 -1 2.220446049250313e-16
vn 0.3826834370613369 -0.9238795305660377 2.0514246536285922e-16
vn 0.7071067811865476 -0.7071067811865476 1.5700924586837752e-16
vn 0.9238795305660377 -0.3826834370613369 8.497279259363763e-17
vn 1 -6.123234262925839e-17 1.3596311327747833e-32
vn 0.9238795305660377 0.3826834370613369 -8.497279259363763e-17
vn 0.7071067811865476 0.7071067811865476 -1.5700924586837752e-16
vn 0.3826834370613369 0.9238795305660377 -2.0514246536285922e-16
vn 1.2246468525851679e-16 1 -2.220446049250313e-16
vn -0.3826834370613369 0.9238795305660377 -2.0514246536285922e-16
vn -0.7071067811865476 0.7071067811865476 -1.5700924586837752e-16
vn -0.9238795305660377 0.3826834370613369 -8.497279259363763e-17
vn -1 1.8369701465288538e-16 -4.078893104450762e-32
vn -0.9238795305660377 -0.3826834370613369 8.497279259363763e-17
vn -0.7071067811865476 -0.7071067811865476 1.5700924586837752e-16
vn -0.3826834370613369 -0.9238795305660377 2.0514246536285922e-16
vn -2.4492937051703357e-16 -1 2.220446049250313e-16
vn 0 -1 2.220446049250313e-16
vn 0.3826834370613369 -0.9238795305660377 2.0514246536285922e-16
vn 0.7071067811865476 -0.7071067811865476 1.5700924586837752e-16
vn 0.9238795305660377 -0.3826834370613369 8.497279259363763e-17
vn 1 -6.123234262925839e-17 1.3596311327747833e-32
vn 0.9238795305660377 0.3826834370613369 -8.497279259363763e-17
vn 0.7071067811865476 0.7071067811865476 -1.5700924586837752e-16
vn 0.3826834370613369 0.9238795305660377 -2.0514246536285922e-16
vn 1.2246468525851679e-16 1 -2.220446049250313e-16
vn -0.3826834370613369 0.9238795305660377 -2.0514246536285922e-16
vn -0.7071067811865476 0.7071067811865476 -1.5700924586837752e-16
vn -0.9238795305660377 0.3826834370613369 -8.497279259363763e-17
vn -1 1.8369701465288538e-16 -4.078893104450762e-32
vn -0.9238795305660377 -0.3826834370613369 8.497279259363763e-17
vn -0.7071067811865476 -0.7071067811865476 1.5700924586837752e-16
vn -0.3826834370613369 -0.9238795305660377 2.0514246536285922e-16
vn -2.4492937051703357e-16 -1 2.220446049250313e-16
vn 0 2.220446049250313e-16 1
vn 0 2.220446049250313e-16 1
vn 0 2.220446049250313e-16 1
vn 0 2.220446049250313e-16 1
vn 0 2.220446049250313e-16 1
vn 0 2.220446049250313e-16 1
vn 0 2.220446049250313e-16 1
vn 0 2.220446049250313e-16 1
vn 0 2.220446049250313e-16 1
vn 0 2.220446049250313e-16 1
vn 0 2.220446049250313e-16 1
vn 0 2.220446049250313e-16 1
vn 0 2.220446049250313e-16 1
vn 0 2.220446049250313e-16 1
vn 0 2.220446049250313e-16 1
vn 0 2.220446049250313e-16 1
vn 0 2.220446049250313e-16 1
vn 0 2.220446049250313e-16 1
vn 0 2.220446049250313e-16 1
vn 0 2.220446049250313e-16 1
vn 0 2.220446049250313e-16 1
vn 0 2.220446049250313e-16 1
vn 0 2.220446049250313e-16 1
vn 0 2.220446049250313e-16 1
vn 0 2.220446049250313e-16 1
vn 0 2.220446049250313e-16 1
vn 0 2.220446049250313e-16 1
vn 0 2.220446049250313e-16 1
vn 0 2.220446049250313e-16 1
vn 0 2.220446049250313e-16 1
vn 0 2.220446049250313e-16 1
vn 0 2.220446049250313e-16 1
vn 0 2.220446049250313e-16 1
vn 0 -2.220446049250313e-16 -1
vn 0 -2.220446049250313e-16 -1
vn 0 -2.220446049250313e-16 -1
vn 0 -2.220446049250313e-16 -1
vn 0 -2.220446049250313e-16 -1
vn 0 -2.220446049250313e-16 -1
vn 0 -2.220446049250313e-16 -1
vn 0 -2.220446049250313e-16 -1
vn 0 -2.220446049250313e-16 -1
vn 0 -2.220446049250313e-16 -1
vn 0 -2.220446049250313e-16 -1
vn 0 -2.220446049250313e-16 -1
vn 0 -2.220446049250313e-16 -1
vn 0 -2.220446049250313e-16 -1
vn 0 -2.220446049250313e-16 -1
vn 0 -2.220446049250313e-16 -1
vn 0 -2.220446049250313e-16 -1
vn 0 -2.220446049250313e-16 -1
vn 0 -2.220446049250313e-16 -1
vn 0 -2.220446049250313e-16 -1
vn 0 -2.220446049250313e-16 -1
vn 0 -2.220446049250313e-16 -1
vn 0 -2.220446049250313e-16 -1
vn 0 -2.220446049250313e-16 -1
vn 0 -2.220446049250313e-16 -1
vn 0 -2.220446049250313e-16 -1
vn 0 -2.220446049250313e-16 -1
vn 0 -2.220446049250313e-16 -1
vn 0 -2.220446049250313e-16 -1
vn 0 -2.220446049250313e-16 -1
vn 0 -2.220446049250313e-16 -1
vn 0 -2.220446049250313e-16 -1
vn 0 -2.220446049250313e-16 -1
f 937/937/937 954/954/954 938/938/938
f 954/954/954 955/955/955 938/938/938
f 938/938/938 955/955/955 939/939/939
f 955/955/955 956/956/956 939/939/939
f 939/939/939 956/956/956 940/940/940
f 956/956/956 957/957/957 940/940/940
f 940/940/940 957/957/957 941/941/941
f 957/957/957 958/958/958 941/941/941
f 941/941/941 958/958/958 942/942/942
f 958/958/958 959/959/959 942/942/942
f 942/942/942 959/959/959 943/943/943
f 959/959/959 960/960/960 943/943/943
f 943/943/943 960/960/960 944/944/944
f 960/960/960 961/961/961 944/944/944
f 944/944/944 961/961/961 945/945/945
f 961/961/961 962/962/962 945/945/945
f 945/945/945 962/962/962 946/946/946
f 962/962/962 963/963/963 946/946/946
f 946/946/946 963/963/963 947/947/947
f 963/963/963 964/964/964 947/947/947
f 947/947/947 964/964/964 948/948/948
f 964/964/964 965/965/965 948/948/948
f 948/948/948 965/965/965 949/949/949
f 965/965/965 966/966/966 949/949/949
f 949/949/949 966/966/966 950/950/950
f 966/966/966 967/967/967 950/950/950
f 950/950/950 967/967/967 951/951/951
f 967/967/967 968/968/968 951/951/951
f 951/951/951 968/968/968 952/952/952
f 968/968/968 969/969/969 952/952/952
f 952/952/952 969/969/969 953/953/953
f 969/969/969 970/970/970 953/953/953
f 987/987/987 988/988/988 971/971/971
f 988/988/988 989/989/989 972/972/972
f 989/989/989 990/990/990 973/973/973
f 990/990/990 991/991/991 974/974/974
f 991/991/991 992/992/992 975/975/975
f 992/992/992 993/993/993 976/976/976
f 993/993/993 994/994/994 977/977/977
f 994/994/994 995/995/995 978/978/978
f 995/995/995 996/996/996 979/979/979
f 996/996/996 997/997/997 980/980/980
f 997/997/997 998/998/998 981/981/981
f 998/998/998 999/999/999 982/982/982
f 999/999/999 1000/1000/1000 983/983/983
f 1000/1000/1000 1001/1001/1001 984/984/984
f 1001/1001/1001 1002/1002/1002 985/985/985
f 1002/1002/1002 1003/1003/1003 986/986/986
f 1021/1021/1021 1020/1020/1020 1004/1004/1004
f 1022/1022/1022 1021/1021/1021 1005/1005/1005
f 1023/1023/1023 1022/1022/1022 1006/1006/1006
f 1024/1024/1024 1023/1023/1023 1007/1007/1007
f 1025/1025/1025 1024/1024/1024 1008/1008/1008
f 1026/1026/1026 1025/1025/1025 1009/1009/1009
f 1027/1027/1027 1026/1026/1026 1010/1010/1010
f 1028/1028/1028 1027/1027/1027 1011/1011/1011
f 1029/1029/1029 1028/1028/1028 1012/1012/1012
f 1030/1030/1030 1029/1029/1029 1013/1013/1013
f 1031/1031/1031 1030/1030/1030 1014/1014/1014
f 1032/1032/1032 1031/1031/1031 1015/1015/1015
f 1033/1033/1033 1032/1032/1032 1016/1016/1016
f 1034/1034/1034 1033/1033/1033 1017/1017/1017
f 1035/1035/1035 1034/1034/1034 1018/1018/1018
f 1036/1036/1036 1035/1035/1035 1019/1019/1019
o wheel_front_r_tire
usemtl ink
v 3.09 1.1920929021691506e-8 -0.7099999940395354
v 3.1777906456589697 0.008646619319915838 -0.7099999940395354
v 3.262207549214363 0.03425420522689826 -0.7099999940395354
v 3.34000661611557 0.0758386671543122 -0.7099999940395354
v 3.4081980550289153 0.13180194497108466 -0.7099999940395354
v 3.4641613328456877 0.19999338388443 -0.7099999940395354
v 3.5057457947731017 0.27779245078563697 -0.7099999940395355
v 3.531353380680084 0.3622093543410302 -0.7099999940395355
v 3.539999988079071 0.45 -0.7099999940395355
v 3.531353380680084 0.53779064565897 -0.7099999940395355
v 3.5057457947731017 0.6222075492143632 -0.7099999940395355
v 3.4641613328456877 0.7000066161155701 -0.7099999940395356
v 3.4081980550289153 0.7681980550289155 -0.7099999940395356
v 3.34000661611557 0.8241613328456879 -0.7099999940395356
v 3.262207549214363 0.8657457947731019 -0.7099999940395356
v 3.1777906456589697 0.8913533806800843 -0.7099999940395356
v 3.09 0.8999999880790711 -0.7099999940395356
v 3.00220935434103 0.8913533806800843 -0.7099999940395356
v 2.9177924507856368 0.8657457947731019 -0.7099999940395356
v 2.83999338388443 0.8241613328456879 -0.7099999940395356
v 2.7718019449710845 0.7681980550289155 -0.7099999940395356
v 2.715838667154312 0.7000066161155701 -0.7099999940395356
v 2.674254205226898 0.6222075492143632 -0.7099999940395355
v 2.6486466193199156 0.53779064565897 -0.7099999940395355
v 2.640000011920929 0.4500000000000001 -0.7099999940395355
v 2.6486466193199156 0.3622093543410302 -0.7099999940395355
v 2.674254205226898 0.27779245078563697 -0.7099999940395355
v 2.715838667154312 0.19999338388443 -0.7099999940395354
v 2.7718019449710845 0.13180194497108466 -0.7099999940395354
v 2.83999338388443 0.0758386671543122 -0.7099999940395354
v 2.9177924507856368 0.03425420522689826 -0.7099999940395354
v 3.00220935434103 0.008646619319915838 -0.7099999940395354
v 3.09 1.1920929021691506e-8 -0.7099999940395354
v 3.09 1.1920928910669204e-8 -1.0100000059604644
v 3.1777906456589697 0.008646619319915727 -1.0100000059604644
v 3.262207549214363 0.03425420522689815 -1.0100000059604644
v 3.34000661611557 0.07583866715431209 -1.0100000059604644
v 3.4081980550289153 0.13180194497108455 -1.0100000059604644
v 3.4641613328456877 0.1999933838844299 -1.0100000059604644
v 3.5057457947731017 0.27779245078563686 -1.0100000059604644
v 3.531353380680084 0.3622093543410301 -1.0100000059604644
v 3.539999988079071 0.44999999999999996 -1.0100000059604644
v 3.531353380680084 0.5377906456589698 -1.0100000059604646
v 3.5057457947731017 0.622207549214363 -1.0100000059604646
v 3.4641613328456877 0.70000661611557 -1.0100000059604646
v 3.4081980550289153 0.7681980550289154 -1.0100000059604646
v 3.34000661611557 0.8241613328456878 -1.0100000059604646
v 3.262207549214363 0.8657457947731018 -1.0100000059604646
v 3.1777906456589697 0.8913533806800842 -1.0100000059604646
v 3.09 0.899999988079071 -1.0100000059604646
v 3.00220935434103 0.8913533806800842 -1.0100000059604646
v 2.9177924507856368 0.8657457947731018 -1.0100000059604646
v 2.83999338388443 0.8241613328456878 -1.0100000059604646
v 2.7718019449710845 0.7681980550289154 -1.0100000059604646
v 2.715838667154312 0.70000661611557 -1.0100000059604646
v 2.674254205226898 0.622207549214363 -1.0100000059604646
v 2.6486466193199156 0.5377906456589698 -1.0100000059604646
v 2.640000011920929 0.45000000000000007 -1.0100000059604644
v 2.6486466193199156 0.3622093543410301 -1.0100000059604644
v 2.674254205226898 0.27779245078563686 -1.0100000059604644
v 2.715838667154312 0.1999933838844299 -1.0100000059604644
v 2.7718019449710845 0.13180194497108455 -1.0100000059604644
v 2.83999338388443 0.07583866715431209 -1.0100000059604644
v 2.9177924507856368 0.03425420522689815 -1.0100000059604644
v 3.00220935434103 0.008646619319915727 -1.0100000059604644
v 3.09 1.1920928910669204e-8 -1.0100000059604644
v 3.09 0.45000000000000007 -0.7099999940395355
v 3.09 0.45000000000000007 -0.7099999940395355
v 3.09 0.45000000000000007 -0.7099999940395355
v 3.09 0.45000000000000007 -0.7099999940395355
v 3.09 0.45000000000000007 -0.7099999940395355
v 3.09 0.45000000000000007 -0.7099999940395355
v 3.09 0.45000000000000007 -0.7099999940395355
v 3.09 0.45000000000000007 -0.7099999940395355
v 3.09 0.45000000000000007 -0.7099999940395355
v 3.09 0.45000000000000007 -0.7099999940395355
v 3.09 0.45000000000000007 -0.7099999940395355
v 3.09 0.45000000000000007 -0.7099999940395355
v 3.09 0.45000000000000007 -0.7099999940395355
v 3.09 0.45000000000000007 -0.7099999940395355
v 3.09 0.45000000000000007 -0.7099999940395355
v 3.09 0.45000000000000007 -0.7099999940395355
v 3.09 0.45000000000000007 -0.7099999940395355
v 3.09 0.45000000000000007 -0.7099999940395355
v 3.09 0.45000000000000007 -0.7099999940395355
v 3.09 0.45000000000000007 -0.7099999940395355
v 3.09 0.45000000000000007 -0.7099999940395355
v 3.09 0.45000000000000007 -0.7099999940395355
v 3.09 0.45000000000000007 -0.7099999940395355
v 3.09 0.45000000000000007 -0.7099999940395355
v 3.09 0.45000000000000007 -0.7099999940395355
v 3.09 0.45000000000000007 -0.7099999940395355
v 3.09 0.45000000000000007 -0.7099999940395355
v 3.09 0.45000000000000007 -0.7099999940395355
v 3.09 0.45000000000000007 -0.7099999940395355
v 3.09 0.45000000000000007 -0.7099999940395355
v 3.09 0.45000000000000007 -0.7099999940395355
v 3.09 0.45000000000000007 -0.7099999940395355
v 3.09 1.1920929021691506e-8 -0.7099999940395354
v 3.1777906456589697 0.008646619319915838 -0.7099999940395354
v 3.262207549214363 0.03425420522689826 -0.7099999940395354
v 3.34000661611557 0.0758386671543122 -0.7099999940395354
v 3.4081980550289153 0.13180194497108466 -0.7099999940395354
v 3.4641613328456877 0.19999338388443 -0.7099999940395354
v 3.5057457947731017 0.27779245078563697 -0.7099999940395355
v 3.531353380680084 0.3622093543410302 -0.7099999940395355
v 3.539999988079071 0.45 -0.7099999940395355
v 3.531353380680084 0.53779064565897 -0.7099999940395355
v 3.5057457947731017 0.6222075492143632 -0.7099999940395355
v 3.4641613328456877 0.7000066161155701 -0.7099999940395356
v 3.4081980550289153 0.7681980550289155 -0.7099999940395356
v 3.34000661611557 0.8241613328456879 -0.7099999940395356
v 3.262207549214363 0.8657457947731019 -0.7099999940395356
v 3.1777906456589697 0.8913533806800843 -0.7099999940395356
v 3.09 0.8999999880790711 -0.7099999940395356
v 3.00220935434103 0.8913533806800843 -0.7099999940395356
v 2.9177924507856368 0.8657457947731019 -0.7099999940395356
v 2.83999338388443 0.8241613328456879 -0.7099999940395356
v 2.7718019449710845 0.7681980550289155 -0.7099999940395356
v 2.715838667154312 0.7000066161155701 -0.7099999940395356
v 2.674254205226898 0.6222075492143632 -0.7099999940395355
v 2.6486466193199156 0.53779064565897 -0.7099999940395355
v 2.640000011920929 0.4500000000000001 -0.7099999940395355
v 2.6486466193199156 0.3622093543410302 -0.7099999940395355
v 2.674254205226898 0.27779245078563697 -0.7099999940395355
v 2.715838667154312 0.19999338388443 -0.7099999940395354
v 2.7718019449710845 0.13180194497108466 -0.7099999940395354
v 2.83999338388443 0.0758386671543122 -0.7099999940395354
v 2.9177924507856368 0.03425420522689826 -0.7099999940395354
v 3.00220935434103 0.008646619319915838 -0.7099999940395354
v 3.09 1.1920929021691506e-8 -0.7099999940395354
v 3.09 0.44999999999999996 -1.0100000059604644
v 3.09 0.44999999999999996 -1.0100000059604644
v 3.09 0.44999999999999996 -1.0100000059604644
v 3.09 0.44999999999999996 -1.0100000059604644
v 3.09 0.44999999999999996 -1.0100000059604644
v 3.09 0.44999999999999996 -1.0100000059604644
v 3.09 0.44999999999999996 -1.0100000059604644
v 3.09 0.44999999999999996 -1.0100000059604644
v 3.09 0.44999999999999996 -1.0100000059604644
v 3.09 0.44999999999999996 -1.0100000059604644
v 3.09 0.44999999999999996 -1.0100000059604644
v 3.09 0.44999999999999996 -1.0100000059604644
v 3.09 0.44999999999999996 -1.0100000059604644
v 3.09 0.44999999999999996 -1.0100000059604644
v 3.09 0.44999999999999996 -1.0100000059604644
v 3.09 0.44999999999999996 -1.0100000059604644
v 3.09 0.44999999999999996 -1.0100000059604644
v 3.09 0.44999999999999996 -1.0100000059604644
v 3.09 0.44999999999999996 -1.0100000059604644
v 3.09 0.44999999999999996 -1.0100000059604644
v 3.09 0.44999999999999996 -1.0100000059604644
v 3.09 0.44999999999999996 -1.0100000059604644
v 3.09 0.44999999999999996 -1.0100000059604644
v 3.09 0.44999999999999996 -1.0100000059604644
v 3.09 0.44999999999999996 -1.0100000059604644
v 3.09 0.44999999999999996 -1.0100000059604644
v 3.09 0.44999999999999996 -1.0100000059604644
v 3.09 0.44999999999999996 -1.0100000059604644
v 3.09 0.44999999999999996 -1.0100000059604644
v 3.09 0.44999999999999996 -1.0100000059604644
v 3.09 0.44999999999999996 -1.0100000059604644
v 3.09 0.44999999999999996 -1.0100000059604644
v 3.09 1.1920928910669204e-8 -1.0100000059604644
v 3.1777906456589697 0.008646619319915727 -1.0100000059604644
v 3.262207549214363 0.03425420522689815 -1.0100000059604644
v 3.34000661611557 0.07583866715431209 -1.0100000059604644
v 3.4081980550289153 0.13180194497108455 -1.0100000059604644
v 3.4641613328456877 0.1999933838844299 -1.0100000059604644
v 3.5057457947731017 0.27779245078563686 -1.0100000059604644
v 3.531353380680084 0.3622093543410301 -1.0100000059604644
v 3.539999988079071 0.44999999999999996 -1.0100000059604644
v 3.531353380680084 0.5377906456589698 -1.0100000059604646
v 3.5057457947731017 0.622207549214363 -1.0100000059604646
v 3.4641613328456877 0.70000661611557 -1.0100000059604646
v 3.4081980550289153 0.7681980550289154 -1.0100000059604646
v 3.34000661611557 0.8241613328456878 -1.0100000059604646
v 3.262207549214363 0.8657457947731018 -1.0100000059604646
v 3.1777906456589697 0.8913533806800842 -1.0100000059604646
v 3.09 0.899999988079071 -1.0100000059604646
v 3.00220935434103 0.8913533806800842 -1.0100000059604646
v 2.9177924507856368 0.8657457947731018 -1.0100000059604646
v 2.83999338388443 0.8241613328456878 -1.0100000059604646
v 2.7718019449710845 0.7681980550289154 -1.0100000059604646
v 2.715838667154312 0.70000661611557 -1.0100000059604646
v 2.674254205226898 0.622207549214363 -1.0100000059604646
v 2.6486466193199156 0.5377906456589698 -1.0100000059604646
v 2.640000011920929 0.45000000000000007 -1.0100000059604644
v 2.6486466193199156 0.3622093543410301 -1.0100000059604644
v 2.674254205226898 0.27779245078563686 -1.0100000059604644
v 2.715838667154312 0.1999933838844299 -1.0100000059604644
v 2.7718019449710845 0.13180194497108455 -1.0100000059604644
v 2.83999338388443 0.07583866715431209 -1.0100000059604644
v 2.9177924507856368 0.03425420522689815 -1.0100000059604644
v 3.00220935434103 0.008646619319915727 -1.0100000059604644
v 3.09 1.1920928910669204e-8 -1.0100000059604644
vt 0 1
vt 0.03125 1
vt 0.0625 1
vt 0.09375 1
vt 0.125 1
vt 0.15625 1
vt 0.1875 1
vt 0.21875 1
vt 0.25 1
vt 0.28125 1
vt 0.3125 1
vt 0.34375 1
vt 0.375 1
vt 0.40625 1
vt 0.4375 1
vt 0.46875 1
vt 0.5 1
vt 0.53125 1
vt 0.5625 1
vt 0.59375 1
vt 0.625 1
vt 0.65625 1
vt 0.6875 1
vt 0.71875 1
vt 0.75 1
vt 0.78125 1
vt 0.8125 1
vt 0.84375 1
vt 0.875 1
vt 0.90625 1
vt 0.9375 1
vt 0.96875 1
vt 1 1
vt 0 0
vt 0.03125 0
vt 0.0625 0
vt 0.09375 0
vt 0.125 0
vt 0.15625 0
vt 0.1875 0
vt 0.21875 0
vt 0.25 0
vt 0.28125 0
vt 0.3125 0
vt 0.34375 0
vt 0.375 0
vt 0.40625 0
vt 0.4375 0
vt 0.46875 0
vt 0.5 0
vt 0.53125 0
vt 0.5625 0
vt 0.59375 0
vt 0.625 0
vt 0.65625 0
vt 0.6875 0
vt 0.71875 0
vt 0.75 0
vt 0.78125 0
vt 0.8125 0
vt 0.84375 0
vt 0.875 0
vt 0.90625 0
vt 0.9375 0
vt 0.96875 0
vt 1 0
vt 0.5 0.5
vt 0.5 0.5
vt 0.5 0.5
vt 0.5 0.5
vt 0.5 0.5
vt 0.5 0.5
vt 0.5 0.5
vt 0.5 0.5
vt 0.5 0.5
vt 0.5 0.5
vt 0.5 0.5
vt 0.5 0.5
vt 0.5 0.5
vt 0.5 0.5
vt 0.5 0.5
vt 0.5 0.5
vt 0.5 0.5
vt 0.5 0.5
vt 0.5 0.5
vt 0.5 0.5
vt 0.5 0.5
vt 0.5 0.5
vt 0.5 0.5
vt 0.5 0.5
vt 0.5 0.5
vt 0.5 0.5
vt 0.5 0.5
vt 0.5 0.5
vt 0.5 0.5
vt 0.5 0.5
vt 0.5 0.5
vt 0.5 0.5
vt 1 0.5
vt 0.9903926253318787 0.5975451469421387
vt 0.9619397521018982 0.6913416981697083
vt 0.9157348275184631 0.7777851223945618
vt 0.8535534143447876 0.8535534143447876
vt 0.7777851223945618 0.9157348275184631
vt 0.6913416981697083 0.9619397521018982
vt 0.5975451469421387 0.9903926253318787
vt 0.5 1
vt 0.40245485305786133 0.9903926253318787
vt 0.30865827202796936 0.9619397521018982
vt 0.22221487760543823 0.9157348275184631
vt 0.1464466154575348 0.8535534143447876
vt 0.08426519483327866 0.7777851223945618
vt 0.03806023299694061 0.6913416981697083
vt 0.009607359766960144 0.5975451469421387
vt 0 0.5
vt 0.009607359766960144 0.40245485305786133
vt 0.03806023299694061 0.30865827202796936
vt 0.08426519483327866 0.22221487760543823
vt 0.1464466154575348 0.1464466154575348
vt 0.22221487760543823 0.08426519483327866
vt 0.30865827202796936 0.03806023299694061
vt 0.40245485305786133 0.009607359766960144
vt 0.5 0
vt 0.5975451469421387 0.009607359766960144
vt 0.6913416981697083 0.03806023299694061
vt 0.7777851223945618 0.08426519483327866
vt 0.8535534143447876 0.1464466154575348
vt 0.9157348275184631 0.22221487760543823
vt 0.9619397521018982 0.30865827202796936
vt 0.9903926253318787 0.40245485305786133
vt 1 0.5
vt 0.5 0.5
vt 0.5 0.5
vt 0.5 0.5
vt 0.5 0.5
vt 0.5 0.5
vt 0.5 0.5
vt 0.5 0.5
vt 0.5 0.5
vt 0.5 0.5
vt 0.5 0.5
vt 0.5 0.5
vt 0.5 0.5
vt 0.5 0.5
vt 0.5 0.5
vt 0.5 0.5
vt 0.5 0.5
vt 0.5 0.5
vt 0.5 0.5
vt 0.5 0.5
vt 0.5 0.5
vt 0.5 0.5
vt 0.5 0.5
vt 0.5 0.5
vt 0.5 0.5
vt 0.5 0.5
vt 0.5 0.5
vt 0.5 0.5
vt 0.5 0.5
vt 0.5 0.5
vt 0.5 0.5
vt 0.5 0.5
vt 0.5 0.5
vt 1 0.5
vt 0.9903926253318787 0.40245485305786133
vt 0.9619397521018982 0.30865827202796936
vt 0.9157348275184631 0.22221487760543823
vt 0.8535534143447876 0.1464466154575348
vt 0.7777851223945618 0.08426519483327866
vt 0.6913416981697083 0.03806023299694061
vt 0.5975451469421387 0.009607359766960144
vt 0.5 0
vt 0.40245485305786133 0.009607359766960144
vt 0.30865827202796936 0.03806023299694061
vt 0.22221487760543823 0.08426519483327866
vt 0.1464466154575348 0.1464466154575348
vt 0.08426519483327866 0.22221487760543823
vt 0.03806023299694061 0.30865827202796936
vt 0.009607359766960144 0.40245485305786133
vt 0 0.5
vt 0.009607359766960144 0.5975451469421387
vt 0.03806023299694061 0.6913416981697083
vt 0.08426519483327866 0.7777851223945618
vt 0.1464466154575348 0.8535534143447876
vt 0.22221487760543823 0.9157348275184631
vt 0.30865827202796936 0.9619397521018982
vt 0.40245485305786133 0.9903926253318787
vt 0.5 1
vt 0.5975451469421387 0.9903926253318787
vt 0.6913416981697083 0.9619397521018982
vt 0.7777851223945618 0.9157348275184631
vt 0.8535534143447876 0.8535534143447876
vt 0.9157348275184631 0.7777851223945618
vt 0.9619397521018982 0.6913416981697083
vt 0.9903926253318787 0.5975451469421387
vt 1 0.5
vn 0 -1 2.220446049250313e-16
vn 0.19509032931342324 -0.9807852789517083 2.177780797811187e-16
vn 0.3826834370613369 -0.9238795305660377 2.0514246536285922e-16
vn 0.555570248949409 -0.8314696016585884 1.8462333920745442e-16
vn 0.7071067811865476 -0.7071067811865476 1.5700924586837752e-16
vn 0.8314696016585884 -0.555570248949409 1.233613764360728e-16
vn 0.9238795305660377 -0.3826834370613369 8.497279259363763e-17
vn 0.9807852789517083 -0.19509032931342324 4.331875509709332e-17
vn 1 -6.123234262925839e-17 1.3596311327747833e-32
vn 0.9807852789517083 0.19509032931342324 -4.331875509709332e-17
vn 0.9238795305660377 0.3826834370613369 -8.497279259363763e-17
vn 0.8314696016585884 0.555570248949409 -1.233613764360728e-16
vn 0.7071067811865476 0.7071067811865476 -1.5700924586837752e-16
vn 0.555570248949409 0.8314696016585884 -1.8462333920745442e-16
vn 0.3826834370613369 0.9238795305660377 -2.0514246536285922e-16
vn 0.19509032931342324 0.9807852789517083 -2.177780797811187e-16
vn 1.2246468525851679e-16 1 -2.220446049250313e-16
vn -0.19509032931342324 0.9807852789517083 -2.177780797811187e-16
vn -0.3826834370613369 0.9238795305660377 -2.0514246536285922e-16
vn -0.555570248949409 0.8314696016585884 -1.8462333920745442e-16
vn -0.7071067811865476 0.7071067811865476 -1.5700924586837752e-16
vn -0.8314696016585884 0.555570248949409 -1.233613764360728e-16
vn -0.9238795305660377 0.3826834370613369 -8.497279259363763e-17
vn -0.9807852789517083 0.19509032931342324 -4.331875509709332e-17
vn -1 1.8369701465288538e-16 -4.078893104450762e-32
vn -0.9807852789517083 -0.19509032931342324 4.331875509709332e-17
vn -0.9238795305660377 -0.3826834370613369 8.497279259363763e-17
vn -0.8314696016585884 -0.555570248949409 1.233613764360728e-16
vn -0.7071067811865476 -0.7071067811865476 1.5700924586837752e-16
vn -0.555570248949409 -0.8314696016585884 1.8462333920745442e-16
vn -0.3826834370613369 -0.9238795305660377 2.0514246536285922e-16
vn -0.19509032931342324 -0.9807852789517083 2.177780797811187e-16
vn -2.4492937051703357e-16 -1 2.220446049250313e-16
vn 0 -1 2.220446049250313e-16
vn 0.19509032931342324 -0.9807852789517083 2.177780797811187e-16
vn 0.3826834370613369 -0.9238795305660377 2.0514246536285922e-16
vn 0.555570248949409 -0.8314696016585884 1.8462333920745442e-16
vn 0.7071067811865476 -0.7071067811865476 1.5700924586837752e-16
vn 0.8314696016585884 -0.555570248949409 1.233613764360728e-16
vn 0.9238795305660377 -0.3826834370613369 8.497279259363763e-17
vn 0.9807852789517083 -0.19509032931342324 4.331875509709332e-17
vn 1 -6.123234262925839e-17 1.3596311327747833e-32
vn 0.9807852789517083 0.19509032931342324 -4.331875509709332e-17
vn 0.9238795305660377 0.3826834370613369 -8.497279259363763e-17
vn 0.8314696016585884 0.555570248949409 -1.233613764360728e-16
vn 0.7071067811865476 0.7071067811865476 -1.5700924586837752e-16
vn 0.555570248949409 0.8314696016585884 -1.8462333920745442e-16
vn 0.3826834370613369 0.9238795305660377 -2.0514246536285922e-16
vn 0.19509032931342324 0.9807852789517083 -2.177780797811187e-16
vn 1.2246468525851679e-16 1 -2.220446049250313e-16
vn -0.19509032931342324 0.9807852789517083 -2.177780797811187e-16
vn -0.3826834370613369 0.9238795305660377 -2.0514246536285922e-16
vn -0.555570248949409 0.8314696016585884 -1.8462333920745442e-16
vn -0.7071067811865476 0.7071067811865476 -1.5700924586837752e-16
vn -0.8314696016585884 0.555570248949409 -1.233613764360728e-16
vn -0.9238795305660377 0.3826834370613369 -8.497279259363763e-17
vn -0.9807852789517083 0.19509032931342324 -4.331875509709332e-17
vn -1 1.8369701465288538e-16 -4.078893104450762e-32
vn -0.9807852789517083 -0.19509032931342324 4.331875509709332e-17
vn -0.9238795305660377 -0.3826834370613369 8.497279259363763e-17
vn -0.8314696016585884 -0.555570248949409 1.233613764360728e-16
vn -0.7071067811865476 -0.7071067811865476 1.5700924586837752e-16
vn -0.555570248949409 -0.8314696016585884 1.8462333920745442e-16
vn -0.3826834370613369 -0.9238795305660377 2.0514246536285922e-16
vn -0.19509032931342324 -0.9807852789517083 2.177780797811187e-16
vn -2.4492937051703357e-16 -1 2.220446049250313e-16
vn 0 2.220446049250313e-16 1
vn 0 2.220446049250313e-16 1
vn 0 2.220446049250313e-16 1
vn 0 2.220446049250313e-16 1
vn 0 2.220446049250313e-16 1
vn 0 2.220446049250313e-16 1
vn 0 2.220446049250313e-16 1
vn 0 2.220446049250313e-16 1
vn 0 2.220446049250313e-16 1
vn 0 2.220446049250313e-16 1
vn 0 2.220446049250313e-16 1
vn 0 2.220446049250313e-16 1
vn 0 2.220446049250313e-16 1
vn 0 2.220446049250313e-16 1
vn 0 2.220446049250313e-16 1
vn 0 2.220446049250313e-16 1
vn 0 2.220446049250313e-16 1
vn 0 2.220446049250313e-16 1
vn 0 2.220446049250313e-16 1
vn 0 2.220446049250313e-16 1
vn 0 2.220446049250313e-16 1
vn 0 2.220446049250313e-16 1
vn 0 2.220446049250313e-16 1
vn 0 2.220446049250313e-16 1
vn 0 2.220446049250313e-16 1
vn 0 2.220446049250313e-16 1
vn 0 2.220446049250313e-16 1
vn 0 2.220446049250313e-16 1
vn 0 2.220446049250313e-16 1
vn 0 2.220446049250313e-16 1
vn 0 2.220446049250313e-16 1
vn 0 2.220446049250313e-16 1
vn 0 2.220446049250313e-16 1
vn 0 2.220446049250313e-16 1
vn 0 2.220446049250313e-16 1
vn 0 2.220446049250313e-16 1
vn 0 2.220446049250313e-16 1
vn 0 2.220446049250313e-16 1
vn 0 2.220446049250313e-16 1
vn 0 2.220446049250313e-16 1
vn 0 2.220446049250313e-16 1
vn 0 2.220446049250313e-16 1
vn 0 2.220446049250313e-16 1
vn 0 2.220446049250313e-16 1
vn 0 2.220446049250313e-16 1
vn 0 2.220446049250313e-16 1
vn 0 2.220446049250313e-16 1
vn 0 2.220446049250313e-16 1
vn 0 2.220446049250313e-16 1
vn 0 2.220446049250313e-16 1
vn 0 2.220446049250313e-16 1
vn 0 2.220446049250313e-16 1
vn 0 2.220446049250313e-16 1
vn 0 2.220446049250313e-16 1
vn 0 2.220446049250313e-16 1
vn 0 2.220446049250313e-16 1
vn 0 2.220446049250313e-16 1
vn 0 2.220446049250313e-16 1
vn 0 2.220446049250313e-16 1
vn 0 2.220446049250313e-16 1
vn 0 2.220446049250313e-16 1
vn 0 2.220446049250313e-16 1
vn 0 2.220446049250313e-16 1
vn 0 2.220446049250313e-16 1
vn 0 2.220446049250313e-16 1
vn 0 -2.220446049250313e-16 -1
vn 0 -2.220446049250313e-16 -1
vn 0 -2.220446049250313e-16 -1
vn 0 -2.220446049250313e-16 -1
vn 0 -2.220446049250313e-16 -1
vn 0 -2.220446049250313e-16 -1
vn 0 -2.220446049250313e-16 -1
vn 0 -2.220446049250313e-16 -1
vn 0 -2.220446049250313e-16 -1
vn 0 -2.220446049250313e-16 -1
vn 0 -2.220446049250313e-16 -1
vn 0 -2.220446049250313e-16 -1
vn 0 -2.220446049250313e-16 -1
vn 0 -2.220446049250313e-16 -1
vn 0 -2.220446049250313e-16 -1
vn 0 -2.220446049250313e-16 -1
vn 0 -2.220446049250313e-16 -1
vn 0 -2.220446049250313e-16 -1
vn 0 -2.220446049250313e-16 -1
vn 0 -2.220446049250313e-16 -1
vn 0 -2.220446049250313e-16 -1
vn 0 -2.220446049250313e-16 -1
vn 0 -2.220446049250313e-16 -1
vn 0 -2.220446049250313e-16 -1
vn 0 -2.220446049250313e-16 -1
vn 0 -2.220446049250313e-16 -1
vn 0 -2.220446049250313e-16 -1
vn 0 -2.220446049250313e-16 -1
vn 0 -2.220446049250313e-16 -1
vn 0 -2.220446049250313e-16 -1
vn 0 -2.220446049250313e-16 -1
vn 0 -2.220446049250313e-16 -1
vn 0 -2.220446049250313e-16 -1
vn 0 -2.220446049250313e-16 -1
vn 0 -2.220446049250313e-16 -1
vn 0 -2.220446049250313e-16 -1
vn 0 -2.220446049250313e-16 -1
vn 0 -2.220446049250313e-16 -1
vn 0 -2.220446049250313e-16 -1
vn 0 -2.220446049250313e-16 -1
vn 0 -2.220446049250313e-16 -1
vn 0 -2.220446049250313e-16 -1
vn 0 -2.220446049250313e-16 -1
vn 0 -2.220446049250313e-16 -1
vn 0 -2.220446049250313e-16 -1
vn 0 -2.220446049250313e-16 -1
vn 0 -2.220446049250313e-16 -1
vn 0 -2.220446049250313e-16 -1
vn 0 -2.220446049250313e-16 -1
vn 0 -2.220446049250313e-16 -1
vn 0 -2.220446049250313e-16 -1
vn 0 -2.220446049250313e-16 -1
vn 0 -2.220446049250313e-16 -1
vn 0 -2.220446049250313e-16 -1
vn 0 -2.220446049250313e-16 -1
vn 0 -2.220446049250313e-16 -1
vn 0 -2.220446049250313e-16 -1
vn 0 -2.220446049250313e-16 -1
vn 0 -2.220446049250313e-16 -1
vn 0 -2.220446049250313e-16 -1
vn 0 -2.220446049250313e-16 -1
vn 0 -2.220446049250313e-16 -1
vn 0 -2.220446049250313e-16 -1
vn 0 -2.220446049250313e-16 -1
vn 0 -2.220446049250313e-16 -1
f 1037/1037/1037 1070/1070/1070 1038/1038/1038
f 1070/1070/1070 1071/1071/1071 1038/1038/1038
f 1038/1038/1038 1071/1071/1071 1039/1039/1039
f 1071/1071/1071 1072/1072/1072 1039/1039/1039
f 1039/1039/1039 1072/1072/1072 1040/1040/1040
f 1072/1072/1072 1073/1073/1073 1040/1040/1040
f 1040/1040/1040 1073/1073/1073 1041/1041/1041
f 1073/1073/1073 1074/1074/1074 1041/1041/1041
f 1041/1041/1041 1074/1074/1074 1042/1042/1042
f 1074/1074/1074 1075/1075/1075 1042/1042/1042
f 1042/1042/1042 1075/1075/1075 1043/1043/1043
f 1075/1075/1075 1076/1076/1076 1043/1043/1043
f 1043/1043/1043 1076/1076/1076 1044/1044/1044
f 1076/1076/1076 1077/1077/1077 1044/1044/1044
f 1044/1044/1044 1077/1077/1077 1045/1045/1045
f 1077/1077/1077 1078/1078/1078 1045/1045/1045
f 1045/1045/1045 1078/1078/1078 1046/1046/1046
f 1078/1078/1078 1079/1079/1079 1046/1046/1046
f 1046/1046/1046 1079/1079/1079 1047/1047/1047
f 1079/1079/1079 1080/1080/1080 1047/1047/1047
f 1047/1047/1047 1080/1080/1080 1048/1048/1048
f 1080/1080/1080 1081/1081/1081 1048/1048/1048
f 1048/1048/1048 1081/1081/1081 1049/1049/1049
f 1081/1081/1081 1082/1082/1082 1049/1049/1049
f 1049/1049/1049 1082/1082/1082 1050/1050/1050
f 1082/1082/1082 1083/1083/1083 1050/1050/1050
f 1050/1050/1050 1083/1083/1083 1051/1051/1051
f 1083/1083/1083 1084/1084/1084 1051/1051/1051
f 1051/1051/1051 1084/1084/1084 1052/1052/1052
f 1084/1084/1084 1085/1085/1085 1052/1052/1052
f 1052/1052/1052 1085/1085/1085 1053/1053/1053
f 1085/1085/1085 1086/1086/1086 1053/1053/1053
f 1053/1053/1053 1086/1086/1086 1054/1054/1054
f 1086/1086/1086 1087/1087/1087 1054/1054/1054
f 1054/1054/1054 1087/1087/1087 1055/1055/1055
f 1087/1087/1087 1088/1088/1088 1055/1055/1055
f 1055/1055/1055 1088/1088/1088 1056/1056/1056
f 1088/1088/1088 1089/1089/1089 1056/1056/1056
f 1056/1056/1056 1089/1089/1089 1057/1057/1057
f 1089/1089/1089 1090/1090/1090 1057/1057/1057
f 1057/1057/1057 1090/1090/1090 1058/1058/1058
f 1090/1090/1090 1091/1091/1091 1058/1058/1058
f 1058/1058/1058 1091/1091/1091 1059/1059/1059
f 1091/1091/1091 1092/1092/1092 1059/1059/1059
f 1059/1059/1059 1092/1092/1092 1060/1060/1060
f 1092/1092/1092 1093/1093/1093 1060/1060/1060
f 1060/1060/1060 1093/1093/1093 1061/1061/1061
f 1093/1093/1093 1094/1094/1094 1061/1061/1061
f 1061/1061/1061 1094/1094/1094 1062/1062/1062
f 1094/1094/1094 1095/1095/1095 1062/1062/1062
f 1062/1062/1062 1095/1095/1095 1063/1063/1063
f 1095/1095/1095 1096/1096/1096 1063/1063/1063
f 1063/1063/1063 1096/1096/1096 1064/1064/1064
f 1096/1096/1096 1097/1097/1097 1064/1064/1064
f 1064/1064/1064 1097/1097/1097 1065/1065/1065
f 1097/1097/1097 1098/1098/1098 1065/1065/1065
f 1065/1065/1065 1098/1098/1098 1066/1066/1066
f 1098/1098/1098 1099/1099/1099 1066/1066/1066
f 1066/1066/1066 1099/1099/1099 1067/1067/1067
f 1099/1099/1099 1100/1100/1100 1067/1067/1067
f 1067/1067/1067 1100/1100/1100 1068/1068/1068
f 1100/1100/1100 1101/1101/1101 1068/1068/1068
f 1068/1068/1068 1101/1101/1101 1069/1069/1069
f 1101/1101/1101 1102/1102/1102 1069/1069/1069
f 1135/1135/1135 1136/1136/1136 1103/1103/1103
f 1136/1136/1136 1137/1137/1137 1104/1104/1104
f 1137/1137/1137 1138/1138/1138 1105/1105/1105
f 1138/1138/1138 1139/1139/1139 1106/1106/1106
f 1139/1139/1139 1140/1140/1140 1107/1107/1107
f 1140/1140/1140 1141/1141/1141 1108/1108/1108
f 1141/1141/1141 1142/1142/1142 1109/1109/1109
f 1142/1142/1142 1143/1143/1143 1110/1110/1110
f 1143/1143/1143 1144/1144/1144 1111/1111/1111
f 1144/1144/1144 1145/1145/1145 1112/1112/1112
f 1145/1145/1145 1146/1146/1146 1113/1113/1113
f 1146/1146/1146 1147/1147/1147 1114/1114/1114
f 1147/1147/1147 1148/1148/1148 1115/1115/1115
f 1148/1148/1148 1149/1149/1149 1116/1116/1116
f 1149/1149/1149 1150/1150/1150 1117/1117/1117
f 1150/1150/1150 1151/1151/1151 1118/1118/1118
f 1151/1151/1151 1152/1152/1152 1119/1119/1119
f 1152/1152/1152 1153/1153/1153 1120/1120/1120
f 1153/1153/1153 1154/1154/1154 1121/1121/1121
f 1154/1154/1154 1155/1155/1155 1122/1122/1122
f 1155/1155/1155 1156/1156/1156 1123/1123/1123
f 1156/1156/1156 1157/1157/1157 1124/1124/1124
f 1157/1157/1157 1158/1158/1158 1125/1125/1125
f 1158/1158/1158 1159/1159/1159 1126/1126/1126
f 1159/1159/1159 1160/1160/1160 1127/1127/1127
f 1160/1160/1160 1161/1161/1161 1128/1128/1128
f 1161/1161/1161 1162/1162/1162 1129/1129/1129
f 1162/1162/1162 1163/1163/1163 1130/1130/1130
f 1163/1163/1163 1164/1164/1164 1131/1131/1131
f 1164/1164/1164 1165/1165/1165 1132/1132/1132
f 1165/1165/1165 1166/1166/1166 1133/1133/1133
f 1166/1166/1166 1167/1167/1167 1134/1134/1134
f 1201/1201/1201 1200/1200/1200 1168/1168/1168
f 1202/1202/1202 1201/1201/1201 1169/1169/1169
f 1203/1203/1203 1202/1202/1202 1170/1170/1170
f 1204/1204/1204 1203/1203/1203 1171/1171/1171
f 1205/1205/1205 1204/1204/1204 1172/1172/1172
f 1206/1206/1206 1205/1205/1205 1173/1173/1173
f 1207/1207/1207 1206/1206/1206 1174/1174/1174
f 1208/1208/1208 1207/1207/1207 1175/1175/1175
f 1209/1209/1209 1208/1208/1208 1176/1176/1176
f 1210/1210/1210 1209/1209/1209 1177/1177/1177
f 1211/1211/1211 1210/1210/1210 1178/1178/1178
f 1212/1212/1212 1211/1211/1211 1179/1179/1179
f 1213/1213/1213 1212/1212/1212 1180/1180/1180
f 1214/1214/1214 1213/1213/1213 1181/1181/1181
f 1215/1215/1215 1214/1214/1214 1182/1182/1182
f 1216/1216/1216 1215/1215/1215 1183/1183/1183
f 1217/1217/1217 1216/1216/1216 1184/1184/1184
f 1218/1218/1218 1217/1217/1217 1185/1185/1185
f 1219/1219/1219 1218/1218/1218 1186/1186/1186
f 1220/1220/1220 1219/1219/1219 1187/1187/1187
f 1221/1221/1221 1220/1220/1220 1188/1188/1188
f 1222/1222/1222 1221/1221/1221 1189/1189/1189
f 1223/1223/1223 1222/1222/1222 1190/1190/1190
f 1224/1224/1224 1223/1223/1223 1191/1191/1191
f 1225/1225/1225 1224/1224/1224 1192/1192/1192
f 1226/1226/1226 1225/1225/1225 1193/1193/1193
f 1227/1227/1227 1226/1226/1226 1194/1194/1194
f 1228/1228/1228 1227/1227/1227 1195/1195/1195
f 1229/1229/1229 1228/1228/1228 1196/1196/1196
f 1230/1230/1230 1229/1229/1229 1197/1197/1197
f 1231/1231/1231 1230/1230/1230 1198/1198/1198
f 1232/1232/1232 1231/1231/1231 1199/1199/1199
o wheel_front_r_rim
usemtl body_mid
v 3.09 0.2160000026226044 -0.7070000028610228
v 3.1505636574327944 0.223973360657692 -0.7070000028610228
v 3.2069999986886977 0.2473500490188599 -0.7070000028610228
v 3.2554629856348036 0.2845370143651963 -0.7070000028610229
v 3.29264995098114 0.33300000131130225 -0.7070000028610229
v 3.316026639342308 0.3894363425672055 -0.7070000028610229
v 3.3239999973773955 0.45 -0.7070000028610229
v 3.316026639342308 0.5105636574327946 -0.7070000028610229
v 3.29264995098114 0.5669999986886979 -0.7070000028610229
v 3.2554629856348036 0.6154629856348038 -0.7070000028610229
v 3.2069999986886977 0.6526499509811402 -0.707000002861023
v 3.1505636574327944 0.6760266393423081 -0.707000002861023
v 3.09 0.6839999973773957 -0.707000002861023
v 3.0294363425672053 0.6760266393423081 -0.707000002861023
v 2.973000001311302 0.6526499509811402 -0.707000002861023
v 2.924537014365196 0.6154629856348038 -0.7070000028610229
v 2.8873500490188597 0.5669999986886979 -0.7070000028610229
v 2.863973360657692 0.5105636574327946 -0.7070000028610229
v 2.8560000026226042 0.45000000000000007 -0.7070000028610229
v 2.863973360657692 0.3894363425672055 -0.7070000028610229
v 2.8873500490188597 0.33300000131130225 -0.7070000028610229
v 2.924537014365196 0.2845370143651963 -0.7070000028610229
v 2.973000001311302 0.2473500490188599 -0.7070000028610228
v 3.0294363425672053 0.223973360657692 -0.7070000028610228
v 3.09 0.2160000026226044 -0.7070000028610228
v 3.09 0.21600000262260435 -1.012999997138977
v 3.1505636574327944 0.22397336065769194 -1.012999997138977
v 3.2069999986886977 0.24735004901885985 -1.012999997138977
v 3.2554629856348036 0.2845370143651962 -1.012999997138977
v 3.29264995098114 0.33300000131130214 -1.012999997138977
v 3.316026639342308 0.3894363425672054 -1.012999997138977
v 3.3239999973773955 0.44999999999999996 -1.012999997138977
v 3.316026639342308 0.5105636574327945 -1.012999997138977
v 3.29264995098114 0.5669999986886978 -1.0129999971389771
v 3.2554629856348036 0.6154629856348037 -1.0129999971389771
v 3.2069999986886977 0.6526499509811401 -1.0129999971389771
v 3.1505636574327944 0.676026639342308 -1.0129999971389771
v 3.09 0.6839999973773956 -1.0129999971389771
v 3.0294363425672053 0.676026639342308 -1.0129999971389771
v 2.973000001311302 0.6526499509811401 -1.0129999971389771
v 2.924537014365196 0.6154629856348037 -1.0129999971389771
v 2.8873500490188597 0.5669999986886978 -1.0129999971389771
v 2.863973360657692 0.5105636574327945 -1.012999997138977
v 2.8560000026226042 0.45 -1.012999997138977
v 2.863973360657692 0.3894363425672054 -1.012999997138977
v 2.8873500490188597 0.33300000131130214 -1.012999997138977
v 2.924537014365196 0.2845370143651962 -1.012999997138977
v 2.973000001311302 0.24735004901885985 -1.012999997138977
v 3.0294363425672053 0.22397336065769194 -1.012999997138977
v 3.09 0.21600000262260435 -1.012999997138977
v 3.09 0.45000000000000007 -0.7070000028610229
v 3.09 0.45000000000000007 -0.7070000028610229
v 3.09 0.45000000000000007 -0.7070000028610229
v 3.09 0.45000000000000007 -0.7070000028610229
v 3.09 0.45000000000000007 -0.7070000028610229
v 3.09 0.45000000000000007 -0.7070000028610229
v 3.09 0.45000000000000007 -0.7070000028610229
v 3.09 0.45000000000000007 -0.7070000028610229
v 3.09 0.45000000000000007 -0.7070000028610229
v 3.09 0.45000000000000007 -0.7070000028610229
v 3.09 0.45000000000000007 -0.7070000028610229
v 3.09 0.45000000000000007 -0.7070000028610229
v 3.09 0.45000000000000007 -0.7070000028610229
v 3.09 0.45000000000000007 -0.7070000028610229
v 3.09 0.45000000000000007 -0.7070000028610229
v 3.09 0.45000000000000007 -0.7070000028610229
v 3.09 0.45000000000000007 -0.7070000028610229
v 3.09 0.45000000000000007 -0.7070000028610229
v 3.09 0.45000000000000007 -0.7070000028610229
v 3.09 0.45000000000000007 -0.7070000028610229
v 3.09 0.45000000000000007 -0.7070000028610229
v 3.09 0.45000000000000007 -0.7070000028610229
v 3.09 0.45000000000000007 -0.7070000028610229
v 3.09 0.45000000000000007 -0.7070000028610229
v 3.09 0.2160000026226044 -0.7070000028610228
v 3.1505636574327944 0.223973360657692 -0.7070000028610228
v 3.2069999986886977 0.2473500490188599 -0.7070000028610228
v 3.2554629856348036 0.2845370143651963 -0.7070000028610229
v 3.29264995098114 0.33300000131130225 -0.7070000028610229
v 3.316026639342308 0.3894363425672055 -0.7070000028610229
v 3.3239999973773955 0.45 -0.7070000028610229
v 3.316026639342308 0.5105636574327946 -0.7070000028610229
v 3.29264995098114 0.5669999986886979 -0.7070000028610229
v 3.2554629856348036 0.6154629856348038 -0.7070000028610229
v 3.2069999986886977 0.6526499509811402 -0.707000002861023
v 3.1505636574327944 0.6760266393423081 -0.707000002861023
v 3.09 0.6839999973773957 -0.707000002861023
v 3.0294363425672053 0.6760266393423081 -0.707000002861023
v 2.973000001311302 0.6526499509811402 -0.707000002861023
v 2.924537014365196 0.6154629856348038 -0.7070000028610229
v 2.8873500490188597 0.5669999986886979 -0.7070000028610229
v 2.863973360657692 0.5105636574327946 -0.7070000028610229
v 2.8560000026226042 0.45000000000000007 -0.7070000028610229
v 2.863973360657692 0.3894363425672055 -0.7070000028610229
v 2.8873500490188597 0.33300000131130225 -0.7070000028610229
v 2.924537014365196 0.2845370143651963 -0.7070000028610229
v 2.973000001311302 0.2473500490188599 -0.7070000028610228
v 3.0294363425672053 0.223973360657692 -0.7070000028610228
v 3.09 0.2160000026226044 -0.7070000028610228
v 3.09 0.44999999999999996 -1.012999997138977
v 3.09 0.44999999999999996 -1.012999997138977
v 3.09 0.44999999999999996 -1.012999997138977
v 3.09 0.44999999999999996 -1.012999997138977
v 3.09 0.44999999999999996 -1.012999997138977
v 3.09 0.44999999999999996 -1.012999997138977
v 3.09 0.44999999999999996 -1.012999997138977
v 3.09 0.44999999999999996 -1.012999997138977
v 3.09 0.44999999999999996 -1.012999997138977
v 3.09 0.44999999999999996 -1.012999997138977
v 3.09 0.44999999999999996 -1.012999997138977
v 3.09 0.44999999999999996 -1.012999997138977
v 3.09 0.44999999999999996 -1.012999997138977
v 3.09 0.44999999999999996 -1.012999997138977
v 3.09 0.44999999999999996 -1.012999997138977
v 3.09 0.44999999999999996 -1.012999997138977
v 3.09 0.44999999999999996 -1.012999997138977
v 3.09 0.44999999999999996 -1.012999997138977
v 3.09 0.44999999999999996 -1.012999997138977
v 3.09 0.44999999999999996 -1.012999997138977
v 3.09 0.44999999999999996 -1.012999997138977
v 3.09 0.44999999999999996 -1.012999997138977
v 3.09 0.44999999999999996 -1.012999997138977
v 3.09 0.44999999999999996 -1.012999997138977
v 3.09 0.21600000262260435 -1.012999997138977
v 3.1505636574327944 0.22397336065769194 -1.012999997138977
v 3.2069999986886977 0.24735004901885985 -1.012999997138977
v 3.2554629856348036 0.2845370143651962 -1.012999997138977
v 3.29264995098114 0.33300000131130214 -1.012999997138977
v 3.316026639342308 0.3894363425672054 -1.012999997138977
v 3.3239999973773955 0.44999999999999996 -1.012999997138977
v 3.316026639342308 0.5105636574327945 -1.012999997138977
v 3.29264995098114 0.5669999986886978 -1.0129999971389771
v 3.2554629856348036 0.6154629856348037 -1.0129999971389771
v 3.2069999986886977 0.6526499509811401 -1.0129999971389771
v 3.1505636574327944 0.676026639342308 -1.0129999971389771
v 3.09 0.6839999973773956 -1.0129999971389771
v 3.0294363425672053 0.676026639342308 -1.0129999971389771
v 2.973000001311302 0.6526499509811401 -1.0129999971389771
v 2.924537014365196 0.6154629856348037 -1.0129999971389771
v 2.8873500490188597 0.5669999986886978 -1.0129999971389771
v 2.863973360657692 0.5105636574327945 -1.012999997138977
v 2.8560000026226042 0.45 -1.012999997138977
v 2.863973360657692 0.3894363425672054 -1.012999997138977
v 2.8873500490188597 0.33300000131130214 -1.012999997138977
v 2.924537014365196 0.2845370143651962 -1.012999997138977
v 2.973000001311302 0.24735004901885985 -1.012999997138977
v 3.0294363425672053 0.22397336065769194 -1.012999997138977
v 3.09 0.21600000262260435 -1.012999997138977
vt 0 1
vt 0.0416666679084301 1
vt 0.0833333358168602 1
vt 0.125 1
vt 0.1666666716337204 1
vt 0.2083333283662796 1
vt 0.25 1
vt 0.2916666567325592 1
vt 0.3333333432674408 1
vt 0.375 1
vt 0.4166666567325592 1
vt 0.4583333432674408 1
vt 0.5 1
vt 0.5416666865348816 1
vt 0.5833333134651184 1
vt 0.625 1
vt 0.6666666865348816 1
vt 0.7083333134651184 1
vt 0.75 1
vt 0.7916666865348816 1
vt 0.8333333134651184 1
vt 0.875 1
vt 0.9166666865348816 1
vt 0.9583333134651184 1
vt 1 1
vt 0 0
vt 0.0416666679084301 0
vt 0.0833333358168602 0
vt 0.125 0
vt 0.1666666716337204 0
vt 0.2083333283662796 0
vt 0.25 0
vt 0.2916666567325592 0
vt 0.3333333432674408 0
vt 0.375 0
vt 0.4166666567325592 0
vt 0.4583333432674408 0
vt 0.5 0
vt 0.5416666865348816 0
vt 0.5833333134651184 0
vt 0.625 0
vt 0.6666666865348816 0
vt 0.7083333134651184 0
vt 0.75 0
vt 0.7916666865348816 0
vt 0.8333333134651184 0
vt 0.875 0
vt 0.9166666865348816 0
vt 0.9583333134651184 0
vt 1 0
vt 0.5 0.5
vt 0.5 0.5
vt 0.5 0.5
vt 0.5 0.5
vt 0.5 0.5
vt 0.5 0.5
vt 0.5 0.5
vt 0.5 0.5
vt 0.5 0.5
vt 0.5 0.5
vt 0.5 0.5
vt 0.5 0.5
vt 0.5 0.5
vt 0.5 0.5
vt 0.5 0.5
vt 0.5 0.5
vt 0.5 0.5
vt 0.5 0.5
vt 0.5 0.5
vt 0.5 0.5
vt 0.5 0.5
vt 0.5 0.5
vt 0.5 0.5
vt 0.5 0.5
vt 1 0.5
vt 0.9829629063606262 0.6294095516204834
vt 0.9330127239227295 0.75
vt 0.8535534143447876 0.8535534143447876
vt 0.75 0.9330127239227295
vt 0.6294095516204834 0.9829629063606262
vt 0.5 1
vt 0.370590478181839 0.9829629063606262
vt 0.25 0.9330127239227295
vt 0.1464466154575348 0.8535534143447876
vt 0.0669872984290123 0.75
vt 0.017037086188793182 0.6294095516204834
vt 0 0.5
vt 0.017037086188793182 0.370590478181839
vt 0.0669872984290123 0.25
vt 0.1464466154575348 0.1464466154575348
vt 0.25 0.0669872984290123
vt 0.370590478181839 0.017037086188793182
vt 0.5 0
vt 0.6294095516204834 0.017037086188793182
vt 0.75 0.0669872984290123
vt 0.8535534143447876 0.1464466154575348
vt 0.9330127239227295 0.25
vt 0.9829629063606262 0.370590478181839
vt 1 0.5
vt 0.5 0.5
vt 0.5 0.5
vt 0.5 0.5
vt 0.5 0.5
vt 0.5 0.5
vt 0.5 0.5
vt 0.5 0.5
vt 0.5 0.5
vt 0.5 0.5
vt 0.5 0.5
vt 0.5 0.5
vt 0.5 0.5
vt 0.5 0.5
vt 0.5 0.5
vt 0.5 0.5
vt 0.5 0.5
vt 0.5 0.5
vt 0.5 0.5
vt 0.5 0.5
vt 0.5 0.5
vt 0.5 0.5
vt 0.5 0.5
vt 0.5 0.5
vt 0.5 0.5
vt 1 0.5
vt 0.9829629063606262 0.370590478181839
vt 0.9330127239227295 0.25
vt 0.8535534143447876 0.1464466154575348
vt 0.75 0.0669872984290123
vt 0.6294095516204834 0.017037086188793182
vt 0.5 0
vt 0.370590478181839 0.017037086188793182
vt 0.25 0.0669872984290123
vt 0.1464466154575348 0.1464466154575348
vt 0.0669872984290123 0.25
vt 0.017037086188793182 0.370590478181839
vt 0 0.5
vt 0.017037086188793182 0.6294095516204834
vt 0.0669872984290123 0.75
vt 0.1464466154575348 0.8535534143447876
vt 0.25 0.9330127239227295
vt 0.370590478181839 0.9829629063606262
vt 0.5 1
vt 0.6294095516204834 0.9829629063606262
vt 0.75 0.9330127239227295
vt 0.8535534143447876 0.8535534143447876
vt 0.9330127239227295 0.75
vt 0.9829629063606262 0.6294095516204834
vt 1 0.5
vn 0 -1 2.220446049250313e-16
vn 0.2588190471264927 -0.9659258257467466 2.1447861836482098e-16
vn 0.5000000067305869 -0.8660253998985324 1.9229626777551189e-16
vn 0.7071067811865476 -0.7071067811865476 1.5700924586837752e-16
vn 0.8660253998985324 -0.5000000067305869 1.1102230395700616e-16
vn 0.9659258257467466 -0.2588190471264927 5.746937306627513e-17
vn 1 -6.123234262925839e-17 1.3596311327747833e-32
vn 0.9659258257467466 0.2588190471264927 -5.746937306627513e-17
vn 0.8660253998985324 0.5000000067305869 -1.1102230395700616e-16
vn 0.7071067811865476 0.7071067811865476 -1.5700924586837752e-16
vn 0.5000000067305869 0.8660253998985324 -1.9229626777551189e-16
vn 0.2588190471264927 0.9659258257467466 -2.1447861836482098e-16
vn 1.2246468525851679e-16 1 -2.220446049250313e-16
vn -0.2588190471264927 0.9659258257467466 -2.1447861836482098e-16
vn -0.5000000067305869 0.8660253998985324 -1.9229626777551189e-16
vn -0.7071067811865476 0.7071067811865476 -1.5700924586837752e-16
vn -0.8660253998985324 0.5000000067305869 -1.1102230395700616e-16
vn -0.9659258257467466 0.2588190471264927 -5.746937306627513e-17
vn -1 1.8369701465288538e-16 -4.078893104450762e-32
vn -0.9659258257467466 -0.2588190471264927 5.746937306627513e-17
vn -0.8660253998985324 -0.5000000067305869 1.1102230395700616e-16
vn -0.7071067811865476 -0.7071067811865476 1.5700924586837752e-16
vn -0.5000000067305869 -0.8660253998985324 1.9229626777551189e-16
vn -0.2588190471264927 -0.9659258257467466 2.1447861836482098e-16
vn -2.4492937051703357e-16 -1 2.220446049250313e-16
vn 0 -1 2.220446049250313e-16
vn 0.2588190471264927 -0.9659258257467466 2.1447861836482098e-16
vn 0.5000000067305869 -0.8660253998985324 1.9229626777551189e-16
vn 0.7071067811865476 -0.7071067811865476 1.5700924586837752e-16
vn 0.8660253998985324 -0.5000000067305869 1.1102230395700616e-16
vn 0.9659258257467466 -0.2588190471264927 5.746937306627513e-17
vn 1 -6.123234262925839e-17 1.3596311327747833e-32
vn 0.9659258257467466 0.2588190471264927 -5.746937306627513e-17
vn 0.8660253998985324 0.5000000067305869 -1.1102230395700616e-16
vn 0.7071067811865476 0.7071067811865476 -1.5700924586837752e-16
vn 0.5000000067305869 0.8660253998985324 -1.9229626777551189e-16
vn 0.2588190471264927 0.9659258257467466 -2.1447861836482098e-16
vn 1.2246468525851679e-16 1 -2.220446049250313e-16
vn -0.2588190471264927 0.9659258257467466 -2.1447861836482098e-16
vn -0.5000000067305869 0.8660253998985324 -1.9229626777551189e-16
vn -0.7071067811865476 0.7071067811865476 -1.5700924586837752e-16
vn -0.8660253998985324 0.5000000067305869 -1.1102230395700616e-16
vn -0.9659258257467466 0.2588190471264927 -5.746937306627513e-17
vn -1 1.8369701465288538e-16 -4.078893104450762e-32
vn -0.9659258257467466 -0.2588190471264927 5.746937306627513e-17
vn -0.8660253998985324 -0.5000000067305869 1.1102230395700616e-16
vn -0.7071067811865476 -0.7071067811865476 1.5700924586837752e-16
vn -0.5000000067305869 -0.8660253998985324 1.9229626777551189e-16
vn -0.2588190471264927 -0.9659258257467466 2.1447861836482098e-16
vn -2.4492937051703357e-16 -1 2.220446049250313e-16
vn 0 2.220446049250313e-16 1
vn 0 2.220446049250313e-16 1
vn 0 2.220446049250313e-16 1
vn 0 2.220446049250313e-16 1
vn 0 2.220446049250313e-16 1
vn 0 2.220446049250313e-16 1
vn 0 2.220446049250313e-16 1
vn 0 2.220446049250313e-16 1
vn 0 2.220446049250313e-16 1
vn 0 2.220446049250313e-16 1
vn 0 2.220446049250313e-16 1
vn 0 2.220446049250313e-16 1
vn 0 2.220446049250313e-16 1
vn 0 2.220446049250313e-16 1
vn 0 2.220446049250313e-16 1
vn 0 2.220446049250313e-16 1
vn 0 2.220446049250313e-16 1
vn 0 2.220446049250313e-16 1
vn 0 2.220446049250313e-16 1
vn 0 2.220446049250313e-16 1
vn 0 2.220446049250313e-16 1
vn 0 2.220446049250313e-16 1
vn 0 2.220446049250313e-16 1
vn 0 2.220446049250313e-16 1
vn 0 2.220446049250313e-16 1
vn 0 2.220446049250313e-16 1
vn 0 2.220446049250313e-16 1
vn 0 2.220446049250313e-16 1
vn 0 2.220446049250313e-16 1
vn 0 2.220446049250313e-16 1
vn 0 2.220446049250313e-16 1
vn 0 2.220446049250313e-16 1
vn 0 2.220446049250313e-16 1
vn 0 2.220446049250313e-16 1
vn 0 2.220446049250313e-16 1
vn 0 2.220446049250313e-16 1
vn 0 2.220446049250313e-16 1
vn 0 2.220446049250313e-16 1
vn 0 2.220446049250313e-16 1
vn 0 2.220446049250313e-16 1
vn 0 2.220446049250313e-16 1
vn 0 2.220446049250313e-16 1
vn 0 2.220446049250313e-16 1
vn 0 2.220446049250313e-16 1
vn 0 2.220446049250313e-16 1
vn 0 2.220446049250313e-16 1
vn 0 2.220446049250313e-16 1
vn 0 2.220446049250313e-16 1
vn 0 2.220446049250313e-16 1
vn 0 -2.220446049250313e-16 -1
vn 0 -2.220446049250313e-16 -1
vn 0 -2.220446049250313e-16 -1
vn 0 -2.220446049250313e-16 -1
vn 0 -2.220446049250313e-16 -1
vn 0 -2.220446049250313e-16 -1
vn 0 -2.220446049250313e-16 -1
vn 0 -2.220446049250313e-16 -1
vn 0 -2.220446049250313e-16 -1
vn 0 -2.220446049250313e-16 -1
vn 0 -2.220446049250313e-16 -1
vn 0 -2.220446049250313e-16 -1
vn 0 -2.220446049250313e-16 -1
vn 0 -2.220446049250313e-16 -1
vn 0 -2.220446049250313e-16 -1
vn 0 -2.220446049250313e-16 -1
vn 0 -2.220446049250313e-16 -1
vn 0 -2.220446049250313e-16 -1
vn 0 -2.220446049250313e-16 -1
vn 0 -2.220446049250313e-16 -1
vn 0 -2.220446049250313e-16 -1
vn 0 -2.220446049250313e-16 -1
vn 0 -2.220446049250313e-16 -1
vn 0 -2.220446049250313e-16 -1
vn 0 -2.220446049250313e-16 -1
vn 0 -2.220446049250313e-16 -1
vn 0 -2.220446049250313e-16 -1
vn 0 -2.220446049250313e-16 -1
vn 0 -2.220446049250313e-16 -1
vn 0 -2.220446049250313e-16 -1
vn 0 -2.220446049250313e-16 -1
vn 0 -2.220446049250313e-16 -1
vn 0 -2.220446049250313e-16 -1
vn 0 -2.220446049250313e-16 -1
vn 0 -2.220446049250313e-16 -1
vn 0 -2.220446049250313e-16 -1
vn 0 -2.220446049250313e-16 -1
vn 0 -2.220446049250313e-16 -1
vn 0 -2.220446049250313e-16 -1
vn 0 -2.220446049250313e-16 -1
vn 0 -2.220446049250313e-16 -1
vn 0 -2.220446049250313e-16 -1
vn 0 -2.220446049250313e-16 -1
vn 0 -2.220446049250313e-16 -1
vn 0 -2.220446049250313e-16 -1
vn 0 -2.220446049250313e-16 -1
vn 0 -2.220446049250313e-16 -1
vn 0 -2.220446049250313e-16 -1
vn 0 -2.220446049250313e-16 -1
f 1233/1233/1233 1258/1258/1258 1234/1234/1234
f 1258/1258/1258 1259/1259/1259 1234/1234/1234
f 1234/1234/1234 1259/1259/1259 1235/1235/1235
f 1259/1259/1259 1260/1260/1260 1235/1235/1235
f 1235/1235/1235 1260/1260/1260 1236/1236/1236
f 1260/1260/1260 1261/1261/1261 1236/1236/1236
f 1236/1236/1236 1261/1261/1261 1237/1237/1237
f 1261/1261/1261 1262/1262/1262 1237/1237/1237
f 1237/1237/1237 1262/1262/1262 1238/1238/1238
f 1262/1262/1262 1263/1263/1263 1238/1238/1238
f 1238/1238/1238 1263/1263/1263 1239/1239/1239
f 1263/1263/1263 1264/1264/1264 1239/1239/1239
f 1239/1239/1239 1264/1264/1264 1240/1240/1240
f 1264/1264/1264 1265/1265/1265 1240/1240/1240
f 1240/1240/1240 1265/1265/1265 1241/1241/1241
f 1265/1265/1265 1266/1266/1266 1241/1241/1241
f 1241/1241/1241 1266/1266/1266 1242/1242/1242
f 1266/1266/1266 1267/1267/1267 1242/1242/1242
f 1242/1242/1242 1267/1267/1267 1243/1243/1243
f 1267/1267/1267 1268/1268/1268 1243/1243/1243
f 1243/1243/1243 1268/1268/1268 1244/1244/1244
f 1268/1268/1268 1269/1269/1269 1244/1244/1244
f 1244/1244/1244 1269/1269/1269 1245/1245/1245
f 1269/1269/1269 1270/1270/1270 1245/1245/1245
f 1245/1245/1245 1270/1270/1270 1246/1246/1246
f 1270/1270/1270 1271/1271/1271 1246/1246/1246
f 1246/1246/1246 1271/1271/1271 1247/1247/1247
f 1271/1271/1271 1272/1272/1272 1247/1247/1247
f 1247/1247/1247 1272/1272/1272 1248/1248/1248
f 1272/1272/1272 1273/1273/1273 1248/1248/1248
f 1248/1248/1248 1273/1273/1273 1249/1249/1249
f 1273/1273/1273 1274/1274/1274 1249/1249/1249
f 1249/1249/1249 1274/1274/1274 1250/1250/1250
f 1274/1274/1274 1275/1275/1275 1250/1250/1250
f 1250/1250/1250 1275/1275/1275 1251/1251/1251
f 1275/1275/1275 1276/1276/1276 1251/1251/1251
f 1251/1251/1251 1276/1276/1276 1252/1252/1252
f 1276/1276/1276 1277/1277/1277 1252/1252/1252
f 1252/1252/1252 1277/1277/1277 1253/1253/1253
f 1277/1277/1277 1278/1278/1278 1253/1253/1253
f 1253/1253/1253 1278/1278/1278 1254/1254/1254
f 1278/1278/1278 1279/1279/1279 1254/1254/1254
f 1254/1254/1254 1279/1279/1279 1255/1255/1255
f 1279/1279/1279 1280/1280/1280 1255/1255/1255
f 1255/1255/1255 1280/1280/1280 1256/1256/1256
f 1280/1280/1280 1281/1281/1281 1256/1256/1256
f 1256/1256/1256 1281/1281/1281 1257/1257/1257
f 1281/1281/1281 1282/1282/1282 1257/1257/1257
f 1307/1307/1307 1308/1308/1308 1283/1283/1283
f 1308/1308/1308 1309/1309/1309 1284/1284/1284
f 1309/1309/1309 1310/1310/1310 1285/1285/1285
f 1310/1310/1310 1311/1311/1311 1286/1286/1286
f 1311/1311/1311 1312/1312/1312 1287/1287/1287
f 1312/1312/1312 1313/1313/1313 1288/1288/1288
f 1313/1313/1313 1314/1314/1314 1289/1289/1289
f 1314/1314/1314 1315/1315/1315 1290/1290/1290
f 1315/1315/1315 1316/1316/1316 1291/1291/1291
f 1316/1316/1316 1317/1317/1317 1292/1292/1292
f 1317/1317/1317 1318/1318/1318 1293/1293/1293
f 1318/1318/1318 1319/1319/1319 1294/1294/1294
f 1319/1319/1319 1320/1320/1320 1295/1295/1295
f 1320/1320/1320 1321/1321/1321 1296/1296/1296
f 1321/1321/1321 1322/1322/1322 1297/1297/1297
f 1322/1322/1322 1323/1323/1323 1298/1298/1298
f 1323/1323/1323 1324/1324/1324 1299/1299/1299
f 1324/1324/1324 1325/1325/1325 1300/1300/1300
f 1325/1325/1325 1326/1326/1326 1301/1301/1301
f 1326/1326/1326 1327/1327/1327 1302/1302/1302
f 1327/1327/1327 1328/1328/1328 1303/1303/1303
f 1328/1328/1328 1329/1329/1329 1304/1304/1304
f 1329/1329/1329 1330/1330/1330 1305/1305/1305
f 1330/1330/1330 1331/1331/1331 1306/1306/1306
f 1357/1357/1357 1356/1356/1356 1332/1332/1332
f 1358/1358/1358 1357/1357/1357 1333/1333/1333
f 1359/1359/1359 1358/1358/1358 1334/1334/1334
f 1360/1360/1360 1359/1359/1359 1335/1335/1335
f 1361/1361/1361 1360/1360/1360 1336/1336/1336
f 1362/1362/1362 1361/1361/1361 1337/1337/1337
f 1363/1363/1363 1362/1362/1362 1338/1338/1338
f 1364/1364/1364 1363/1363/1363 1339/1339/1339
f 1365/1365/1365 1364/1364/1364 1340/1340/1340
f 1366/1366/1366 1365/1365/1365 1341/1341/1341
f 1367/1367/1367 1366/1366/1366 1342/1342/1342
f 1368/1368/1368 1367/1367/1367 1343/1343/1343
f 1369/1369/1369 1368/1368/1368 1344/1344/1344
f 1370/1370/1370 1369/1369/1369 1345/1345/1345
f 1371/1371/1371 1370/1370/1370 1346/1346/1346
f 1372/1372/1372 1371/1371/1371 1347/1347/1347
f 1373/1373/1373 1372/1372/1372 1348/1348/1348
f 1374/1374/1374 1373/1373/1373 1349/1349/1349
f 1375/1375/1375 1374/1374/1374 1350/1350/1350
f 1376/1376/1376 1375/1375/1375 1351/1351/1351
f 1377/1377/1377 1376/1376/1376 1352/1352/1352
f 1378/1378/1378 1377/1377/1377 1353/1353/1353
f 1379/1379/1379 1378/1378/1378 1354/1354/1354
f 1380/1380/1380 1379/1379/1379 1355/1355/1355
o wheel_front_r_hub
usemtl body_dark
v 3.09 0.3689999997615815 -0.6949999934434891
v 3.1209973582625388 0.3751657575368882 -0.6949999934434891
v 3.1472756491601466 0.39272435083985335 -0.6949999934434891
v 3.1648342424631117 0.41900264173746116 -0.6949999934434891
v 3.1710000002384184 0.45000000000000007 -0.6949999934434891
v 3.1648342424631117 0.480997358262539 -0.6949999934434891
v 3.1472756491601466 0.5072756491601468 -0.6949999934434891
v 3.1209973582625388 0.5248342424631119 -0.6949999934434891
v 3.09 0.5310000002384186 -0.6949999934434891
v 3.059002641737461 0.5248342424631119 -0.6949999934434891
v 3.032724350839853 0.5072756491601468 -0.6949999934434891
v 3.015165757536888 0.480997358262539 -0.6949999934434891
v 3.0089999997615813 0.45000000000000007 -0.6949999934434891
v 3.015165757536888 0.41900264173746116 -0.6949999934434891
v 3.032724350839853 0.39272435083985335 -0.6949999934434891
v 3.059002641737461 0.3751657575368882 -0.6949999934434891
v 3.09 0.3689999997615815 -0.6949999934434891
v 3.09 0.3689999997615814 -1.0250000065565108
v 3.1209973582625388 0.3751657575368881 -1.0250000065565108
v 3.1472756491601466 0.39272435083985324 -1.0250000065565108
v 3.1648342424631117 0.41900264173746105 -1.0250000065565108
v 3.1710000002384184 0.44999999999999996 -1.0250000065565108
v 3.1648342424631117 0.48099735826253887 -1.0250000065565108
v 3.1472756491601466 0.5072756491601467 -1.0250000065565108
v 3.1209973582625388 0.5248342424631118 -1.025000006556511
v 3.09 0.5310000002384185 -1.025000006556511
v 3.059002641737461 0.5248342424631118 -1.025000006556511
v 3.032724350839853 0.5072756491601467 -1.0250000065565108
v 3.015165757536888 0.48099735826253887 -1.0250000065565108
v 3.0089999997615813 0.45 -1.0250000065565108
v 3.015165757536888 0.41900264173746105 -1.0250000065565108
v 3.032724350839853 0.39272435083985324 -1.0250000065565108
v 3.059002641737461 0.3751657575368881 -1.0250000065565108
v 3.09 0.3689999997615814 -1.0250000065565108
v 3.09 0.45000000000000007 -0.6949999934434891
v 3.09 0.45000000000000007 -0.6949999934434891
v 3.09 0.45000000000000007 -0.6949999934434891
v 3.09 0.45000000000000007 -0.6949999934434891
v 3.09 0.45000000000000007 -0.6949999934434891
v 3.09 0.45000000000000007 -0.6949999934434891
v 3.09 0.45000000000000007 -0.6949999934434891
v 3.09 0.45000000000000007 -0.6949999934434891
v 3.09 0.45000000000000007 -0.6949999934434891
v 3.09 0.45000000000000007 -0.6949999934434891
v 3.09 0.45000000000000007 -0.6949999934434891
v 3.09 0.45000000000000007 -0.6949999934434891
v 3.09 0.45000000000000007 -0.6949999934434891
v 3.09 0.45000000000000007 -0.6949999934434891
v 3.09 0.45000000000000007 -0.6949999934434891
v 3.09 0.45000000000000007 -0.6949999934434891
v 3.09 0.3689999997615815 -0.6949999934434891
v 3.1209973582625388 0.3751657575368882 -0.6949999934434891
v 3.1472756491601466 0.39272435083985335 -0.6949999934434891
v 3.1648342424631117 0.41900264173746116 -0.6949999934434891
v 3.1710000002384184 0.45000000000000007 -0.6949999934434891
v 3.1648342424631117 0.480997358262539 -0.6949999934434891
v 3.1472756491601466 0.5072756491601468 -0.6949999934434891
v 3.1209973582625388 0.5248342424631119 -0.6949999934434891
v 3.09 0.5310000002384186 -0.6949999934434891
v 3.059002641737461 0.5248342424631119 -0.6949999934434891
v 3.032724350839853 0.5072756491601468 -0.6949999934434891
v 3.015165757536888 0.480997358262539 -0.6949999934434891
v 3.0089999997615813 0.45000000000000007 -0.6949999934434891
v 3.015165757536888 0.41900264173746116 -0.6949999934434891
v 3.032724350839853 0.39272435083985335 -0.6949999934434891
v 3.059002641737461 0.3751657575368882 -0.6949999934434891
v 3.09 0.3689999997615815 -0.6949999934434891
v 3.09 0.44999999999999996 -1.0250000065565108
v 3.09 0.44999999999999996 -1.0250000065565108
v 3.09 0.44999999999999996 -1.0250000065565108
v 3.09 0.44999999999999996 -1.0250000065565108
v 3.09 0.44999999999999996 -1.0250000065565108
v 3.09 0.44999999999999996 -1.0250000065565108
v 3.09 0.44999999999999996 -1.0250000065565108
v 3.09 0.44999999999999996 -1.0250000065565108
v 3.09 0.44999999999999996 -1.0250000065565108
v 3.09 0.44999999999999996 -1.0250000065565108
v 3.09 0.44999999999999996 -1.0250000065565108
v 3.09 0.44999999999999996 -1.0250000065565108
v 3.09 0.44999999999999996 -1.0250000065565108
v 3.09 0.44999999999999996 -1.0250000065565108
v 3.09 0.44999999999999996 -1.0250000065565108
v 3.09 0.44999999999999996 -1.0250000065565108
v 3.09 0.3689999997615814 -1.0250000065565108
v 3.1209973582625388 0.3751657575368881 -1.0250000065565108
v 3.1472756491601466 0.39272435083985324 -1.0250000065565108
v 3.1648342424631117 0.41900264173746105 -1.0250000065565108
v 3.1710000002384184 0.44999999999999996 -1.0250000065565108
v 3.1648342424631117 0.48099735826253887 -1.0250000065565108
v 3.1472756491601466 0.5072756491601467 -1.0250000065565108
v 3.1209973582625388 0.5248342424631118 -1.025000006556511
v 3.09 0.5310000002384185 -1.025000006556511
v 3.059002641737461 0.5248342424631118 -1.025000006556511
v 3.032724350839853 0.5072756491601467 -1.0250000065565108
v 3.015165757536888 0.48099735826253887 -1.0250000065565108
v 3.0089999997615813 0.45 -1.0250000065565108
v 3.015165757536888 0.41900264173746105 -1.0250000065565108
v 3.032724350839853 0.39272435083985324 -1.0250000065565108
v 3.059002641737461 0.3751657575368881 -1.0250000065565108
v 3.09 0.3689999997615814 -1.0250000065565108
vt 0 1
vt 0.0625 1
vt 0.125 1
vt 0.1875 1
vt 0.25 1
vt 0.3125 1
vt 0.375 1
vt 0.4375 1
vt 0.5 1
vt 0.5625 1
vt 0.625 1
vt 0.6875 1
vt 0.75 1
vt 0.8125 1
vt 0.875 1
vt 0.9375 1
vt 1 1
vt 0 0
vt 0.0625 0
vt 0.125 0
vt 0.1875 0
vt 0.25 0
vt 0.3125 0
vt 0.375 0
vt 0.4375 0
vt 0.5 0
vt 0.5625 0
vt 0.625 0
vt 0.6875 0
vt 0.75 0
vt 0.8125 0
vt 0.875 0
vt 0.9375 0
vt 1 0
vt 0.5 0.5
vt 0.5 0.5
vt 0.5 0.5
vt 0.5 0.5
vt 0.5 0.5
vt 0.5 0.5
vt 0.5 0.5
vt 0.5 0.5
vt 0.5 0.5
vt 0.5 0.5
vt 0.5 0.5
vt 0.5 0.5
vt 0.5 0.5
vt 0.5 0.5
vt 0.5 0.5
vt 0.5 0.5
vt 1 0.5
vt 0.9619397521018982 0.6913416981697083
vt 0.8535534143447876 0.8535534143447876
vt 0.6913416981697083 0.9619397521018982
vt 0.5 1
vt 0.30865827202796936 0.9619397521018982
vt 0.1464466154575348 0.8535534143447876
vt 0.03806023299694061 0.6913416981697083
vt 0 0.5
vt 0.03806023299694061 0.30865827202796936
vt 0.1464466154575348 0.1464466154575348
vt 0.30865827202796936 0.03806023299694061
vt 0.5 0
vt 0.6913416981697083 0.03806023299694061
vt 0.8535534143447876 0.1464466154575348
vt 0.9619397521018982 0.30865827202796936
vt 1 0.5
vt 0.5 0.5
vt 0.5 0.5
vt 0.5 0.5
vt 0.5 0.5
vt 0.5 0.5
vt 0.5 0.5
vt 0.5 0.5
vt 0.5 0.5
vt 0.5 0.5
vt 0.5 0.5
vt 0.5 0.5
vt 0.5 0.5
vt 0.5 0.5
vt 0.5 0.5
vt 0.5 0.5
vt 0.5 0.5
vt 1 0.5
vt 0.9619397521018982 0.30865827202796936
vt 0.8535534143447876 0.1464466154575348
vt 0.6913416981697083 0.03806023299694061
vt 0.5 0
vt 0.30865827202796936 0.03806023299694061
vt 0.1464466154575348 0.1464466154575348
vt 0.03806023299694061 0.30865827202796936
vt 0 0.5
vt 0.03806023299694061 0.6913416981697083
vt 0.1464466154575348 0.8535534143447876
vt 0.30865827202796936 0.9619397521018982
vt 0.5 1
vt 0.6913416981697083 0.9619397521018982
vt 0.8535534143447876 0.8535534143447876
vt 0.9619397521018982 0.6913416981697083
vt 1 0.5
vn 0 -1 2.220446049250313e-16
vn 0.3826834370613369 -0.9238795305660377 2.0514246536285922e-16
vn 0.7071067811865476 -0.7071067811865476 1.5700924586837752e-16
vn 0.9238795305660377 -0.3826834370613369 8.497279259363763e-17
vn 1 -6.123234262925839e-17 1.3596311327747833e-32
vn 0.9238795305660377 0.3826834370613369 -8.497279259363763e-17
vn 0.7071067811865476 0.7071067811865476 -1.5700924586837752e-16
vn 0.3826834370613369 0.9238795305660377 -2.0514246536285922e-16
vn 1.2246468525851679e-16 1 -2.220446049250313e-16
vn -0.3826834370613369 0.9238795305660377 -2.0514246536285922e-16
vn -0.7071067811865476 0.7071067811865476 -1.5700924586837752e-16
vn -0.9238795305660377 0.3826834370613369 -8.497279259363763e-17
vn -1 1.8369701465288538e-16 -4.078893104450762e-32
vn -0.9238795305660377 -0.3826834370613369 8.497279259363763e-17
vn -0.7071067811865476 -0.7071067811865476 1.5700924586837752e-16
vn -0.3826834370613369 -0.9238795305660377 2.0514246536285922e-16
vn -2.4492937051703357e-16 -1 2.220446049250313e-16
vn 0 -1 2.220446049250313e-16
vn 0.3826834370613369 -0.9238795305660377 2.0514246536285922e-16
vn 0.7071067811865476 -0.7071067811865476 1.5700924586837752e-16
vn 0.9238795305660377 -0.3826834370613369 8.497279259363763e-17
vn 1 -6.123234262925839e-17 1.3596311327747833e-32
vn 0.9238795305660377 0.3826834370613369 -8.497279259363763e-17
vn 0.7071067811865476 0.7071067811865476 -1.5700924586837752e-16
vn 0.3826834370613369 0.9238795305660377 -2.0514246536285922e-16
vn 1.2246468525851679e-16 1 -2.220446049250313e-16
vn -0.3826834370613369 0.9238795305660377 -2.0514246536285922e-16
vn -0.7071067811865476 0.7071067811865476 -1.5700924586837752e-16
vn -0.9238795305660377 0.3826834370613369 -8.497279259363763e-17
vn -1 1.8369701465288538e-16 -4.078893104450762e-32
vn -0.9238795305660377 -0.3826834370613369 8.497279259363763e-17
vn -0.7071067811865476 -0.7071067811865476 1.5700924586837752e-16
vn -0.3826834370613369 -0.9238795305660377 2.0514246536285922e-16
vn -2.4492937051703357e-16 -1 2.220446049250313e-16
vn 0 2.220446049250313e-16 1
vn 0 2.220446049250313e-16 1
vn 0 2.220446049250313e-16 1
vn 0 2.220446049250313e-16 1
vn 0 2.220446049250313e-16 1
vn 0 2.220446049250313e-16 1
vn 0 2.220446049250313e-16 1
vn 0 2.220446049250313e-16 1
vn 0 2.220446049250313e-16 1
vn 0 2.220446049250313e-16 1
vn 0 2.220446049250313e-16 1
vn 0 2.220446049250313e-16 1
vn 0 2.220446049250313e-16 1
vn 0 2.220446049250313e-16 1
vn 0 2.220446049250313e-16 1
vn 0 2.220446049250313e-16 1
vn 0 2.220446049250313e-16 1
vn 0 2.220446049250313e-16 1
vn 0 2.220446049250313e-16 1
vn 0 2.220446049250313e-16 1
vn 0 2.220446049250313e-16 1
vn 0 2.220446049250313e-16 1
vn 0 2.220446049250313e-16 1
vn 0 2.220446049250313e-16 1
vn 0 2.220446049250313e-16 1
vn 0 2.220446049250313e-16 1
vn 0 2.220446049250313e-16 1
vn 0 2.220446049250313e-16 1
vn 0 2.220446049250313e-16 1
vn 0 2.220446049250313e-16 1
vn 0 2.220446049250313e-16 1
vn 0 2.220446049250313e-16 1
vn 0 2.220446049250313e-16 1
vn 0 -2.220446049250313e-16 -1
vn 0 -2.220446049250313e-16 -1
vn 0 -2.220446049250313e-16 -1
vn 0 -2.220446049250313e-16 -1
vn 0 -2.220446049250313e-16 -1
vn 0 -2.220446049250313e-16 -1
vn 0 -2.220446049250313e-16 -1
vn 0 -2.220446049250313e-16 -1
vn 0 -2.220446049250313e-16 -1
vn 0 -2.220446049250313e-16 -1
vn 0 -2.220446049250313e-16 -1
vn 0 -2.220446049250313e-16 -1
vn 0 -2.220446049250313e-16 -1
vn 0 -2.220446049250313e-16 -1
vn 0 -2.220446049250313e-16 -1
vn 0 -2.220446049250313e-16 -1
vn 0 -2.220446049250313e-16 -1
vn 0 -2.220446049250313e-16 -1
vn 0 -2.220446049250313e-16 -1
vn 0 -2.220446049250313e-16 -1
vn 0 -2.220446049250313e-16 -1
vn 0 -2.220446049250313e-16 -1
vn 0 -2.220446049250313e-16 -1
vn 0 -2.220446049250313e-16 -1
vn 0 -2.220446049250313e-16 -1
vn 0 -2.220446049250313e-16 -1
vn 0 -2.220446049250313e-16 -1
vn 0 -2.220446049250313e-16 -1
vn 0 -2.220446049250313e-16 -1
vn 0 -2.220446049250313e-16 -1
vn 0 -2.220446049250313e-16 -1
vn 0 -2.220446049250313e-16 -1
vn 0 -2.220446049250313e-16 -1
f 1381/1381/1381 1398/1398/1398 1382/1382/1382
f 1398/1398/1398 1399/1399/1399 1382/1382/1382
f 1382/1382/1382 1399/1399/1399 1383/1383/1383
f 1399/1399/1399 1400/1400/1400 1383/1383/1383
f 1383/1383/1383 1400/1400/1400 1384/1384/1384
f 1400/1400/1400 1401/1401/1401 1384/1384/1384
f 1384/1384/1384 1401/1401/1401 1385/1385/1385
f 1401/1401/1401 1402/1402/1402 1385/1385/1385
f 1385/1385/1385 1402/1402/1402 1386/1386/1386
f 1402/1402/1402 1403/1403/1403 1386/1386/1386
f 1386/1386/1386 1403/1403/1403 1387/1387/1387
f 1403/1403/1403 1404/1404/1404 1387/1387/1387
f 1387/1387/1387 1404/1404/1404 1388/1388/1388
f 1404/1404/1404 1405/1405/1405 1388/1388/1388
f 1388/1388/1388 1405/1405/1405 1389/1389/1389
f 1405/1405/1405 1406/1406/1406 1389/1389/1389
f 1389/1389/1389 1406/1406/1406 1390/1390/1390
f 1406/1406/1406 1407/1407/1407 1390/1390/1390
f 1390/1390/1390 1407/1407/1407 1391/1391/1391
f 1407/1407/1407 1408/1408/1408 1391/1391/1391
f 1391/1391/1391 1408/1408/1408 1392/1392/1392
f 1408/1408/1408 1409/1409/1409 1392/1392/1392
f 1392/1392/1392 1409/1409/1409 1393/1393/1393
f 1409/1409/1409 1410/1410/1410 1393/1393/1393
f 1393/1393/1393 1410/1410/1410 1394/1394/1394
f 1410/1410/1410 1411/1411/1411 1394/1394/1394
f 1394/1394/1394 1411/1411/1411 1395/1395/1395
f 1411/1411/1411 1412/1412/1412 1395/1395/1395
f 1395/1395/1395 1412/1412/1412 1396/1396/1396
f 1412/1412/1412 1413/1413/1413 1396/1396/1396
f 1396/1396/1396 1413/1413/1413 1397/1397/1397
f 1413/1413/1413 1414/1414/1414 1397/1397/1397
f 1431/1431/1431 1432/1432/1432 1415/1415/1415
f 1432/1432/1432 1433/1433/1433 1416/1416/1416
f 1433/1433/1433 1434/1434/1434 1417/1417/1417
f 1434/1434/1434 1435/1435/1435 1418/1418/1418
f 1435/1435/1435 1436/1436/1436 1419/1419/1419
f 1436/1436/1436 1437/1437/1437 1420/1420/1420
f 1437/1437/1437 1438/1438/1438 1421/1421/1421
f 1438/1438/1438 1439/1439/1439 1422/1422/1422
f 1439/1439/1439 1440/1440/1440 1423/1423/1423
f 1440/1440/1440 1441/1441/1441 1424/1424/1424
f 1441/1441/1441 1442/1442/1442 1425/1425/1425
f 1442/1442/1442 1443/1443/1443 1426/1426/1426
f 1443/1443/1443 1444/1444/1444 1427/1427/1427
f 1444/1444/1444 1445/1445/1445 1428/1428/1428
f 1445/1445/1445 1446/1446/1446 1429/1429/1429
f 1446/1446/1446 1447/1447/1447 1430/1430/1430
f 1465/1465/1465 1464/1464/1464 1448/1448/1448
f 1466/1466/1466 1465/1465/1465 1449/1449/1449
f 1467/1467/1467 1466/1466/1466 1450/1450/1450
f 1468/1468/1468 1467/1467/1467 1451/1451/1451
f 1469/1469/1469 1468/1468/1468 1452/1452/1452
f 1470/1470/1470 1469/1469/1469 1453/1453/1453
f 1471/1471/1471 1470/1470/1470 1454/1454/1454
f 1472/1472/1472 1471/1471/1471 1455/1455/1455
f 1473/1473/1473 1472/1472/1472 1456/1456/1456
f 1474/1474/1474 1473/1473/1473 1457/1457/1457
f 1475/1475/1475 1474/1474/1474 1458/1458/1458
f 1476/1476/1476 1475/1475/1475 1459/1459/1459
f 1477/1477/1477 1476/1476/1476 1460/1460/1460
f 1478/1478/1478 1477/1477/1477 1461/1461/1461
f 1479/1479/1479 1478/1478/1478 1462/1462/1462
f 1480/1480/1480 1479/1479/1479 1463/1463/1463
o wheel_rear_l_tire
usemtl ink
v -0.6099999999999999 1.1920929021691506e-8 1.0100000059604646
v -0.52220935434103 0.008646619319915838 1.0100000059604646
v -0.4377924507856368 0.03425420522689826 1.0100000059604646
v -0.3599933838844298 0.0758386671543122 1.0100000059604646
v -0.29180194497108447 0.13180194497108466 1.0100000059604646
v -0.235838667154312 0.19999338388443 1.0100000059604646
v -0.19425420522689807 0.27779245078563697 1.0100000059604646
v -0.16864661931991565 0.3622093543410302 1.0100000059604646
v -0.16000001192092883 0.45 1.0100000059604644
v -0.16864661931991565 0.53779064565897 1.0100000059604644
v -0.19425420522689807 0.6222075492143632 1.0100000059604644
v -0.235838667154312 0.7000066161155701 1.0100000059604644
v -0.29180194497108447 0.7681980550289155 1.0100000059604644
v -0.3599933838844298 0.8241613328456879 1.0100000059604644
v -0.4377924507856368 0.8657457947731019 1.0100000059604644
v -0.52220935434103 0.8913533806800843 1.0100000059604644
v -0.6099999999999999 0.8999999880790711 1.0100000059604644
v -0.6977906456589698 0.8913533806800843 1.0100000059604644
v -0.782207549214363 0.8657457947731019 1.0100000059604644
v -0.8600066161155699 0.8241613328456879 1.0100000059604644
v -0.9281980550289153 0.7681980550289155 1.0100000059604644
v -0.9841613328456877 0.7000066161155701 1.0100000059604644
v -1.0257457947731017 0.6222075492143632 1.0100000059604644
v -1.051353380680084 0.53779064565897 1.0100000059604644
v -1.059999988079071 0.4500000000000001 1.0100000059604644
v -1.051353380680084 0.3622093543410302 1.0100000059604646
v -1.0257457947731017 0.27779245078563697 1.0100000059604646
v -0.9841613328456877 0.19999338388443 1.0100000059604646
v -0.9281980550289153 0.13180194497108466 1.0100000059604646
v -0.8600066161155699 0.0758386671543122 1.0100000059604646
v -0.782207549214363 0.03425420522689826 1.0100000059604646
v -0.6977906456589698 0.008646619319915838 1.0100000059604646
v -0.61 1.1920929021691506e-8 1.0100000059604646
v -0.6099999999999999 1.1920928910669204e-8 0.7099999940395356
v -0.52220935434103 0.008646619319915727 0.7099999940395356
v -0.4377924507856368 0.03425420522689815 0.7099999940395356
v -0.3599933838844298 0.07583866715431209 0.7099999940395356
v -0.29180194497108447 0.13180194497108455 0.7099999940395356
v -0.235838667154312 0.1999933838844299 0.7099999940395356
v -0.19425420522689807 0.27779245078563686 0.7099999940395355
v -0.16864661931991565 0.3622093543410301 0.7099999940395355
v -0.16000001192092883 0.44999999999999996 0.7099999940395355
v -0.16864661931991565 0.5377906456589698 0.7099999940395355
v -0.19425420522689807 0.622207549214363 0.7099999940395355
v -0.235838667154312 0.70000661611557 0.7099999940395354
v -0.29180194497108447 0.7681980550289154 0.7099999940395354
v -0.3599933838844298 0.8241613328456878 0.7099999940395354
v -0.4377924507856368 0.8657457947731018 0.7099999940395354
v -0.52220935434103 0.8913533806800842 0.7099999940395354
v -0.6099999999999999 0.899999988079071 0.7099999940395354
v -0.6977906456589698 0.8913533806800842 0.7099999940395354
v -0.782207549214363 0.8657457947731018 0.7099999940395354
v -0.8600066161155699 0.8241613328456878 0.7099999940395354
v -0.9281980550289153 0.7681980550289154 0.7099999940395354
v -0.9841613328456877 0.70000661611557 0.7099999940395354
v -1.0257457947731017 0.622207549214363 0.7099999940395355
v -1.051353380680084 0.5377906456589698 0.7099999940395355
v -1.059999988079071 0.45000000000000007 0.7099999940395355
v -1.051353380680084 0.3622093543410301 0.7099999940395355
v -1.0257457947731017 0.27779245078563686 0.7099999940395355
v -0.9841613328456877 0.1999933838844299 0.7099999940395356
v -0.9281980550289153 0.13180194497108455 0.7099999940395356
v -0.8600066161155699 0.07583866715431209 0.7099999940395356
v -0.782207549214363 0.03425420522689815 0.7099999940395356
v -0.6977906456589698 0.008646619319915727 0.7099999940395356
v -0.61 1.1920928910669204e-8 0.7099999940395356
v -0.6099999999999999 0.45000000000000007 1.0100000059604644
v -0.6099999999999999 0.45000000000000007 1.0100000059604644
v -0.6099999999999999 0.45000000000000007 1.0100000059604644
v -0.6099999999999999 0.45000000000000007 1.0100000059604644
v -0.6099999999999999 0.45000000000000007 1.0100000059604644
v -0.6099999999999999 0.45000000000000007 1.0100000059604644
v -0.6099999999999999 0.45000000000000007 1.0100000059604644
v -0.6099999999999999 0.45000000000000007 1.0100000059604644
v -0.6099999999999999 0.45000000000000007 1.0100000059604644
v -0.6099999999999999 0.45000000000000007 1.0100000059604644
v -0.6099999999999999 0.45000000000000007 1.0100000059604644
v -0.6099999999999999 0.45000000000000007 1.0100000059604644
v -0.6099999999999999 0.45000000000000007 1.0100000059604644
v -0.6099999999999999 0.45000000000000007 1.0100000059604644
v -0.6099999999999999 0.45000000000000007 1.0100000059604644
v -0.6099999999999999 0.45000000000000007 1.0100000059604644
v -0.6099999999999999 0.45000000000000007 1.0100000059604644
v -0.6099999999999999 0.45000000000000007 1.0100000059604644
v -0.6099999999999999 0.45000000000000007 1.0100000059604644
v -0.6099999999999999 0.45000000000000007 1.0100000059604644
v -0.6099999999999999 0.45000000000000007 1.0100000059604644
v -0.6099999999999999 0.45000000000000007 1.0100000059604644
v -0.6099999999999999 0.45000000000000007 1.0100000059604644
v -0.6099999999999999 0.45000000000000007 1.0100000059604644
v -0.6099999999999999 0.45000000000000007 1.0100000059604644
v -0.6099999999999999 0.45000000000000007 1.0100000059604644
v -0.6099999999999999 0.45000000000000007 1.0100000059604644
v -0.6099999999999999 0.45000000000000007 1.0100000059604644
v -0.6099999999999999 0.45000000000000007 1.0100000059604644
v -0.6099999999999999 0.45000000000000007 1.0100000059604644
v -0.6099999999999999 0.45000000000000007 1.0100000059604644
v -0.6099999999999999 0.45000000000000007 1.0100000059604644
v -0.6099999999999999 1.1920929021691506e-8 1.0100000059604646
v -0.52220935434103 0.008646619319915838 1.0100000059604646
v -0.4377924507856368 0.03425420522689826 1.0100000059604646
v -0.3599933838844298 0.0758386671543122 1.0100000059604646
v -0.29180194497108447 0.13180194497108466 1.0100000059604646
v -0.235838667154312 0.19999338388443 1.0100000059604646
v -0.19425420522689807 0.27779245078563697 1.0100000059604646
v -0.16864661931991565 0.3622093543410302 1.0100000059604646
v -0.16000001192092883 0.45 1.0100000059604644
v -0.16864661931991565 0.53779064565897 1.0100000059604644
v -0.19425420522689807 0.6222075492143632 1.0100000059604644
v -0.235838667154312 0.7000066161155701 1.0100000059604644
v -0.29180194497108447 0.7681980550289155 1.0100000059604644
v -0.3599933838844298 0.8241613328456879 1.0100000059604644
v -0.4377924507856368 0.8657457947731019 1.0100000059604644
v -0.52220935434103 0.8913533806800843 1.0100000059604644
v -0.6099999999999999 0.8999999880790711 1.0100000059604644
v -0.6977906456589698 0.8913533806800843 1.0100000059604644
v -0.782207549214363 0.8657457947731019 1.0100000059604644
v -0.8600066161155699 0.8241613328456879 1.0100000059604644
v -0.9281980550289153 0.7681980550289155 1.0100000059604644
v -0.9841613328456877 0.7000066161155701 1.0100000059604644
v -1.0257457947731017 0.6222075492143632 1.0100000059604644
v -1.051353380680084 0.53779064565897 1.0100000059604644
v -1.059999988079071 0.4500000000000001 1.0100000059604644
v -1.051353380680084 0.3622093543410302 1.0100000059604646
v -1.0257457947731017 0.27779245078563697 1.0100000059604646
v -0.9841613328456877 0.19999338388443 1.0100000059604646
v -0.9281980550289153 0.13180194497108466 1.0100000059604646
v -0.8600066161155699 0.0758386671543122 1.0100000059604646
v -0.782207549214363 0.03425420522689826 1.0100000059604646
v -0.6977906456589698 0.008646619319915838 1.0100000059604646
v -0.61 1.1920929021691506e-8 1.0100000059604646
v -0.6099999999999999 0.44999999999999996 0.7099999940395355
v -0.6099999999999999 0.44999999999999996 0.7099999940395355
v -0.6099999999999999 0.44999999999999996 0.7099999940395355
v -0.6099999999999999 0.44999999999999996 0.7099999940395355
v -0.6099999999999999 0.44999999999999996 0.7099999940395355
v -0.6099999999999999 0.44999999999999996 0.7099999940395355
v -0.6099999999999999 0.44999999999999996 0.7099999940395355
v -0.6099999999999999 0.44999999999999996 0.7099999940395355
v -0.6099999999999999 0.44999999999999996 0.7099999940395355
v -0.6099999999999999 0.44999999999999996 0.7099999940395355
v -0.6099999999999999 0.44999999999999996 0.7099999940395355
v -0.6099999999999999 0.44999999999999996 0.7099999940395355
v -0.6099999999999999 0.44999999999999996 0.7099999940395355
v -0.6099999999999999 0.44999999999999996 0.7099999940395355
v -0.6099999999999999 0.44999999999999996 0.7099999940395355
v -0.6099999999999999 0.44999999999999996 0.7099999940395355
v -0.6099999999999999 0.44999999999999996 0.7099999940395355
v -0.6099999999999999 0.44999999999999996 0.7099999940395355
v -0.6099999999999999 0.44999999999999996 0.7099999940395355
v -0.6099999999999999 0.44999999999999996 0.7099999940395355
v -0.6099999999999999 0.44999999999999996 0.7099999940395355
v -0.6099999999999999 0.44999999999999996 0.7099999940395355
v -0.6099999999999999 0.44999999999999996 0.7099999940395355
v -0.6099999999999999 0.44999999999999996 0.7099999940395355
v -0.6099999999999999 0.44999999999999996 0.7099999940395355
v -0.6099999999999999 0.44999999999999996 0.7099999940395355
v -0.6099999999999999 0.44999999999999996 0.7099999940395355
v -0.6099999999999999 0.44999999999999996 0.7099999940395355
v -0.6099999999999999 0.44999999999999996 0.7099999940395355
v -0.6099999999999999 0.44999999999999996 0.7099999940395355
v -0.6099999999999999 0.44999999999999996 0.7099999940395355
v -0.6099999999999999 0.44999999999999996 0.7099999940395355
v -0.6099999999999999 1.1920928910669204e-8 0.7099999940395356
v -0.52220935434103 0.008646619319915727 0.7099999940395356
v -0.4377924507856368 0.03425420522689815 0.7099999940395356
v -0.3599933838844298 0.07583866715431209 0.7099999940395356
v -0.29180194497108447 0.13180194497108455 0.7099999940395356
v -0.235838667154312 0.1999933838844299 0.7099999940395356
v -0.19425420522689807 0.27779245078563686 0.7099999940395355
v -0.16864661931991565 0.3622093543410301 0.7099999940395355
v -0.16000001192092883 0.44999999999999996 0.7099999940395355
v -0.16864661931991565 0.5377906456589698 0.7099999940395355
v -0.19425420522689807 0.622207549214363 0.7099999940395355
v -0.235838667154312 0.70000661611557 0.7099999940395354
v -0.29180194497108447 0.7681980550289154 0.7099999940395354
v -0.3599933838844298 0.8241613328456878 0.7099999940395354
v -0.4377924507856368 0.8657457947731018 0.7099999940395354
v -0.52220935434103 0.8913533806800842 0.7099999940395354
v -0.6099999999999999 0.899999988079071 0.7099999940395354
v -0.6977906456589698 0.8913533806800842 0.7099999940395354
v -0.782207549214363 0.8657457947731018 0.7099999940395354
v -0.8600066161155699 0.8241613328456878 0.7099999940395354
v -0.9281980550289153 0.7681980550289154 0.7099999940395354
v -0.9841613328456877 0.70000661611557 0.7099999940395354
v -1.0257457947731017 0.622207549214363 0.7099999940395355
v -1.051353380680084 0.5377906456589698 0.7099999940395355
v -1.059999988079071 0.45000000000000007 0.7099999940395355
v -1.051353380680084 0.3622093543410301 0.7099999940395355
v -1.0257457947731017 0.27779245078563686 0.7099999940395355
v -0.9841613328456877 0.1999933838844299 0.7099999940395356
v -0.9281980550289153 0.13180194497108455 0.7099999940395356
v -0.8600066161155699 0.07583866715431209 0.7099999940395356
v -0.782207549214363 0.03425420522689815 0.7099999940395356
v -0.6977906456589698 0.008646619319915727 0.7099999940395356
v -0.61 1.1920928910669204e-8 0.7099999940395356
vt 0 1
vt 0.03125 1
vt 0.0625 1
vt 0.09375 1
vt 0.125 1
vt 0.15625 1
vt 0.1875 1
vt 0.21875 1
vt 0.25 1
vt 0.28125 1
vt 0.3125 1
vt 0.34375 1
vt 0.375 1
vt 0.40625 1
vt 0.4375 1
vt 0.46875 1
vt 0.5 1
vt 0.53125 1
vt 0.5625 1
vt 0.59375 1
vt 0.625 1
vt 0.65625 1
vt 0.6875 1
vt 0.71875 1
vt 0.75 1
vt 0.78125 1
vt 0.8125 1
vt 0.84375 1
vt 0.875 1
vt 0.90625 1
vt 0.9375 1
vt 0.96875 1
vt 1 1
vt 0 0
vt 0.03125 0
vt 0.0625 0
vt 0.09375 0
vt 0.125 0
vt 0.15625 0
vt 0.1875 0
vt 0.21875 0
vt 0.25 0
vt 0.28125 0
vt 0.3125 0
vt 0.34375 0
vt 0.375 0
vt 0.40625 0
vt 0.4375 0
vt 0.46875 0
vt 0.5 0
vt 0.53125 0
vt 0.5625 0
vt 0.59375 0
vt 0.625 0
vt 0.65625 0
vt 0.6875 0
vt 0.71875 0
vt 0.75 0
vt 0.78125 0
vt 0.8125 0
vt 0.84375 0
vt 0.875 0
vt 0.90625 0
vt 0.9375 0
vt 0.96875 0
vt 1 0
vt 0.5 0.5
vt 0.5 0.5
vt 0.5 0.5
vt 0.5 0.5
vt 0.5 0.5
vt 0.5 0.5
vt 0.5 0.5
vt 0.5 0.5
vt 0.5 0.5
vt 0.5 0.5
vt 0.5 0.5
vt 0.5 0.5
vt 0.5 0.5
vt 0.5 0.5
vt 0.5 0.5
vt 0.5 0.5
vt 0.5 0.5
vt 0.5 0.5
vt 0.5 0.5
vt 0.5 0.5
vt 0.5 0.5
vt 0.5 0.5
vt 0.5 0.5
vt 0.5 0.5
vt 0.5 0.5
vt 0.5 0.5
vt 0.5 0.5
vt 0.5 0.5
vt 0.5 0.5
vt 0.5 0.5
vt 0.5 0.5
vt 0.5 0.5
vt 1 0.5
vt 0.9903926253318787 0.5975451469421387
vt 0.9619397521018982 0.6913416981697083
vt 0.9157348275184631 0.7777851223945618
vt 0.8535534143447876 0.8535534143447876
vt 0.7777851223945618 0.9157348275184631
vt 0.6913416981697083 0.9619397521018982
vt 0.5975451469421387 0.9903926253318787
vt 0.5 1
vt 0.40245485305786133 0.9903926253318787
vt 0.30865827202796936 0.9619397521018982
vt 0.22221487760543823 0.9157348275184631
vt 0.1464466154575348 0.8535534143447876
vt 0.08426519483327866 0.7777851223945618
vt 0.03806023299694061 0.6913416981697083
vt 0.009607359766960144 0.5975451469421387
vt 0 0.5
vt 0.009607359766960144 0.40245485305786133
vt 0.03806023299694061 0.30865827202796936
vt 0.08426519483327866 0.22221487760543823
vt 0.1464466154575348 0.1464466154575348
vt 0.22221487760543823 0.08426519483327866
vt 0.30865827202796936 0.03806023299694061
vt 0.40245485305786133 0.009607359766960144
vt 0.5 0
vt 0.5975451469421387 0.009607359766960144
vt 0.6913416981697083 0.03806023299694061
vt 0.7777851223945618 0.08426519483327866
vt 0.8535534143447876 0.1464466154575348
vt 0.9157348275184631 0.22221487760543823
vt 0.9619397521018982 0.30865827202796936
vt 0.9903926253318787 0.40245485305786133
vt 1 0.5
vt 0.5 0.5
vt 0.5 0.5
vt 0.5 0.5
vt 0.5 0.5
vt 0.5 0.5
vt 0.5 0.5
vt 0.5 0.5
vt 0.5 0.5
vt 0.5 0.5
vt 0.5 0.5
vt 0.5 0.5
vt 0.5 0.5
vt 0.5 0.5
vt 0.5 0.5
vt 0.5 0.5
vt 0.5 0.5
vt 0.5 0.5
vt 0.5 0.5
vt 0.5 0.5
vt 0.5 0.5
vt 0.5 0.5
vt 0.5 0.5
vt 0.5 0.5
vt 0.5 0.5
vt 0.5 0.5
vt 0.5 0.5
vt 0.5 0.5
vt 0.5 0.5
vt 0.5 0.5
vt 0.5 0.5
vt 0.5 0.5
vt 0.5 0.5
vt 1 0.5
vt 0.9903926253318787 0.40245485305786133
vt 0.9619397521018982 0.30865827202796936
vt 0.9157348275184631 0.22221487760543823
vt 0.8535534143447876 0.1464466154575348
vt 0.7777851223945618 0.08426519483327866
vt 0.6913416981697083 0.03806023299694061
vt 0.5975451469421387 0.009607359766960144
vt 0.5 0
vt 0.40245485305786133 0.009607359766960144
vt 0.30865827202796936 0.03806023299694061
vt 0.22221487760543823 0.08426519483327866
vt 0.1464466154575348 0.1464466154575348
vt 0.08426519483327866 0.22221487760543823
vt 0.03806023299694061 0.30865827202796936
vt 0.009607359766960144 0.40245485305786133
vt 0 0.5
vt 0.009607359766960144 0.5975451469421387
vt 0.03806023299694061 0.6913416981697083
vt 0.08426519483327866 0.7777851223945618
vt 0.1464466154575348 0.8535534143447876
vt 0.22221487760543823 0.9157348275184631
vt 0.30865827202796936 0.9619397521018982
vt 0.40245485305786133 0.9903926253318787
vt 0.5 1
vt 0.5975451469421387 0.9903926253318787
vt 0.6913416981697083 0.9619397521018982
vt 0.7777851223945618 0.9157348275184631
vt 0.8535534143447876 0.8535534143447876
vt 0.9157348275184631 0.7777851223945618
vt 0.9619397521018982 0.6913416981697083
vt 0.9903926253318787 0.5975451469421387
vt 1 0.5
vn 0 -1 2.220446049250313e-16
vn 0.19509032931342324 -0.9807852789517083 2.177780797811187e-16
vn 0.3826834370613369 -0.9238795305660377 2.0514246536285922e-16
vn 0.555570248949409 -0.8314696016585884 1.8462333920745442e-16
vn 0.7071067811865476 -0.7071067811865476 1.5700924586837752e-16
vn 0.8314696016585884 -0.555570248949409 1.233613764360728e-16
vn 0.9238795305660377 -0.3826834370613369 8.497279259363763e-17
vn 0.9807852789517083 -0.19509032931342324 4.331875509709332e-17
vn 1 -6.123234262925839e-17 1.3596311327747833e-32
vn 0.9807852789517083 0.19509032931342324 -4.331875509709332e-17
vn 0.9238795305660377 0.3826834370613369 -8.497279259363763e-17
vn 0.8314696016585884 0.555570248949409 -1.233613764360728e-16
vn 0.7071067811865476 0.7071067811865476 -1.5700924586837752e-16
vn 0.555570248949409 0.8314696016585884 -1.8462333920745442e-16
vn 0.3826834370613369 0.9238795305660377 -2.0514246536285922e-16
vn 0.19509032931342324 0.9807852789517083 -2.177780797811187e-16
vn 1.2246468525851679e-16 1 -2.220446049250313e-16
vn -0.19509032931342324 0.9807852789517083 -2.177780797811187e-16
vn -0.3826834370613369 0.9238795305660377 -2.0514246536285922e-16
vn -0.555570248949409 0.8314696016585884 -1.8462333920745442e-16
vn -0.7071067811865476 0.7071067811865476 -1.5700924586837752e-16
vn -0.8314696016585884 0.555570248949409 -1.233613764360728e-16
vn -0.9238795305660377 0.3826834370613369 -8.497279259363763e-17
vn -0.9807852789517083 0.19509032931342324 -4.331875509709332e-17
vn -1 1.8369701465288538e-16 -4.078893104450762e-32
vn -0.9807852789517083 -0.19509032931342324 4.331875509709332e-17
vn -0.9238795305660377 -0.3826834370613369 8.497279259363763e-17
vn -0.8314696016585884 -0.555570248949409 1.233613764360728e-16
vn -0.7071067811865476 -0.7071067811865476 1.5700924586837752e-16
vn -0.555570248949409 -0.8314696016585884 1.8462333920745442e-16
vn -0.3826834370613369 -0.9238795305660377 2.0514246536285922e-16
vn -0.19509032931342324 -0.9807852789517083 2.177780797811187e-16
vn -2.4492937051703357e-16 -1 2.220446049250313e-16
vn 0 -1 2.220446049250313e-16
vn 0.19509032931342324 -0.9807852789517083 2.177780797811187e-16
vn 0.3826834370613369 -0.9238795305660377 2.0514246536285922e-16
vn 0.555570248949409 -0.8314696016585884 1.8462333920745442e-16
vn 0.7071067811865476 -0.7071067811865476 1.5700924586837752e-16
vn 0.8314696016585884 -0.555570248949409 1.233613764360728e-16
vn 0.9238795305660377 -0.3826834370613369 8.497279259363763e-17
vn 0.9807852789517083 -0.19509032931342324 4.331875509709332e-17
vn 1 -6.123234262925839e-17 1.3596311327747833e-32
vn 0.9807852789517083 0.19509032931342324 -4.331875509709332e-17
vn 0.9238795305660377 0.3826834370613369 -8.497279259363763e-17
vn 0.8314696016585884 0.555570248949409 -1.233613764360728e-16
vn 0.7071067811865476 0.7071067811865476 -1.5700924586837752e-16
vn 0.555570248949409 0.8314696016585884 -1.8462333920745442e-16
vn 0.3826834370613369 0.9238795305660377 -2.0514246536285922e-16
vn 0.19509032931342324 0.9807852789517083 -2.177780797811187e-16
vn 1.2246468525851679e-16 1 -2.220446049250313e-16
vn -0.19509032931342324 0.9807852789517083 -2.177780797811187e-16
vn -0.3826834370613369 0.9238795305660377 -2.0514246536285922e-16
vn -0.555570248949409 0.8314696016585884 -1.8462333920745442e-16
vn -0.7071067811865476 0.7071067811865476 -1.5700924586837752e-16
vn -0.8314696016585884 0.555570248949409 -1.233613764360728e-16
vn -0.9238795305660377 0.3826834370613369 -8.497279259363763e-17
vn -0.9807852789517083 0.19509032931342324 -4.331875509709332e-17
vn -1 1.8369701465288538e-16 -4.078893104450762e-32
vn -0.9807852789517083 -0.19509032931342324 4.331875509709332e-17
vn -0.9238795305660377 -0.3826834370613369 8.497279259363763e-17
vn -0.8314696016585884 -0.555570248949409 1.233613764360728e-16
vn -0.7071067811865476 -0.7071067811865476 1.5700924586837752e-16
vn -0.555570248949409 -0.8314696016585884 1.8462333920745442e-16
vn -0.3826834370613369 -0.9238795305660377 2.0514246536285922e-16
vn -0.19509032931342324 -0.9807852789517083 2.177780797811187e-16
vn -2.4492937051703357e-16 -1 2.220446049250313e-16
vn 0 2.220446049250313e-16 1
vn 0 2.220446049250313e-16 1
vn 0 2.220446049250313e-16 1
vn 0 2.220446049250313e-16 1
vn 0 2.220446049250313e-16 1
vn 0 2.220446049250313e-16 1
vn 0 2.220446049250313e-16 1
vn 0 2.220446049250313e-16 1
vn 0 2.220446049250313e-16 1
vn 0 2.220446049250313e-16 1
vn 0 2.220446049250313e-16 1
vn 0 2.220446049250313e-16 1
vn 0 2.220446049250313e-16 1
vn 0 2.220446049250313e-16 1
vn 0 2.220446049250313e-16 1
vn 0 2.220446049250313e-16 1
vn 0 2.220446049250313e-16 1
vn 0 2.220446049250313e-16 1
vn 0 2.220446049250313e-16 1
vn 0 2.220446049250313e-16 1
vn 0 2.220446049250313e-16 1
vn 0 2.220446049250313e-16 1
vn 0 2.220446049250313e-16 1
vn 0 2.220446049250313e-16 1
vn 0 2.220446049250313e-16 1
vn 0 2.220446049250313e-16 1
vn 0 2.220446049250313e-16 1
vn 0 2.220446049250313e-16 1
vn 0 2.220446049250313e-16 1
vn 0 2.220446049250313e-16 1
vn 0 2.220446049250313e-16 1
vn 0 2.220446049250313e-16 1
vn 0 2.220446049250313e-16 1
vn 0 2.220446049250313e-16 1
vn 0 2.220446049250313e-16 1
vn 0 2.220446049250313e-16 1
vn 0 2.220446049250313e-16 1
vn 0 2.220446049250313e-16 1
vn 0 2.220446049250313e-16 1
vn 0 2.220446049250313e-16 1
vn 0 2.220446049250313e-16 1
vn 0 2.220446049250313e-16 1
vn 0 2.220446049250313e-16 1
vn 0 2.220446049250313e-16 1
vn 0 2.220446049250313e-16 1
vn 0 2.220446049250313e-16 1
vn 0 2.220446049250313e-16 1
vn 0 2.220446049250313e-16 1
vn 0 2.220446049250313e-16 1
vn 0 2.220446049250313e-16 1
vn 0 2.220446049250313e-16 1
vn 0 2.220446049250313e-16 1
vn 0 2.220446049250313e-16 1
vn 0 2.220446049250313e-16 1
vn 0 2.220446049250313e-16 1
vn 0 2.220446049250313e-16 1
vn 0 2.220446049250313e-16 1
vn 0 2.220446049250313e-16 1
vn 0 2.220446049250313e-16 1
vn 0 2.220446049250313e-16 1
vn 0 2.220446049250313e-16 1
vn 0 2.220446049250313e-16 1
vn 0 2.220446049250313e-16 1
vn 0 2.220446049250313e-16 1
vn 0 2.220446049250313e-16 1
vn 0 -2.220446049250313e-16 -1
vn 0 -2.220446049250313e-16 -1
vn 0 -2.220446049250313e-16 -1
vn 0 -2.220446049250313e-16 -1
vn 0 -2.220446049250313e-16 -1
vn 0 -2.220446049250313e-16 -1
vn 0 -2.220446049250313e-16 -1
vn 0 -2.220446049250313e-16 -1
vn 0 -2.220446049250313e-16 -1
vn 0 -2.220446049250313e-16 -1
vn 0 -2.220446049250313e-16 -1
vn 0 -2.220446049250313e-16 -1
vn 0 -2.220446049250313e-16 -1
vn 0 -2.220446049250313e-16 -1
vn 0 -2.220446049250313e-16 -1
vn 0 -2.220446049250313e-16 -1
vn 0 -2.220446049250313e-16 -1
vn 0 -2.220446049250313e-16 -1
vn 0 -2.220446049250313e-16 -1
vn 0 -2.220446049250313e-16 -1
vn 0 -2.220446049250313e-16 -1
vn 0 -2.220446049250313e-16 -1
vn 0 -2.220446049250313e-16 -1
vn 0 -2.220446049250313e-16 -1
vn 0 -2.220446049250313e-16 -1
vn 0 -2.220446049250313e-16 -1
vn 0 -2.220446049250313e-16 -1
vn 0 -2.220446049250313e-16 -1
vn 0 -2.220446049250313e-16 -1
vn 0 -2.220446049250313e-16 -1
vn 0 -2.220446049250313e-16 -1
vn 0 -2.220446049250313e-16 -1
vn 0 -2.220446049250313e-16 -1
vn 0 -2.220446049250313e-16 -1
vn 0 -2.220446049250313e-16 -1
vn 0 -2.220446049250313e-16 -1
vn 0 -2.220446049250313e-16 -1
vn 0 -2.220446049250313e-16 -1
vn 0 -2.220446049250313e-16 -1
vn 0 -2.220446049250313e-16 -1
vn 0 -2.220446049250313e-16 -1
vn 0 -2.220446049250313e-16 -1
vn 0 -2.220446049250313e-16 -1
vn 0 -2.220446049250313e-16 -1
vn 0 -2.220446049250313e-16 -1
vn 0 -2.220446049250313e-16 -1
vn 0 -2.220446049250313e-16 -1
vn 0 -2.220446049250313e-16 -1
vn 0 -2.220446049250313e-16 -1
vn 0 -2.220446049250313e-16 -1
vn 0 -2.220446049250313e-16 -1
vn 0 -2.220446049250313e-16 -1
vn 0 -2.220446049250313e-16 -1
vn 0 -2.220446049250313e-16 -1
vn 0 -2.220446049250313e-16 -1
vn 0 -2.220446049250313e-16 -1
vn 0 -2.220446049250313e-16 -1
vn 0 -2.220446049250313e-16 -1
vn 0 -2.220446049250313e-16 -1
vn 0 -2.220446049250313e-16 -1
vn 0 -2.220446049250313e-16 -1
vn 0 -2.220446049250313e-16 -1
vn 0 -2.220446049250313e-16 -1
vn 0 -2.220446049250313e-16 -1
vn 0 -2.220446049250313e-16 -1
f 1481/1481/1481 1514/1514/1514 1482/1482/1482
f 1514/1514/1514 1515/1515/1515 1482/1482/1482
f 1482/1482/1482 1515/1515/1515 1483/1483/1483
f 1515/1515/1515 1516/1516/1516 1483/1483/1483
f 1483/1483/1483 1516/1516/1516 1484/1484/1484
f 1516/1516/1516 1517/1517/1517 1484/1484/1484
f 1484/1484/1484 1517/1517/1517 1485/1485/1485
f 1517/1517/1517 1518/1518/1518 1485/1485/1485
f 1485/1485/1485 1518/1518/1518 1486/1486/1486
f 1518/1518/1518 1519/1519/1519 1486/1486/1486
f 1486/1486/1486 1519/1519/1519 1487/1487/1487
f 1519/1519/1519 1520/1520/1520 1487/1487/1487
f 1487/1487/1487 1520/1520/1520 1488/1488/1488
f 1520/1520/1520 1521/1521/1521 1488/1488/1488
f 1488/1488/1488 1521/1521/1521 1489/1489/1489
f 1521/1521/1521 1522/1522/1522 1489/1489/1489
f 1489/1489/1489 1522/1522/1522 1490/1490/1490
f 1522/1522/1522 1523/1523/1523 1490/1490/1490
f 1490/1490/1490 1523/1523/1523 1491/1491/1491
f 1523/1523/1523 1524/1524/1524 1491/1491/1491
f 1491/1491/1491 1524/1524/1524 1492/1492/1492
f 1524/1524/1524 1525/1525/1525 1492/1492/1492
f 1492/1492/1492 1525/1525/1525 1493/1493/1493
f 1525/1525/1525 1526/1526/1526 1493/1493/1493
f 1493/1493/1493 1526/1526/1526 1494/1494/1494
f 1526/1526/1526 1527/1527/1527 1494/1494/1494
f 1494/1494/1494 1527/1527/1527 1495/1495/1495
f 1527/1527/1527 1528/1528/1528 1495/1495/1495
f 1495/1495/1495 1528/1528/1528 1496/1496/1496
f 1528/1528/1528 1529/1529/1529 1496/1496/1496
f 1496/1496/1496 1529/1529/1529 1497/1497/1497
f 1529/1529/1529 1530/1530/1530 1497/1497/1497
f 1497/1497/1497 1530/1530/1530 1498/1498/1498
f 1530/1530/1530 1531/1531/1531 1498/1498/1498
f 1498/1498/1498 1531/1531/1531 1499/1499/1499
f 1531/1531/1531 1532/1532/1532 1499/1499/1499
f 1499/1499/1499 1532/1532/1532 1500/1500/1500
f 1532/1532/1532 1533/1533/1533 1500/1500/1500
f 1500/1500/1500 1533/1533/1533 1501/1501/1501
f 1533/1533/1533 1534/1534/1534 1501/1501/1501
f 1501/1501/1501 1534/1534/1534 1502/1502/1502
f 1534/1534/1534 1535/1535/1535 1502/1502/1502
f 1502/1502/1502 1535/1535/1535 1503/1503/1503
f 1535/1535/1535 1536/1536/1536 1503/1503/1503
f 1503/1503/1503 1536/1536/1536 1504/1504/1504
f 1536/1536/1536 1537/1537/1537 1504/1504/1504
f 1504/1504/1504 1537/1537/1537 1505/1505/1505
f 1537/1537/1537 1538/1538/1538 1505/1505/1505
f 1505/1505/1505 1538/1538/1538 1506/1506/1506
f 1538/1538/1538 1539/1539/1539 1506/1506/1506
f 1506/1506/1506 1539/1539/1539 1507/1507/1507
f 1539/1539/1539 1540/1540/1540 1507/1507/1507
f 1507/1507/1507 1540/1540/1540 1508/1508/1508
f 1540/1540/1540 1541/1541/1541 1508/1508/1508
f 1508/1508/1508 1541/1541/1541 1509/1509/1509
f 1541/1541/1541 1542/1542/1542 1509/1509/1509
f 1509/1509/1509 1542/1542/1542 1510/1510/1510
f 1542/1542/1542 1543/1543/1543 1510/1510/1510
f 1510/1510/1510 1543/1543/1543 1511/1511/1511
f 1543/1543/1543 1544/1544/1544 1511/1511/1511
f 1511/1511/1511 1544/1544/1544 1512/1512/1512
f 1544/1544/1544 1545/1545/1545 1512/1512/1512
f 1512/1512/1512 1545/1545/1545 1513/1513/1513
f 1545/1545/1545 1546/1546/1546 1513/1513/1513
f 1579/1579/1579 1580/1580/1580 1547/1547/1547
f 1580/1580/1580 1581/1581/1581 1548/1548/1548
f 1581/1581/1581 1582/1582/1582 1549/1549/1549
f 1582/1582/1582 1583/1583/1583 1550/1550/1550
f 1583/1583/1583 1584/1584/1584 1551/1551/1551
f 1584/1584/1584 1585/1585/1585 1552/1552/1552
f 1585/1585/1585 1586/1586/1586 1553/1553/1553
f 1586/1586/1586 1587/1587/1587 1554/1554/1554
f 1587/1587/1587 1588/1588/1588 1555/1555/1555
f 1588/1588/1588 1589/1589/1589 1556/1556/1556
f 1589/1589/1589 1590/1590/1590 1557/1557/1557
f 1590/1590/1590 1591/1591/1591 1558/1558/1558
f 1591/1591/1591 1592/1592/1592 1559/1559/1559
f 1592/1592/1592 1593/1593/1593 1560/1560/1560
f 1593/1593/1593 1594/1594/1594 1561/1561/1561
f 1594/1594/1594 1595/1595/1595 1562/1562/1562
f 1595/1595/1595 1596/1596/1596 1563/1563/1563
f 1596/1596/1596 1597/1597/1597 1564/1564/1564
f 1597/1597/1597 1598/1598/1598 1565/1565/1565
f 1598/1598/1598 1599/1599/1599 1566/1566/1566
f 1599/1599/1599 1600/1600/1600 1567/1567/1567
f 1600/1600/1600 1601/1601/1601 1568/1568/1568
f 1601/1601/1601 1602/1602/1602 1569/1569/1569
f 1602/1602/1602 1603/1603/1603 1570/1570/1570
f 1603/1603/1603 1604/1604/1604 1571/1571/1571
f 1604/1604/1604 1605/1605/1605 1572/1572/1572
f 1605/1605/1605 1606/1606/1606 1573/1573/1573
f 1606/1606/1606 1607/1607/1607 1574/1574/1574
f 1607/1607/1607 1608/1608/1608 1575/1575/1575
f 1608/1608/1608 1609/1609/1609 1576/1576/1576
f 1609/1609/1609 1610/1610/1610 1577/1577/1577
f 1610/1610/1610 1611/1611/1611 1578/1578/1578
f 1645/1645/1645 1644/1644/1644 1612/1612/1612
f 1646/1646/1646 1645/1645/1645 1613/1613/1613
f 1647/1647/1647 1646/1646/1646 1614/1614/1614
f 1648/1648/1648 1647/1647/1647 1615/1615/1615
f 1649/1649/1649 1648/1648/1648 1616/1616/1616
f 1650/1650/1650 1649/1649/1649 1617/1617/1617
f 1651/1651/1651 1650/1650/1650 1618/1618/1618
f 1652/1652/1652 1651/1651/1651 1619/1619/1619
f 1653/1653/1653 1652/1652/1652 1620/1620/1620
f 1654/1654/1654 1653/1653/1653 1621/1621/1621
f 1655/1655/1655 1654/1654/1654 1622/1622/1622
f 1656/1656/1656 1655/1655/1655 1623/1623/1623
f 1657/1657/1657 1656/1656/1656 1624/1624/1624
f 1658/1658/1658 1657/1657/1657 1625/1625/1625
f 1659/1659/1659 1658/1658/1658 1626/1626/1626
f 1660/1660/1660 1659/1659/1659 1627/1627/1627
f 1661/1661/1661 1660/1660/1660 1628/1628/1628
f 1662/1662/1662 1661/1661/1661 1629/1629/1629
f 1663/1663/1663 1662/1662/1662 1630/1630/1630
f 1664/1664/1664 1663/1663/1663 1631/1631/1631
f 1665/1665/1665 1664/1664/1664 1632/1632/1632
f 1666/1666/1666 1665/1665/1665 1633/1633/1633
f 1667/1667/1667 1666/1666/1666 1634/1634/1634
f 1668/1668/1668 1667/1667/1667 1635/1635/1635
f 1669/1669/1669 1668/1668/1668 1636/1636/1636
f 1670/1670/1670 1669/1669/1669 1637/1637/1637
f 1671/1671/1671 1670/1670/1670 1638/1638/1638
f 1672/1672/1672 1671/1671/1671 1639/1639/1639
f 1673/1673/1673 1672/1672/1672 1640/1640/1640
f 1674/1674/1674 1673/1673/1673 1641/1641/1641
f 1675/1675/1675 1674/1674/1674 1642/1642/1642
f 1676/1676/1676 1675/1675/1675 1643/1643/1643
o wheel_rear_l_rim
usemtl body_mid
v -0.6099999999999999 0.2160000026226044 1.0129999971389771
v -0.5494363425672053 0.223973360657692 1.0129999971389771
v -0.49300000131130206 0.2473500490188599 1.0129999971389771
v -0.4445370143651961 0.2845370143651963 1.0129999971389771
v -0.40735004901885974 0.33300000131130225 1.0129999971389771
v -0.38397336065769183 0.3894363425672055 1.012999997138977
v -0.37600000262260425 0.45 1.012999997138977
v -0.38397336065769183 0.5105636574327946 1.012999997138977
v -0.40735004901885974 0.5669999986886979 1.012999997138977
v -0.4445370143651961 0.6154629856348038 1.012999997138977
v -0.49300000131130206 0.6526499509811402 1.012999997138977
v -0.5494363425672053 0.6760266393423081 1.012999997138977
v -0.6099999999999999 0.6839999973773957 1.012999997138977
v -0.6705636574327944 0.6760266393423081 1.012999997138977
v -0.7269999986886977 0.6526499509811402 1.012999997138977
v -0.7754629856348036 0.6154629856348038 1.012999997138977
v -0.81264995098114 0.5669999986886979 1.012999997138977
v -0.8360266393423079 0.5105636574327946 1.012999997138977
v -0.8439999973773955 0.45000000000000007 1.012999997138977
v -0.8360266393423079 0.3894363425672055 1.012999997138977
v -0.81264995098114 0.33300000131130225 1.0129999971389771
v -0.7754629856348036 0.2845370143651963 1.0129999971389771
v -0.7269999986886977 0.2473500490188599 1.0129999971389771
v -0.6705636574327944 0.223973360657692 1.0129999971389771
v -0.61 0.2160000026226044 1.0129999971389771
v -0.6099999999999999 0.21600000262260435 0.707000002861023
v -0.5494363425672053 0.22397336065769194 0.707000002861023
v -0.49300000131130206 0.24735004901885985 0.707000002861023
v -0.4445370143651961 0.2845370143651962 0.7070000028610229
v -0.40735004901885974 0.33300000131130214 0.7070000028610229
v -0.38397336065769183 0.3894363425672054 0.7070000028610229
v -0.37600000262260425 0.44999999999999996 0.7070000028610229
v -0.38397336065769183 0.5105636574327945 0.7070000028610229
v -0.40735004901885974 0.5669999986886978 0.7070000028610229
v -0.4445370143651961 0.6154629856348037 0.7070000028610229
v -0.49300000131130206 0.6526499509811401 0.7070000028610228
v -0.5494363425672053 0.676026639342308 0.7070000028610228
v -0.6099999999999999 0.6839999973773956 0.7070000028610228
v -0.6705636574327944 0.676026639342308 0.7070000028610228
v -0.7269999986886977 0.6526499509811401 0.7070000028610228
v -0.7754629856348036 0.6154629856348037 0.7070000028610229
v -0.81264995098114 0.5669999986886978 0.7070000028610229
v -0.8360266393423079 0.5105636574327945 0.7070000028610229
v -0.8439999973773955 0.45 0.7070000028610229
v -0.8360266393423079 0.3894363425672054 0.7070000028610229
v -0.81264995098114 0.33300000131130214 0.7070000028610229
v -0.7754629856348036 0.2845370143651962 0.7070000028610229
v -0.7269999986886977 0.24735004901885985 0.707000002861023
v -0.6705636574327944 0.22397336065769194 0.707000002861023
v -0.61 0.21600000262260435 0.707000002861023
v -0.6099999999999999 0.45000000000000007 1.012999997138977
v -0.6099999999999999 0.45000000000000007 1.012999997138977
v -0.6099999999999999 0.45000000000000007 1.012999997138977
v -0.6099999999999999 0.45000000000000007 1.012999997138977
v -0.6099999999999999 0.45000000000000007 1.012999997138977
v -0.6099999999999999 0.45000000000000007 1.012999997138977
v -0.6099999999999999 0.45000000000000007 1.012999997138977
v -0.6099999999999999 0.45000000000000007 1.012999997138977
v -0.6099999999999999 0.45000000000000007 1.012999997138977
v -0.6099999999999999 0.45000000000000007 1.012999997138977
v -0.6099999999999999 0.45000000000000007 1.012999997138977
v -0.6099999999999999 0.45000000000000007 1.012999997138977
v -0.6099999999999999 0.45000000000000007 1.012999997138977
v -0.6099999999999999 0.45000000000000007 1.012999997138977
v -0.6099999999999999 0.45000000000000007 1.012999997138977
v -0.6099999999999999 0.45000000000000007 1.012999997138977
v -0.6099999999999999 0.45000000000000007 1.012999997138977
v -0.6099999999999999 0.45000000000000007 1.012999997138977
v -0.6099999999999999 0.45000000000000007 1.012999997138977
v -0.6099999999999999 0.45000000000000007 1.012999997138977
v -0.6099999999999999 0.45000000000000007 1.012999997138977
v -0.6099999999999999 0.45000000000000007 1.012999997138977
v -0.6099999999999999 0.45000000000000007 1.012999997138977
v -0.6099999999999999 0.45000000000000007 1.012999997138977
v -0.6099999999999999 0.2160000026226044 1.0129999971389771
v -0.5494363425672053 0.223973360657692 1.0129999971389771
v -0.49300000131130206 0.2473500490188599 1.0129999971389771
v -0.4445370143651961 0.2845370143651963 1.0129999971389771
v -0.40735004901885974 0.33300000131130225 1.0129999971389771
v -0.38397336065769183 0.3894363425672055 1.012999997138977
v -0.37600000262260425 0.45 1.012999997138977
v -0.38397336065769183 0.5105636574327946 1.012999997138977
v -0.40735004901885974 0.5669999986886979 1.012999997138977
v -0.4445370143651961 0.6154629856348038 1.012999997138977
v -0.49300000131130206 0.6526499509811402 1.012999997138977
v -0.5494363425672053 0.6760266393423081 1.012999997138977
v -0.6099999999999999 0.6839999973773957 1.012999997138977
v -0.6705636574327944 0.6760266393423081 1.012999997138977
v -0.7269999986886977 0.6526499509811402 1.012999997138977
v -0.7754629856348036 0.6154629856348038 1.012999997138977
v -0.81264995098114 0.5669999986886979 1.012999997138977
v -0.8360266393423079 0.5105636574327946 1.012999997138977
v -0.8439999973773955 0.45000000000000007 1.012999997138977
v -0.8360266393423079 0.3894363425672055 1.012999997138977
v -0.81264995098114 0.33300000131130225 1.0129999971389771
v -0.7754629856348036 0.2845370143651963 1.0129999971389771
v -0.7269999986886977 0.2473500490188599 1.0129999971389771
v -0.6705636574327944 0.223973360657692 1.0129999971389771
v -0.61 0.2160000026226044 1.0129999971389771
v -0.6099999999999999 0.44999999999999996 0.7070000028610229
v -0.6099999999999999 0.44999999999999996 0.7070000028610229
v -0.6099999999999999 0.44999999999999996 0.7070000028610229
v -0.6099999999999999 0.44999999999999996 0.7070000028610229
v -0.6099999999999999 0.44999999999999996 0.7070000028610229
v -0.6099999999999999 0.44999999999999996 0.7070000028610229
v -0.6099999999999999 0.44999999999999996 0.7070000028610229
v -0.6099999999999999 0.44999999999999996 0.7070000028610229
v -0.6099999999999999 0.44999999999999996 0.7070000028610229
v -0.6099999999999999 0.44999999999999996 0.7070000028610229
v -0.6099999999999999 0.44999999999999996 0.7070000028610229
v -0.6099999999999999 0.44999999999999996 0.7070000028610229
v -0.6099999999999999 0.44999999999999996 0.7070000028610229
v -0.6099999999999999 0.44999999999999996 0.7070000028610229
v -0.6099999999999999 0.44999999999999996 0.7070000028610229
v -0.6099999999999999 0.44999999999999996 0.7070000028610229
v -0.6099999999999999 0.44999999999999996 0.7070000028610229
v -0.6099999999999999 0.44999999999999996 0.7070000028610229
v -0.6099999999999999 0.44999999999999996 0.7070000028610229
v -0.6099999999999999 0.44999999999999996 0.7070000028610229
v -0.6099999999999999 0.44999999999999996 0.7070000028610229
v -0.6099999999999999 0.44999999999999996 0.7070000028610229
v -0.6099999999999999 0.44999999999999996 0.7070000028610229
v -0.6099999999999999 0.44999999999999996 0.7070000028610229
v -0.6099999999999999 0.21600000262260435 0.707000002861023
v -0.5494363425672053 0.22397336065769194 0.707000002861023
v -0.49300000131130206 0.24735004901885985 0.707000002861023
v -0.4445370143651961 0.2845370143651962 0.7070000028610229
v -0.40735004901885974 0.33300000131130214 0.7070000028610229
v -0.38397336065769183 0.3894363425672054 0.7070000028610229
v -0.37600000262260425 0.44999999999999996 0.7070000028610229
v -0.38397336065769183 0.5105636574327945 0.7070000028610229
v -0.40735004901885974 0.5669999986886978 0.7070000028610229
v -0.4445370143651961 0.6154629856348037 0.7070000028610229
v -0.49300000131130206 0.6526499509811401 0.7070000028610228
v -0.5494363425672053 0.676026639342308 0.7070000028610228
v -0.6099999999999999 0.6839999973773956 0.7070000028610228
v -0.6705636574327944 0.676026639342308 0.7070000028610228
v -0.7269999986886977 0.6526499509811401 0.7070000028610228
v -0.7754629856348036 0.6154629856348037 0.7070000028610229
v -0.81264995098114 0.5669999986886978 0.7070000028610229
v -0.8360266393423079 0.5105636574327945 0.7070000028610229
v -0.8439999973773955 0.45 0.7070000028610229
v -0.8360266393423079 0.3894363425672054 0.7070000028610229
v -0.81264995098114 0.33300000131130214 0.7070000028610229
v -0.7754629856348036 0.2845370143651962 0.7070000028610229
v -0.7269999986886977 0.24735004901885985 0.707000002861023
v -0.6705636574327944 0.22397336065769194 0.707000002861023
v -0.61 0.21600000262260435 0.707000002861023
vt 0 1
vt 0.0416666679084301 1
vt 0.0833333358168602 1
vt 0.125 1
vt 0.1666666716337204 1
vt 0.2083333283662796 1
vt 0.25 1
vt 0.2916666567325592 1
vt 0.3333333432674408 1
vt 0.375 1
vt 0.4166666567325592 1
vt 0.4583333432674408 1
vt 0.5 1
vt 0.5416666865348816 1
vt 0.5833333134651184 1
vt 0.625 1
vt 0.6666666865348816 1
vt 0.7083333134651184 1
vt 0.75 1
vt 0.7916666865348816 1
vt 0.8333333134651184 1
vt 0.875 1
vt 0.9166666865348816 1
vt 0.9583333134651184 1
vt 1 1
vt 0 0
vt 0.0416666679084301 0
vt 0.0833333358168602 0
vt 0.125 0
vt 0.1666666716337204 0
vt 0.2083333283662796 0
vt 0.25 0
vt 0.2916666567325592 0
vt 0.3333333432674408 0
vt 0.375 0
vt 0.4166666567325592 0
vt 0.4583333432674408 0
vt 0.5 0
vt 0.5416666865348816 0
vt 0.5833333134651184 0
vt 0.625 0
vt 0.6666666865348816 0
vt 0.7083333134651184 0
vt 0.75 0
vt 0.7916666865348816 0
vt 0.8333333134651184 0
vt 0.875 0
vt 0.9166666865348816 0
vt 0.9583333134651184 0
vt 1 0
vt 0.5 0.5
vt 0.5 0.5
vt 0.5 0.5
vt 0.5 0.5
vt 0.5 0.5
vt 0.5 0.5
vt 0.5 0.5
vt 0.5 0.5
vt 0.5 0.5
vt 0.5 0.5
vt 0.5 0.5
vt 0.5 0.5
vt 0.5 0.5
vt 0.5 0.5
vt 0.5 0.5
vt 0.5 0.5
vt 0.5 0.5
vt 0.5 0.5
vt 0.5 0.5
vt 0.5 0.5
vt 0.5 0.5
vt 0.5 0.5
vt 0.5 0.5
vt 0.5 0.5
vt 1 0.5
vt 0.9829629063606262 0.6294095516204834
vt 0.9330127239227295 0.75
vt 0.8535534143447876 0.8535534143447876
vt 0.75 0.9330127239227295
vt 0.6294095516204834 0.9829629063606262
vt 0.5 1
vt 0.370590478181839 0.9829629063606262
vt 0.25 0.9330127239227295
vt 0.1464466154575348 0.8535534143447876
vt 0.0669872984290123 0.75
vt 0.017037086188793182 0.6294095516204834
vt 0 0.5
vt 0.017037086188793182 0.370590478181839
vt 0.0669872984290123 0.25
vt 0.1464466154575348 0.1464466154575348
vt 0.25 0.0669872984290123
vt 0.370590478181839 0.017037086188793182
vt 0.5 0
vt 0.6294095516204834 0.017037086188793182
vt 0.75 0.0669872984290123
vt 0.8535534143447876 0.1464466154575348
vt 0.9330127239227295 0.25
vt 0.9829629063606262 0.370590478181839
vt 1 0.5
vt 0.5 0.5
vt 0.5 0.5
vt 0.5 0.5
vt 0.5 0.5
vt 0.5 0.5
vt 0.5 0.5
vt 0.5 0.5
vt 0.5 0.5
vt 0.5 0.5
vt 0.5 0.5
vt 0.5 0.5
vt 0.5 0.5
vt 0.5 0.5
vt 0.5 0.5
vt 0.5 0.5
vt 0.5 0.5
vt 0.5 0.5
vt 0.5 0.5
vt 0.5 0.5
vt 0.5 0.5
vt 0.5 0.5
vt 0.5 0.5
vt 0.5 0.5
vt 0.5 0.5
vt 1 0.5
vt 0.9829629063606262 0.370590478181839
vt 0.9330127239227295 0.25
vt 0.8535534143447876 0.1464466154575348
vt 0.75 0.0669872984290123
vt 0.6294095516204834 0.017037086188793182
vt 0.5 0
vt 0.370590478181839 0.017037086188793182
vt 0.25 0.0669872984290123
vt 0.1464466154575348 0.1464466154575348
vt 0.0669872984290123 0.25
vt 0.017037086188793182 0.370590478181839
vt 0 0.5
vt 0.017037086188793182 0.6294095516204834
vt 0.0669872984290123 0.75
vt 0.1464466154575348 0.8535534143447876
vt 0.25 0.9330127239227295
vt 0.370590478181839 0.9829629063606262
vt 0.5 1
vt 0.6294095516204834 0.9829629063606262
vt 0.75 0.9330127239227295
vt 0.8535534143447876 0.8535534143447876
vt 0.9330127239227295 0.75
vt 0.9829629063606262 0.6294095516204834
vt 1 0.5
vn 0 -1 2.220446049250313e-16
vn 0.2588190471264927 -0.9659258257467466 2.1447861836482098e-16
vn 0.5000000067305869 -0.8660253998985324 1.9229626777551189e-16
vn 0.7071067811865476 -0.7071067811865476 1.5700924586837752e-16
vn 0.8660253998985324 -0.5000000067305869 1.1102230395700616e-16
vn 0.9659258257467466 -0.2588190471264927 5.746937306627513e-17
vn 1 -6.123234262925839e-17 1.3596311327747833e-32
vn 0.9659258257467466 0.2588190471264927 -5.746937306627513e-17
vn 0.8660253998985324 0.5000000067305869 -1.1102230395700616e-16
vn 0.7071067811865476 0.7071067811865476 -1.5700924586837752e-16
vn 0.5000000067305869 0.8660253998985324 -1.9229626777551189e-16
vn 0.2588190471264927 0.9659258257467466 -2.1447861836482098e-16
vn 1.2246468525851679e-16 1 -2.220446049250313e-16
vn -0.2588190471264927 0.9659258257467466 -2.1447861836482098e-16
vn -0.5000000067305869 0.8660253998985324 -1.9229626777551189e-16
vn -0.7071067811865476 0.7071067811865476 -1.5700924586837752e-16
vn -0.8660253998985324 0.5000000067305869 -1.1102230395700616e-16
vn -0.9659258257467466 0.2588190471264927 -5.746937306627513e-17
vn -1 1.8369701465288538e-16 -4.078893104450762e-32
vn -0.9659258257467466 -0.2588190471264927 5.746937306627513e-17
vn -0.8660253998985324 -0.5000000067305869 1.1102230395700616e-16
vn -0.7071067811865476 -0.7071067811865476 1.5700924586837752e-16
vn -0.5000000067305869 -0.8660253998985324 1.9229626777551189e-16
vn -0.2588190471264927 -0.9659258257467466 2.1447861836482098e-16
vn -2.4492937051703357e-16 -1 2.220446049250313e-16
vn 0 -1 2.220446049250313e-16
vn 0.2588190471264927 -0.9659258257467466 2.1447861836482098e-16
vn 0.5000000067305869 -0.8660253998985324 1.9229626777551189e-16
vn 0.7071067811865476 -0.7071067811865476 1.5700924586837752e-16
vn 0.8660253998985324 -0.5000000067305869 1.1102230395700616e-16
vn 0.9659258257467466 -0.2588190471264927 5.746937306627513e-17
vn 1 -6.123234262925839e-17 1.3596311327747833e-32
vn 0.9659258257467466 0.2588190471264927 -5.746937306627513e-17
vn 0.8660253998985324 0.5000000067305869 -1.1102230395700616e-16
vn 0.7071067811865476 0.7071067811865476 -1.5700924586837752e-16
vn 0.5000000067305869 0.8660253998985324 -1.9229626777551189e-16
vn 0.2588190471264927 0.9659258257467466 -2.1447861836482098e-16
vn 1.2246468525851679e-16 1 -2.220446049250313e-16
vn -0.2588190471264927 0.9659258257467466 -2.1447861836482098e-16
vn -0.5000000067305869 0.8660253998985324 -1.9229626777551189e-16
vn -0.7071067811865476 0.7071067811865476 -1.5700924586837752e-16
vn -0.8660253998985324 0.5000000067305869 -1.1102230395700616e-16
vn -0.9659258257467466 0.2588190471264927 -5.746937306627513e-17
vn -1 1.8369701465288538e-16 -4.078893104450762e-32
vn -0.9659258257467466 -0.2588190471264927 5.746937306627513e-17
vn -0.8660253998985324 -0.5000000067305869 1.1102230395700616e-16
vn -0.7071067811865476 -0.7071067811865476 1.5700924586837752e-16
vn -0.5000000067305869 -0.8660253998985324 1.9229626777551189e-16
vn -0.2588190471264927 -0.9659258257467466 2.1447861836482098e-16
vn -2.4492937051703357e-16 -1 2.220446049250313e-16
vn 0 2.220446049250313e-16 1
vn 0 2.220446049250313e-16 1
vn 0 2.220446049250313e-16 1
vn 0 2.220446049250313e-16 1
vn 0 2.220446049250313e-16 1
vn 0 2.220446049250313e-16 1
vn 0 2.220446049250313e-16 1
vn 0 2.220446049250313e-16 1
vn 0 2.220446049250313e-16 1
vn 0 2.220446049250313e-16 1
vn 0 2.220446049250313e-16 1
vn 0 2.220446049250313e-16 1
vn 0 2.220446049250313e-16 1
vn 0 2.220446049250313e-16 1
vn 0 2.220446049250313e-16 1
vn 0 2.220446049250313e-16 1
vn 0 2.220446049250313e-16 1
vn 0 2.220446049250313e-16 1
vn 0 2.220446049250313e-16 1
vn 0 2.220446049250313e-16 1
vn 0 2.220446049250313e-16 1
vn 0 2.220446049250313e-16 1
vn 0 2.220446049250313e-16 1
vn 0 2.220446049250313e-16 1
vn 0 2.220446049250313e-16 1
vn 0 2.220446049250313e-16 1
vn 0 2.220446049250313e-16 1
vn 0 2.220446049250313e-16 1
vn 0 2.220446049250313e-16 1
vn 0 2.220446049250313e-16 1
vn 0 2.220446049250313e-16 1
vn 0 2.220446049250313e-16 1
vn 0 2.220446049250313e-16 1
vn 0 2.220446049250313e-16 1
vn 0 2.220446049250313e-16 1
vn 0 2.220446049250313e-16 1
vn 0 2.220446049250313e-16 1
vn 0 2.220446049250313e-16 1
vn 0 2.220446049250313e-16 1
vn 0 2.220446049250313e-16 1
vn 0 2.220446049250313e-16 1
vn 0 2.220446049250313e-16 1
vn 0 2.220446049250313e-16 1
vn 0 2.220446049250313e-16 1
vn 0 2.220446049250313e-16 1
vn 0 2.220446049250313e-16 1
vn 0 2.220446049250313e-16 1
vn 0 2.220446049250313e-16 1
vn 0 2.220446049250313e-16 1
vn 0 -2.220446049250313e-16 -1
vn 0 -2.220446049250313e-16 -1
vn 0 -2.220446049250313e-16 -1
vn 0 -2.220446049250313e-16 -1
vn 0 -2.220446049250313e-16 -1
vn 0 -2.220446049250313e-16 -1
vn 0 -2.220446049250313e-16 -1
vn 0 -2.220446049250313e-16 -1
vn 0 -2.220446049250313e-16 -1
vn 0 -2.220446049250313e-16 -1
vn 0 -2.220446049250313e-16 -1
vn 0 -2.220446049250313e-16 -1
vn 0 -2.220446049250313e-16 -1
vn 0 -2.220446049250313e-16 -1
vn 0 -2.220446049250313e-16 -1
vn 0 -2.220446049250313e-16 -1
vn 0 -2.220446049250313e-16 -1
vn 0 -2.220446049250313e-16 -1
vn 0 -2.220446049250313e-16 -1
vn 0 -2.220446049250313e-16 -1
vn 0 -2.220446049250313e-16 -1
vn 0 -2.220446049250313e-16 -1
vn 0 -2.220446049250313e-16 -1
vn 0 -2.220446049250313e-16 -1
vn 0 -2.220446049250313e-16 -1
vn 0 -2.220446049250313e-16 -1
vn 0 -2.220446049250313e-16 -1
vn 0 -2.220446049250313e-16 -1
vn 0 -2.220446049250313e-16 -1
vn 0 -2.220446049250313e-16 -1
vn 0 -2.220446049250313e-16 -1
vn 0 -2.220446049250313e-16 -1
vn 0 -2.220446049250313e-16 -1
vn 0 -2.220446049250313e-16 -1
vn 0 -2.220446049250313e-16 -1
vn 0 -2.220446049250313e-16 -1
vn 0 -2.220446049250313e-16 -1
vn 0 -2.220446049250313e-16 -1
vn 0 -2.220446049250313e-16 -1
vn 0 -2.220446049250313e-16 -1
vn 0 -2.220446049250313e-16 -1
vn 0 -2.220446049250313e-16 -1
vn 0 -2.220446049250313e-16 -1
vn 0 -2.220446049250313e-16 -1
vn 0 -2.220446049250313e-16 -1
vn 0 -2.220446049250313e-16 -1
vn 0 -2.220446049250313e-16 -1
vn 0 -2.220446049250313e-16 -1
vn 0 -2.220446049250313e-16 -1
f 1677/1677/1677 1702/1702/1702 1678/1678/1678
f 1702/1702/1702 1703/1703/1703 1678/1678/1678
f 1678/1678/1678 1703/1703/1703 1679/1679/1679
f 1703/1703/1703 1704/1704/1704 1679/1679/1679
f 1679/1679/1679 1704/1704/1704 1680/1680/1680
f 1704/1704/1704 1705/1705/1705 1680/1680/1680
f 1680/1680/1680 1705/1705/1705 1681/1681/1681
f 1705/1705/1705 1706/1706/1706 1681/1681/1681
f 1681/1681/1681 1706/1706/1706 1682/1682/1682
f 1706/1706/1706 1707/1707/1707 1682/1682/1682
f 1682/1682/1682 1707/1707/1707 1683/1683/1683
f 1707/1707/1707 1708/1708/1708 1683/1683/1683
f 1683/1683/1683 1708/1708/1708 1684/1684/1684
f 1708/1708/1708 1709/1709/1709 1684/1684/1684
f 1684/1684/1684 1709/1709/1709 1685/1685/1685
f 1709/1709/1709 1710/1710/1710 1685/1685/1685
f 1685/1685/1685 1710/1710/1710 1686/1686/1686
f 1710/1710/1710 1711/1711/1711 1686/1686/1686
f 1686/1686/1686 1711/1711/1711 1687/1687/1687
f 1711/1711/1711 1712/1712/1712 1687/1687/1687
f 1687/1687/1687 1712/1712/1712 1688/1688/1688
f 1712/1712/1712 1713/1713/1713 1688/1688/1688
f 1688/1688/1688 1713/1713/1713 1689/1689/1689
f 1713/1713/1713 1714/1714/1714 1689/1689/1689
f 1689/1689/1689 1714/1714/1714 1690/1690/1690
f 1714/1714/1714 1715/1715/1715 1690/1690/1690
f 1690/1690/1690 1715/1715/1715 1691/1691/1691
f 1715/1715/1715 1716/1716/1716 1691/1691/1691
f 1691/1691/1691 1716/1716/1716 1692/1692/1692
f 1716/1716/1716 1717/1717/1717 1692/1692/1692
f 1692/1692/1692 1717/1717/1717 1693/1693/1693
f 1717/1717/1717 1718/1718/1718 1693/1693/1693
f 1693/1693/1693 1718/1718/1718 1694/1694/1694
f 1718/1718/1718 1719/1719/1719 1694/1694/1694
f 1694/1694/1694 1719/1719/1719 1695/1695/1695
f 1719/1719/1719 1720/1720/1720 1695/1695/1695
f 1695/1695/1695 1720/1720/1720 1696/1696/1696
f 1720/1720/1720 1721/1721/1721 1696/1696/1696
f 1696/1696/1696 1721/1721/1721 1697/1697/1697
f 1721/1721/1721 1722/1722/1722 1697/1697/1697
f 1697/1697/1697 1722/1722/1722 1698/1698/1698
f 1722/1722/1722 1723/1723/1723 1698/1698/1698
f 1698/1698/1698 1723/1723/1723 1699/1699/1699
f 1723/1723/1723 1724/1724/1724 1699/1699/1699
f 1699/1699/1699 1724/1724/1724 1700/1700/1700
f 1724/1724/1724 1725/1725/1725 1700/1700/1700
f 1700/1700/1700 1725/1725/1725 1701/1701/1701
f 1725/1725/1725 1726/1726/1726 1701/1701/1701
f 1751/1751/1751 1752/1752/1752 1727/1727/1727
f 1752/1752/1752 1753/1753/1753 1728/1728/1728
f 1753/1753/1753 1754/1754/1754 1729/1729/1729
f 1754/1754/1754 1755/1755/1755 1730/1730/1730
f 1755/1755/1755 1756/1756/1756 1731/1731/1731
f 1756/1756/1756 1757/1757/1757 1732/1732/1732
f 1757/1757/1757 1758/1758/1758 1733/1733/1733
f 1758/1758/1758 1759/1759/1759 1734/1734/1734
f 1759/1759/1759 1760/1760/1760 1735/1735/1735
f 1760/1760/1760 1761/1761/1761 1736/1736/1736
f 1761/1761/1761 1762/1762/1762 1737/1737/1737
f 1762/1762/1762 1763/1763/1763 1738/1738/1738
f 1763/1763/1763 1764/1764/1764 1739/1739/1739
f 1764/1764/1764 1765/1765/1765 1740/1740/1740
f 1765/1765/1765 1766/1766/1766 1741/1741/1741
f 1766/1766/1766 1767/1767/1767 1742/1742/1742
f 1767/1767/1767 1768/1768/1768 1743/1743/1743
f 1768/1768/1768 1769/1769/1769 1744/1744/1744
f 1769/1769/1769 1770/1770/1770 1745/1745/1745
f 1770/1770/1770 1771/1771/1771 1746/1746/1746
f 1771/1771/1771 1772/1772/1772 1747/1747/1747
f 1772/1772/1772 1773/1773/1773 1748/1748/1748
f 1773/1773/1773 1774/1774/1774 1749/1749/1749
f 1774/1774/1774 1775/1775/1775 1750/1750/1750
f 1801/1801/1801 1800/1800/1800 1776/1776/1776
f 1802/1802/1802 1801/1801/1801 1777/1777/1777
f 1803/1803/1803 1802/1802/1802 1778/1778/1778
f 1804/1804/1804 1803/1803/1803 1779/1779/1779
f 1805/1805/1805 1804/1804/1804 1780/1780/1780
f 1806/1806/1806 1805/1805/1805 1781/1781/1781
f 1807/1807/1807 1806/1806/1806 1782/1782/1782
f 1808/1808/1808 1807/1807/1807 1783/1783/1783
f 1809/1809/1809 1808/1808/1808 1784/1784/1784
f 1810/1810/1810 1809/1809/1809 1785/1785/1785
f 1811/1811/1811 1810/1810/1810 1786/1786/1786
f 1812/1812/1812 1811/1811/1811 1787/1787/1787
f 1813/1813/1813 1812/1812/1812 1788/1788/1788
f 1814/1814/1814 1813/1813/1813 1789/1789/1789
f 1815/1815/1815 1814/1814/1814 1790/1790/1790
f 1816/1816/1816 1815/1815/1815 1791/1791/1791
f 1817/1817/1817 1816/1816/1816 1792/1792/1792
f 1818/1818/1818 1817/1817/1817 1793/1793/1793
f 1819/1819/1819 1818/1818/1818 1794/1794/1794
f 1820/1820/1820 1819/1819/1819 1795/1795/1795
f 1821/1821/1821 1820/1820/1820 1796/1796/1796
f 1822/1822/1822 1821/1821/1821 1797/1797/1797
f 1823/1823/1823 1822/1822/1822 1798/1798/1798
f 1824/1824/1824 1823/1823/1823 1799/1799/1799
o wheel_rear_l_hub
usemtl body_dark
v -0.6099999999999999 0.3689999997615815 1.025000006556511
v -0.579002641737461 0.3751657575368882 1.025000006556511
v -0.5527243508398532 0.39272435083985335 1.0250000065565108
v -0.535165757536888 0.41900264173746116 1.0250000065565108
v -0.5289999997615813 0.45000000000000007 1.0250000065565108
v -0.535165757536888 0.480997358262539 1.0250000065565108
v -0.5527243508398532 0.5072756491601468 1.0250000065565108
v -0.579002641737461 0.5248342424631119 1.0250000065565108
v -0.6099999999999999 0.5310000002384186 1.0250000065565108
v -0.6409973582625388 0.5248342424631119 1.0250000065565108
v -0.6672756491601466 0.5072756491601468 1.0250000065565108
v -0.6848342424631118 0.480997358262539 1.0250000065565108
v -0.6910000002384185 0.45000000000000007 1.0250000065565108
v -0.6848342424631118 0.41900264173746116 1.0250000065565108
v -0.6672756491601466 0.39272435083985335 1.0250000065565108
v -0.6409973582625388 0.3751657575368882 1.025000006556511
v -0.6099999999999999 0.3689999997615815 1.025000006556511
v -0.6099999999999999 0.3689999997615814 0.6949999934434891
v -0.579002641737461 0.3751657575368881 0.6949999934434891
v -0.5527243508398532 0.39272435083985324 0.6949999934434891
v -0.535165757536888 0.41900264173746105 0.6949999934434891
v -0.5289999997615813 0.44999999999999996 0.6949999934434891
v -0.535165757536888 0.48099735826253887 0.6949999934434891
v -0.5527243508398532 0.5072756491601467 0.6949999934434891
v -0.579002641737461 0.5248342424631118 0.6949999934434891
v -0.6099999999999999 0.5310000002384185 0.6949999934434891
v -0.6409973582625388 0.5248342424631118 0.6949999934434891
v -0.6672756491601466 0.5072756491601467 0.6949999934434891
v -0.6848342424631118 0.48099735826253887 0.6949999934434891
v -0.6910000002384185 0.45 0.6949999934434891
v -0.6848342424631118 0.41900264173746105 0.6949999934434891
v -0.6672756491601466 0.39272435083985324 0.6949999934434891
v -0.6409973582625388 0.3751657575368881 0.6949999934434891
v -0.6099999999999999 0.3689999997615814 0.6949999934434891
v -0.6099999999999999 0.45000000000000007 1.0250000065565108
v -0.6099999999999999 0.45000000000000007 1.0250000065565108
v -0.6099999999999999 0.45000000000000007 1.0250000065565108
v -0.6099999999999999 0.45000000000000007 1.0250000065565108
v -0.6099999999999999 0.45000000000000007 1.0250000065565108
v -0.6099999999999999 0.45000000000000007 1.0250000065565108
v -0.6099999999999999 0.45000000000000007 1.0250000065565108
v -0.6099999999999999 0.45000000000000007 1.0250000065565108
v -0.6099999999999999 0.45000000000000007 1.0250000065565108
v -0.6099999999999999 0.45000000000000007 1.0250000065565108
v -0.6099999999999999 0.45000000000000007 1.0250000065565108
v -0.6099999999999999 0.45000000000000007 1.0250000065565108
v -0.6099999999999999 0.45000000000000007 1.0250000065565108
v -0.6099999999999999 0.45000000000000007 1.0250000065565108
v -0.6099999999999999 0.45000000000000007 1.0250000065565108
v -0.6099999999999999 0.45000000000000007 1.0250000065565108
v -0.6099999999999999 0.3689999997615815 1.025000006556511
v -0.579002641737461 0.3751657575368882 1.025000006556511
v -0.5527243508398532 0.39272435083985335 1.0250000065565108
v -0.535165757536888 0.41900264173746116 1.0250000065565108
v -0.5289999997615813 0.45000000000000007 1.0250000065565108
v -0.535165757536888 0.480997358262539 1.0250000065565108
v -0.5527243508398532 0.5072756491601468 1.0250000065565108
v -0.579002641737461 0.5248342424631119 1.0250000065565108
v -0.6099999999999999 0.5310000002384186 1.0250000065565108
v -0.6409973582625388 0.5248342424631119 1.0250000065565108
v -0.6672756491601466 0.5072756491601468 1.0250000065565108
v -0.6848342424631118 0.480997358262539 1.0250000065565108
v -0.6910000002384185 0.45000000000000007 1.0250000065565108
v -0.6848342424631118 0.41900264173746116 1.0250000065565108
v -0.6672756491601466 0.39272435083985335 1.0250000065565108
v -0.6409973582625388 0.3751657575368882 1.025000006556511
v -0.6099999999999999 0.3689999997615815 1.025000006556511
v -0.6099999999999999 0.44999999999999996 0.6949999934434891
v -0.6099999999999999 0.44999999999999996 0.6949999934434891
v -0.6099999999999999 0.44999999999999996 0.6949999934434891
v -0.6099999999999999 0.44999999999999996 0.6949999934434891
v -0.6099999999999999 0.44999999999999996 0.6949999934434891
v -0.6099999999999999 0.44999999999999996 0.6949999934434891
v -0.6099999999999999 0.44999999999999996 0.6949999934434891
v -0.6099999999999999 0.44999999999999996 0.6949999934434891
v -0.6099999999999999 0.44999999999999996 0.6949999934434891
v -0.6099999999999999 0.44999999999999996 0.6949999934434891
v -0.6099999999999999 0.44999999999999996 0.6949999934434891
v -0.6099999999999999 0.44999999999999996 0.6949999934434891
v -0.6099999999999999 0.44999999999999996 0.6949999934434891
v -0.6099999999999999 0.44999999999999996 0.6949999934434891
v -0.6099999999999999 0.44999999999999996 0.6949999934434891
v -0.6099999999999999 0.44999999999999996 0.6949999934434891
v -0.6099999999999999 0.3689999997615814 0.6949999934434891
v -0.579002641737461 0.3751657575368881 0.6949999934434891
v -0.5527243508398532 0.39272435083985324 0.6949999934434891
v -0.535165757536888 0.41900264173746105 0.6949999934434891
v -0.5289999997615813 0.44999999999999996 0.6949999934434891
v -0.535165757536888 0.48099735826253887 0.6949999934434891
v -0.5527243508398532 0.5072756491601467 0.6949999934434891
v -0.579002641737461 0.5248342424631118 0.6949999934434891
v -0.6099999999999999 0.5310000002384185 0.6949999934434891
v -0.6409973582625388 0.5248342424631118 0.6949999934434891
v -0.6672756491601466 0.5072756491601467 0.6949999934434891
v -0.6848342424631118 0.48099735826253887 0.6949999934434891
v -0.6910000002384185 0.45 0.6949999934434891
v -0.6848342424631118 0.41900264173746105 0.6949999934434891
v -0.6672756491601466 0.39272435083985324 0.6949999934434891
v -0.6409973582625388 0.3751657575368881 0.6949999934434891
v -0.6099999999999999 0.3689999997615814 0.6949999934434891
vt 0 1
vt 0.0625 1
vt 0.125 1
vt 0.1875 1
vt 0.25 1
vt 0.3125 1
vt 0.375 1
vt 0.4375 1
vt 0.5 1
vt 0.5625 1
vt 0.625 1
vt 0.6875 1
vt 0.75 1
vt 0.8125 1
vt 0.875 1
vt 0.9375 1
vt 1 1
vt 0 0
vt 0.0625 0
vt 0.125 0
vt 0.1875 0
vt 0.25 0
vt 0.3125 0
vt 0.375 0
vt 0.4375 0
vt 0.5 0
vt 0.5625 0
vt 0.625 0
vt 0.6875 0
vt 0.75 0
vt 0.8125 0
vt 0.875 0
vt 0.9375 0
vt 1 0
vt 0.5 0.5
vt 0.5 0.5
vt 0.5 0.5
vt 0.5 0.5
vt 0.5 0.5
vt 0.5 0.5
vt 0.5 0.5
vt 0.5 0.5
vt 0.5 0.5
vt 0.5 0.5
vt 0.5 0.5
vt 0.5 0.5
vt 0.5 0.5
vt 0.5 0.5
vt 0.5 0.5
vt 0.5 0.5
vt 1 0.5
vt 0.9619397521018982 0.6913416981697083
vt 0.8535534143447876 0.8535534143447876
vt 0.6913416981697083 0.9619397521018982
vt 0.5 1
vt 0.30865827202796936 0.9619397521018982
vt 0.1464466154575348 0.8535534143447876
vt 0.03806023299694061 0.6913416981697083
vt 0 0.5
vt 0.03806023299694061 0.30865827202796936
vt 0.1464466154575348 0.1464466154575348
vt 0.30865827202796936 0.03806023299694061
vt 0.5 0
vt 0.6913416981697083 0.03806023299694061
vt 0.8535534143447876 0.1464466154575348
vt 0.9619397521018982 0.30865827202796936
vt 1 0.5
vt 0.5 0.5
vt 0.5 0.5
vt 0.5 0.5
vt 0.5 0.5
vt 0.5 0.5
vt 0.5 0.5
vt 0.5 0.5
vt 0.5 0.5
vt 0.5 0.5
vt 0.5 0.5
vt 0.5 0.5
vt 0.5 0.5
vt 0.5 0.5
vt 0.5 0.5
vt 0.5 0.5
vt 0.5 0.5
vt 1 0.5
vt 0.9619397521018982 0.30865827202796936
vt 0.8535534143447876 0.1464466154575348
vt 0.6913416981697083 0.03806023299694061
vt 0.5 0
vt 0.30865827202796936 0.03806023299694061
vt 0.1464466154575348 0.1464466154575348
vt 0.03806023299694061 0.30865827202796936
vt 0 0.5
vt 0.03806023299694061 0.6913416981697083
vt 0.1464466154575348 0.8535534143447876
vt 0.30865827202796936 0.9619397521018982
vt 0.5 1
vt 0.6913416981697083 0.9619397521018982
vt 0.8535534143447876 0.8535534143447876
vt 0.9619397521018982 0.6913416981697083
vt 1 0.5
vn 0 -1 2.220446049250313e-16
vn 0.3826834370613369 -0.9238795305660377 2.0514246536285922e-16
vn 0.7071067811865476 -0.7071067811865476 1.5700924586837752e-16
vn 0.9238795305660377 -0.3826834370613369 8.497279259363763e-17
vn 1 -6.123234262925839e-17 1.3596311327747833e-32
vn 0.9238795305660377 0.3826834370613369 -8.497279259363763e-17
vn 0.7071067811865476 0.7071067811865476 -1.5700924586837752e-16
vn 0.3826834370613369 0.9238795305660377 -2.0514246536285922e-16
vn 1.2246468525851679e-16 1 -2.220446049250313e-16
vn -0.3826834370613369 0.9238795305660377 -2.0514246536285922e-16
vn -0.7071067811865476 0.7071067811865476 -1.5700924586837752e-16
vn -0.9238795305660377 0.3826834370613369 -8.497279259363763e-17
vn -1 1.8369701465288538e-16 -4.078893104450762e-32
vn -0.9238795305660377 -0.3826834370613369 8.497279259363763e-17
vn -0.7071067811865476 -0.7071067811865476 1.5700924586837752e-16
vn -0.3826834370613369 -0.9238795305660377 2.0514246536285922e-16
vn -2.4492937051703357e-16 -1 2.220446049250313e-16
vn 0 -1 2.220446049250313e-16
vn 0.3826834370613369 -0.9238795305660377 2.0514246536285922e-16
vn 0.7071067811865476 -0.7071067811865476 1.5700924586837752e-16
vn 0.9238795305660377 -0.3826834370613369 8.497279259363763e-17
vn 1 -6.123234262925839e-17 1.3596311327747833e-32
vn 0.9238795305660377 0.3826834370613369 -8.497279259363763e-17
vn 0.7071067811865476 0.7071067811865476 -1.5700924586837752e-16
vn 0.3826834370613369 0.9238795305660377 -2.0514246536285922e-16
vn 1.2246468525851679e-16 1 -2.220446049250313e-16
vn -0.3826834370613369 0.9238795305660377 -2.0514246536285922e-16
vn -0.7071067811865476 0.7071067811865476 -1.5700924586837752e-16
vn -0.9238795305660377 0.3826834370613369 -8.497279259363763e-17
vn -1 1.8369701465288538e-16 -4.078893104450762e-32
vn -0.9238795305660377 -0.3826834370613369 8.497279259363763e-17
vn -0.7071067811865476 -0.7071067811865476 1.5700924586837752e-16
vn -0.3826834370613369 -0.9238795305660377 2.0514246536285922e-16
vn -2.4492937051703357e-16 -1 2.220446049250313e-16
vn 0 2.220446049250313e-16 1
vn 0 2.220446049250313e-16 1
vn 0 2.220446049250313e-16 1
vn 0 2.220446049250313e-16 1
vn 0 2.220446049250313e-16 1
vn 0 2.220446049250313e-16 1
vn 0 2.220446049250313e-16 1
vn 0 2.220446049250313e-16 1
vn 0 2.220446049250313e-16 1
vn 0 2.220446049250313e-16 1
vn 0 2.220446049250313e-16 1
vn 0 2.220446049250313e-16 1
vn 0 2.220446049250313e-16 1
vn 0 2.220446049250313e-16 1
vn 0 2.220446049250313e-16 1
vn 0 2.220446049250313e-16 1
vn 0 2.220446049250313e-16 1
vn 0 2.220446049250313e-16 1
vn 0 2.220446049250313e-16 1
vn 0 2.220446049250313e-16 1
vn 0 2.220446049250313e-16 1
vn 0 2.220446049250313e-16 1
vn 0 2.220446049250313e-16 1
vn 0 2.220446049250313e-16 1
vn 0 2.220446049250313e-16 1
vn 0 2.220446049250313e-16 1
vn 0 2.220446049250313e-16 1
vn 0 2.220446049250313e-16 1
vn 0 2.220446049250313e-16 1
vn 0 2.220446049250313e-16 1
vn 0 2.220446049250313e-16 1
vn 0 2.220446049250313e-16 1
vn 0 2.220446049250313e-16 1
vn 0 -2.220446049250313e-16 -1
vn 0 -2.220446049250313e-16 -1
vn 0 -2.220446049250313e-16 -1
vn 0 -2.220446049250313e-16 -1
vn 0 -2.220446049250313e-16 -1
vn 0 -2.220446049250313e-16 -1
vn 0 -2.220446049250313e-16 -1
vn 0 -2.220446049250313e-16 -1
vn 0 -2.220446049250313e-16 -1
vn 0 -2.220446049250313e-16 -1
vn 0 -2.220446049250313e-16 -1
vn 0 -2.220446049250313e-16 -1
vn 0 -2.220446049250313e-16 -1
vn 0 -2.220446049250313e-16 -1
vn 0 -2.220446049250313e-16 -1
vn 0 -2.220446049250313e-16 -1
vn 0 -2.220446049250313e-16 -1
vn 0 -2.220446049250313e-16 -1
vn 0 -2.220446049250313e-16 -1
vn 0 -2.220446049250313e-16 -1
vn 0 -2.220446049250313e-16 -1
vn 0 -2.220446049250313e-16 -1
vn 0 -2.220446049250313e-16 -1
vn 0 -2.220446049250313e-16 -1
vn 0 -2.220446049250313e-16 -1
vn 0 -2.220446049250313e-16 -1
vn 0 -2.220446049250313e-16 -1
vn 0 -2.220446049250313e-16 -1
vn 0 -2.220446049250313e-16 -1
vn 0 -2.220446049250313e-16 -1
vn 0 -2.220446049250313e-16 -1
vn 0 -2.220446049250313e-16 -1
vn 0 -2.220446049250313e-16 -1
f 1825/1825/1825 1842/1842/1842 1826/1826/1826
f 1842/1842/1842 1843/1843/1843 1826/1826/1826
f 1826/1826/1826 1843/1843/1843 1827/1827/1827
f 1843/1843/1843 1844/1844/1844 1827/1827/1827
f 1827/1827/1827 1844/1844/1844 1828/1828/1828
f 1844/1844/1844 1845/1845/1845 1828/1828/1828
f 1828/1828/1828 1845/1845/1845 1829/1829/1829
f 1845/1845/1845 1846/1846/1846 1829/1829/1829
f 1829/1829/1829 1846/1846/1846 1830/1830/1830
f 1846/1846/1846 1847/1847/1847 1830/1830/1830
f 1830/1830/1830 1847/1847/1847 1831/1831/1831
f 1847/1847/1847 1848/1848/1848 1831/1831/1831
f 1831/1831/1831 1848/1848/1848 1832/1832/1832
f 1848/1848/1848 1849/1849/1849 1832/1832/1832
f 1832/1832/1832 1849/1849/1849 1833/1833/1833
f 1849/1849/1849 1850/1850/1850 1833/1833/1833
f 1833/1833/1833 1850/1850/1850 1834/1834/1834
f 1850/1850/1850 1851/1851/1851 1834/1834/1834
f 1834/1834/1834 1851/1851/1851 1835/1835/1835
f 1851/1851/1851 1852/1852/1852 1835/1835/1835
f 1835/1835/1835 1852/1852/1852 1836/1836/1836
f 1852/1852/1852 1853/1853/1853 1836/1836/1836
f 1836/1836/1836 1853/1853/1853 1837/1837/1837
f 1853/1853/1853 1854/1854/1854 1837/1837/1837
f 1837/1837/1837 1854/1854/1854 1838/1838/1838
f 1854/1854/1854 1855/1855/1855 1838/1838/1838
f 1838/1838/1838 1855/1855/1855 1839/1839/1839
f 1855/1855/1855 1856/1856/1856 1839/1839/1839
f 1839/1839/1839 1856/1856/1856 1840/1840/1840
f 1856/1856/1856 1857/1857/1857 1840/1840/1840
f 1840/1840/1840 1857/1857/1857 1841/1841/1841
f 1857/1857/1857 1858/1858/1858 1841/1841/1841
f 1875/1875/1875 1876/1876/1876 1859/1859/1859
f 1876/1876/1876 1877/1877/1877 1860/1860/1860
f 1877/1877/1877 1878/1878/1878 1861/1861/1861
f 1878/1878/1878 1879/1879/1879 1862/1862/1862
f 1879/1879/1879 1880/1880/1880 1863/1863/1863
f 1880/1880/1880 1881/1881/1881 1864/1864/1864
f 1881/1881/1881 1882/1882/1882 1865/1865/1865
f 1882/1882/1882 1883/1883/1883 1866/1866/1866
f 1883/1883/1883 1884/1884/1884 1867/1867/1867
f 1884/1884/1884 1885/1885/1885 1868/1868/1868
f 1885/1885/1885 1886/1886/1886 1869/1869/1869
f 1886/1886/1886 1887/1887/1887 1870/1870/1870
f 1887/1887/1887 1888/1888/1888 1871/1871/1871
f 1888/1888/1888 1889/1889/1889 1872/1872/1872
f 1889/1889/1889 1890/1890/1890 1873/1873/1873
f 1890/1890/1890 1891/1891/1891 1874/1874/1874
f 1909/1909/1909 1908/1908/1908 1892/1892/1892
f 1910/1910/1910 1909/1909/1909 1893/1893/1893
f 1911/1911/1911 1910/1910/1910 1894/1894/1894
f 1912/1912/1912 1911/1911/1911 1895/1895/1895
f 1913/1913/1913 1912/1912/1912 1896/1896/1896
f 1914/1914/1914 1913/1913/1913 1897/1897/1897
f 1915/1915/1915 1914/1914/1914 1898/1898/1898
f 1916/1916/1916 1915/1915/1915 1899/1899/1899
f 1917/1917/1917 1916/1916/1916 1900/1900/1900
f 1918/1918/1918 1917/1917/1917 1901/1901/1901
f 1919/1919/1919 1918/1918/1918 1902/1902/1902
f 1920/1920/1920 1919/1919/1919 1903/1903/1903
f 1921/1921/1921 1920/1920/1920 1904/1904/1904
f 1922/1922/1922 1921/1921/1921 1905/1905/1905
f 1923/1923/1923 1922/1922/1922 1906/1906/1906
f 1924/1924/1924 1923/1923/1923 1907/1907/1907
o wheel_rear_r_tire
usemtl ink
v -0.6099999999999999 1.1920929021691506e-8 -0.7099999940395354
v -0.52220935434103 0.008646619319915838 -0.7099999940395354
v -0.4377924507856368 0.03425420522689826 -0.7099999940395354
v -0.3599933838844298 0.0758386671543122 -0.7099999940395354
v -0.29180194497108447 0.13180194497108466 -0.7099999940395354
v -0.235838667154312 0.19999338388443 -0.7099999940395354
v -0.19425420522689807 0.27779245078563697 -0.7099999940395355
v -0.16864661931991565 0.3622093543410302 -0.7099999940395355
v -0.16000001192092883 0.45 -0.7099999940395355
v -0.16864661931991565 0.53779064565897 -0.7099999940395355
v -0.19425420522689807 0.6222075492143632 -0.7099999940395355
v -0.235838667154312 0.7000066161155701 -0.7099999940395356
v -0.29180194497108447 0.7681980550289155 -0.7099999940395356
v -0.3599933838844298 0.8241613328456879 -0.7099999940395356
v -0.4377924507856368 0.8657457947731019 -0.7099999940395356
v -0.52220935434103 0.8913533806800843 -0.7099999940395356
v -0.6099999999999999 0.8999999880790711 -0.7099999940395356
v -0.6977906456589698 0.8913533806800843 -0.7099999940395356
v -0.782207549214363 0.8657457947731019 -0.7099999940395356
v -0.8600066161155699 0.8241613328456879 -0.7099999940395356
v -0.9281980550289153 0.7681980550289155 -0.7099999940395356
v -0.9841613328456877 0.7000066161155701 -0.7099999940395356
v -1.0257457947731017 0.6222075492143632 -0.7099999940395355
v -1.051353380680084 0.53779064565897 -0.7099999940395355
v -1.059999988079071 0.4500000000000001 -0.7099999940395355
v -1.051353380680084 0.3622093543410302 -0.7099999940395355
v -1.0257457947731017 0.27779245078563697 -0.7099999940395355
v -0.9841613328456877 0.19999338388443 -0.7099999940395354
v -0.9281980550289153 0.13180194497108466 -0.7099999940395354
v -0.8600066161155699 0.0758386671543122 -0.7099999940395354
v -0.782207549214363 0.03425420522689826 -0.7099999940395354
v -0.6977906456589698 0.008646619319915838 -0.7099999940395354
v -0.61 1.1920929021691506e-8 -0.7099999940395354
v -0.6099999999999999 1.1920928910669204e-8 -1.0100000059604644
v -0.52220935434103 0.008646619319915727 -1.0100000059604644
v -0.4377924507856368 0.03425420522689815 -1.0100000059604644
v -0.3599933838844298 0.07583866715431209 -1.0100000059604644
v -0.29180194497108447 0.13180194497108455 -1.0100000059604644
v -0.235838667154312 0.1999933838844299 -1.0100000059604644
v -0.19425420522689807 0.27779245078563686 -1.0100000059604644
v -0.16864661931991565 0.3622093543410301 -1.0100000059604644
v -0.16000001192092883 0.44999999999999996 -1.0100000059604644
v -0.16864661931991565 0.5377906456589698 -1.0100000059604646
v -0.19425420522689807 0.622207549214363 -1.0100000059604646
v -0.235838667154312 0.70000661611557 -1.0100000059604646
v -0.29180194497108447 0.7681980550289154 -1.0100000059604646
v -0.3599933838844298 0.8241613328456878 -1.0100000059604646
v -0.4377924507856368 0.8657457947731018 -1.0100000059604646
v -0.52220935434103 0.8913533806800842 -1.0100000059604646
v -0.6099999999999999 0.899999988079071 -1.0100000059604646
v -0.6977906456589698 0.8913533806800842 -1.0100000059604646
v -0.782207549214363 0.8657457947731018 -1.0100000059604646
v -0.8600066161155699 0.8241613328456878 -1.0100000059604646
v -0.9281980550289153 0.7681980550289154 -1.0100000059604646
v -0.9841613328456877 0.70000661611557 -1.0100000059604646
v -1.0257457947731017 0.622207549214363 -1.0100000059604646
v -1.051353380680084 0.5377906456589698 -1.0100000059604646
v -1.059999988079071 0.45000000000000007 -1.0100000059604644
v -1.051353380680084 0.3622093543410301 -1.0100000059604644
v -1.0257457947731017 0.27779245078563686 -1.0100000059604644
v -0.9841613328456877 0.1999933838844299 -1.0100000059604644
v -0.9281980550289153 0.13180194497108455 -1.0100000059604644
v -0.8600066161155699 0.07583866715431209 -1.0100000059604644
v -0.782207549214363 0.03425420522689815 -1.0100000059604644
v -0.6977906456589698 0.008646619319915727 -1.0100000059604644
v -0.61 1.1920928910669204e-8 -1.0100000059604644
v -0.6099999999999999 0.45000000000000007 -0.7099999940395355
v -0.6099999999999999 0.45000000000000007 -0.7099999940395355
v -0.6099999999999999 0.45000000000000007 -0.7099999940395355
v -0.6099999999999999 0.45000000000000007 -0.7099999940395355
v -0.6099999999999999 0.45000000000000007 -0.7099999940395355
v -0.6099999999999999 0.45000000000000007 -0.7099999940395355
v -0.6099999999999999 0.45000000000000007 -0.7099999940395355
v -0.6099999999999999 0.45000000000000007 -0.7099999940395355
v -0.6099999999999999 0.45000000000000007 -0.7099999940395355
v -0.6099999999999999 0.45000000000000007 -0.7099999940395355
v -0.6099999999999999 0.45000000000000007 -0.7099999940395355
v -0.6099999999999999 0.45000000000000007 -0.7099999940395355
v -0.6099999999999999 0.45000000000000007 -0.7099999940395355
v -0.6099999999999999 0.45000000000000007 -0.7099999940395355
v -0.6099999999999999 0.45000000000000007 -0.7099999940395355
v -0.6099999999999999 0.45000000000000007 -0.7099999940395355
v -0.6099999999999999 0.45000000000000007 -0.7099999940395355
v -0.6099999999999999 0.45000000000000007 -0.7099999940395355
v -0.6099999999999999 0.45000000000000007 -0.7099999940395355
v -0.6099999999999999 0.45000000000000007 -0.7099999940395355
v -0.6099999999999999 0.45000000000000007 -0.7099999940395355
v -0.6099999999999999 0.45000000000000007 -0.7099999940395355
v -0.6099999999999999 0.45000000000000007 -0.7099999940395355
v -0.6099999999999999 0.45000000000000007 -0.7099999940395355
v -0.6099999999999999 0.45000000000000007 -0.7099999940395355
v -0.6099999999999999 0.45000000000000007 -0.7099999940395355
v -0.6099999999999999 0.45000000000000007 -0.7099999940395355
v -0.6099999999999999 0.45000000000000007 -0.7099999940395355
v -0.6099999999999999 0.45000000000000007 -0.7099999940395355
v -0.6099999999999999 0.45000000000000007 -0.7099999940395355
v -0.6099999999999999 0.45000000000000007 -0.7099999940395355
v -0.6099999999999999 0.45000000000000007 -0.7099999940395355
v -0.6099999999999999 1.1920929021691506e-8 -0.7099999940395354
v -0.52220935434103 0.008646619319915838 -0.7099999940395354
v -0.4377924507856368 0.03425420522689826 -0.7099999940395354
v -0.3599933838844298 0.0758386671543122 -0.7099999940395354
v -0.29180194497108447 0.13180194497108466 -0.7099999940395354
v -0.235838667154312 0.19999338388443 -0.7099999940395354
v -0.19425420522689807 0.27779245078563697 -0.7099999940395355
v -0.16864661931991565 0.3622093543410302 -0.7099999940395355
v -0.16000001192092883 0.45 -0.7099999940395355
v -0.16864661931991565 0.53779064565897 -0.7099999940395355
v -0.19425420522689807 0.6222075492143632 -0.7099999940395355
v -0.235838667154312 0.7000066161155701 -0.7099999940395356
v -0.29180194497108447 0.7681980550289155 -0.7099999940395356
v -0.3599933838844298 0.8241613328456879 -0.7099999940395356
v -0.4377924507856368 0.8657457947731019 -0.7099999940395356
v -0.52220935434103 0.8913533806800843 -0.7099999940395356
v -0.6099999999999999 0.8999999880790711 -0.7099999940395356
v -0.6977906456589698 0.8913533806800843 -0.7099999940395356
v -0.782207549214363 0.8657457947731019 -0.7099999940395356
v -0.8600066161155699 0.8241613328456879 -0.7099999940395356
v -0.9281980550289153 0.7681980550289155 -0.7099999940395356
v -0.9841613328456877 0.7000066161155701 -0.7099999940395356
v -1.0257457947731017 0.6222075492143632 -0.7099999940395355
v -1.051353380680084 0.53779064565897 -0.7099999940395355
v -1.059999988079071 0.4500000000000001 -0.7099999940395355
v -1.051353380680084 0.3622093543410302 -0.7099999940395355
v -1.0257457947731017 0.27779245078563697 -0.7099999940395355
v -0.9841613328456877 0.19999338388443 -0.7099999940395354
v -0.9281980550289153 0.13180194497108466 -0.7099999940395354
v -0.8600066161155699 0.0758386671543122 -0.7099999940395354
v -0.782207549214363 0.03425420522689826 -0.7099999940395354
v -0.6977906456589698 0.008646619319915838 -0.7099999940395354
v -0.61 1.1920929021691506e-8 -0.7099999940395354
v -0.6099999999999999 0.44999999999999996 -1.0100000059604644
v -0.6099999999999999 0.44999999999999996 -1.0100000059604644
v -0.6099999999999999 0.44999999999999996 -1.0100000059604644
v -0.6099999999999999 0.44999999999999996 -1.0100000059604644
v -0.6099999999999999 0.44999999999999996 -1.0100000059604644
v -0.6099999999999999 0.44999999999999996 -1.0100000059604644
v -0.6099999999999999 0.44999999999999996 -1.0100000059604644
v -0.6099999999999999 0.44999999999999996 -1.0100000059604644
v -0.6099999999999999 0.44999999999999996 -1.0100000059604644
v -0.6099999999999999 0.44999999999999996 -1.0100000059604644
v -0.6099999999999999 0.44999999999999996 -1.0100000059604644
v -0.6099999999999999 0.44999999999999996 -1.0100000059604644
v -0.6099999999999999 0.44999999999999996 -1.0100000059604644
v -0.6099999999999999 0.44999999999999996 -1.0100000059604644
v -0.6099999999999999 0.44999999999999996 -1.0100000059604644
v -0.6099999999999999 0.44999999999999996 -1.0100000059604644
v -0.6099999999999999 0.44999999999999996 -1.0100000059604644
v -0.6099999999999999 0.44999999999999996 -1.0100000059604644
v -0.6099999999999999 0.44999999999999996 -1.0100000059604644
v -0.6099999999999999 0.44999999999999996 -1.0100000059604644
v -0.6099999999999999 0.44999999999999996 -1.0100000059604644
v -0.6099999999999999 0.44999999999999996 -1.0100000059604644
v -0.6099999999999999 0.44999999999999996 -1.0100000059604644
v -0.6099999999999999 0.44999999999999996 -1.0100000059604644
v -0.6099999999999999 0.44999999999999996 -1.0100000059604644
v -0.6099999999999999 0.44999999999999996 -1.0100000059604644
v -0.6099999999999999 0.44999999999999996 -1.0100000059604644
v -0.6099999999999999 0.44999999999999996 -1.0100000059604644
v -0.6099999999999999 0.44999999999999996 -1.0100000059604644
v -0.6099999999999999 0.44999999999999996 -1.0100000059604644
v -0.6099999999999999 0.44999999999999996 -1.0100000059604644
v -0.6099999999999999 0.44999999999999996 -1.0100000059604644
v -0.6099999999999999 1.1920928910669204e-8 -1.0100000059604644
v -0.52220935434103 0.008646619319915727 -1.0100000059604644
v -0.4377924507856368 0.03425420522689815 -1.0100000059604644
v -0.3599933838844298 0.07583866715431209 -1.0100000059604644
v -0.29180194497108447 0.13180194497108455 -1.0100000059604644
v -0.235838667154312 0.1999933838844299 -1.0100000059604644
v -0.19425420522689807 0.27779245078563686 -1.0100000059604644
v -0.16864661931991565 0.3622093543410301 -1.0100000059604644
v -0.16000001192092883 0.44999999999999996 -1.0100000059604644
v -0.16864661931991565 0.5377906456589698 -1.0100000059604646
v -0.19425420522689807 0.622207549214363 -1.0100000059604646
v -0.235838667154312 0.70000661611557 -1.0100000059604646
v -0.29180194497108447 0.7681980550289154 -1.0100000059604646
v -0.3599933838844298 0.8241613328456878 -1.0100000059604646
v -0.4377924507856368 0.8657457947731018 -1.0100000059604646
v -0.52220935434103 0.8913533806800842 -1.0100000059604646
v -0.6099999999999999 0.899999988079071 -1.0100000059604646
v -0.6977906456589698 0.8913533806800842 -1.0100000059604646
v -0.782207549214363 0.8657457947731018 -1.0100000059604646
v -0.8600066161155699 0.8241613328456878 -1.0100000059604646
v -0.9281980550289153 0.7681980550289154 -1.0100000059604646
v -0.9841613328456877 0.70000661611557 -1.0100000059604646
v -1.0257457947731017 0.622207549214363 -1.0100000059604646
v -1.051353380680084 0.5377906456589698 -1.0100000059604646
v -1.059999988079071 0.45000000000000007 -1.0100000059604644
v -1.051353380680084 0.3622093543410301 -1.0100000059604644
v -1.0257457947731017 0.27779245078563686 -1.0100000059604644
v -0.9841613328456877 0.1999933838844299 -1.0100000059604644
v -0.9281980550289153 0.13180194497108455 -1.0100000059604644
v -0.8600066161155699 0.07583866715431209 -1.0100000059604644
v -0.782207549214363 0.03425420522689815 -1.0100000059604644
v -0.6977906456589698 0.008646619319915727 -1.0100000059604644
v -0.61 1.1920928910669204e-8 -1.0100000059604644
vt 0 1
vt 0.03125 1
vt 0.0625 1
vt 0.09375 1
vt 0.125 1
vt 0.15625 1
vt 0.1875 1
vt 0.21875 1
vt 0.25 1
vt 0.28125 1
vt 0.3125 1
vt 0.34375 1
vt 0.375 1
vt 0.40625 1
vt 0.4375 1
vt 0.46875 1
vt 0.5 1
vt 0.53125 1
vt 0.5625 1
vt 0.59375 1
vt 0.625 1
vt 0.65625 1
vt 0.6875 1
vt 0.71875 1
vt 0.75 1
vt 0.78125 1
vt 0.8125 1
vt 0.84375 1
vt 0.875 1
vt 0.90625 1
vt 0.9375 1
vt 0.96875 1
vt 1 1
vt 0 0
vt 0.03125 0
vt 0.0625 0
vt 0.09375 0
vt 0.125 0
vt 0.15625 0
vt 0.1875 0
vt 0.21875 0
vt 0.25 0
vt 0.28125 0
vt 0.3125 0
vt 0.34375 0
vt 0.375 0
vt 0.40625 0
vt 0.4375 0
vt 0.46875 0
vt 0.5 0
vt 0.53125 0
vt 0.5625 0
vt 0.59375 0
vt 0.625 0
vt 0.65625 0
vt 0.6875 0
vt 0.71875 0
vt 0.75 0
vt 0.78125 0
vt 0.8125 0
vt 0.84375 0
vt 0.875 0
vt 0.90625 0
vt 0.9375 0
vt 0.96875 0
vt 1 0
vt 0.5 0.5
vt 0.5 0.5
vt 0.5 0.5
vt 0.5 0.5
vt 0.5 0.5
vt 0.5 0.5
vt 0.5 0.5
vt 0.5 0.5
vt 0.5 0.5
vt 0.5 0.5
vt 0.5 0.5
vt 0.5 0.5
vt 0.5 0.5
vt 0.5 0.5
vt 0.5 0.5
vt 0.5 0.5
vt 0.5 0.5
vt 0.5 0.5
vt 0.5 0.5
vt 0.5 0.5
vt 0.5 0.5
vt 0.5 0.5
vt 0.5 0.5
vt 0.5 0.5
vt 0.5 0.5
vt 0.5 0.5
vt 0.5 0.5
vt 0.5 0.5
vt 0.5 0.5
vt 0.5 0.5
vt 0.5 0.5
vt 0.5 0.5
vt 1 0.5
vt 0.9903926253318787 0.5975451469421387
vt 0.9619397521018982 0.6913416981697083
vt 0.9157348275184631 0.7777851223945618
vt 0.8535534143447876 0.8535534143447876
vt 0.7777851223945618 0.9157348275184631
vt 0.6913416981697083 0.9619397521018982
vt 0.5975451469421387 0.9903926253318787
vt 0.5 1
vt 0.40245485305786133 0.9903926253318787
vt 0.30865827202796936 0.9619397521018982
vt 0.22221487760543823 0.9157348275184631
vt 0.1464466154575348 0.8535534143447876
vt 0.08426519483327866 0.7777851223945618
vt 0.03806023299694061 0.6913416981697083
vt 0.009607359766960144 0.5975451469421387
vt 0 0.5
vt 0.009607359766960144 0.40245485305786133
vt 0.03806023299694061 0.30865827202796936
vt 0.08426519483327866 0.22221487760543823
vt 0.1464466154575348 0.1464466154575348
vt 0.22221487760543823 0.08426519483327866
vt 0.30865827202796936 0.03806023299694061
vt 0.40245485305786133 0.009607359766960144
vt 0.5 0
vt 0.5975451469421387 0.009607359766960144
vt 0.6913416981697083 0.03806023299694061
vt 0.7777851223945618 0.08426519483327866
vt 0.8535534143447876 0.1464466154575348
vt 0.9157348275184631 0.22221487760543823
vt 0.9619397521018982 0.30865827202796936
vt 0.9903926253318787 0.40245485305786133
vt 1 0.5
vt 0.5 0.5
vt 0.5 0.5
vt 0.5 0.5
vt 0.5 0.5
vt 0.5 0.5
vt 0.5 0.5
vt 0.5 0.5
vt 0.5 0.5
vt 0.5 0.5
vt 0.5 0.5
vt 0.5 0.5
vt 0.5 0.5
vt 0.5 0.5
vt 0.5 0.5
vt 0.5 0.5
vt 0.5 0.5
vt 0.5 0.5
vt 0.5 0.5
vt 0.5 0.5
vt 0.5 0.5
vt 0.5 0.5
vt 0.5 0.5
vt 0.5 0.5
vt 0.5 0.5
vt 0.5 0.5
vt 0.5 0.5
vt 0.5 0.5
vt 0.5 0.5
vt 0.5 0.5
vt 0.5 0.5
vt 0.5 0.5
vt 0.5 0.5
vt 1 0.5
vt 0.9903926253318787 0.40245485305786133
vt 0.9619397521018982 0.30865827202796936
vt 0.9157348275184631 0.22221487760543823
vt 0.8535534143447876 0.1464466154575348
vt 0.7777851223945618 0.08426519483327866
vt 0.6913416981697083 0.03806023299694061
vt 0.5975451469421387 0.009607359766960144
vt 0.5 0
vt 0.40245485305786133 0.009607359766960144
vt 0.30865827202796936 0.03806023299694061
vt 0.22221487760543823 0.08426519483327866
vt 0.1464466154575348 0.1464466154575348
vt 0.08426519483327866 0.22221487760543823
vt 0.03806023299694061 0.30865827202796936
vt 0.009607359766960144 0.40245485305786133
vt 0 0.5
vt 0.009607359766960144 0.5975451469421387
vt 0.03806023299694061 0.6913416981697083
vt 0.08426519483327866 0.7777851223945618
vt 0.1464466154575348 0.8535534143447876
vt 0.22221487760543823 0.9157348275184631
vt 0.30865827202796936 0.9619397521018982
vt 0.40245485305786133 0.9903926253318787
vt 0.5 1
vt 0.5975451469421387 0.9903926253318787
vt 0.6913416981697083 0.9619397521018982
vt 0.7777851223945618 0.9157348275184631
vt 0.8535534143447876 0.8535534143447876
vt 0.9157348275184631 0.7777851223945618
vt 0.9619397521018982 0.6913416981697083
vt 0.9903926253318787 0.5975451469421387
vt 1 0.5
vn 0 -1 2.220446049250313e-16
vn 0.19509032931342324 -0.9807852789517083 2.177780797811187e-16
vn 0.3826834370613369 -0.9238795305660377 2.0514246536285922e-16
vn 0.555570248949409 -0.8314696016585884 1.8462333920745442e-16
vn 0.7071067811865476 -0.7071067811865476 1.5700924586837752e-16
vn 0.8314696016585884 -0.555570248949409 1.233613764360728e-16
vn 0.9238795305660377 -0.3826834370613369 8.497279259363763e-17
vn 0.9807852789517083 -0.19509032931342324 4.331875509709332e-17
vn 1 -6.123234262925839e-17 1.3596311327747833e-32
vn 0.9807852789517083 0.19509032931342324 -4.331875509709332e-17
vn 0.9238795305660377 0.3826834370613369 -8.497279259363763e-17
vn 0.8314696016585884 0.555570248949409 -1.233613764360728e-16
vn 0.7071067811865476 0.7071067811865476 -1.5700924586837752e-16
vn 0.555570248949409 0.8314696016585884 -1.8462333920745442e-16
vn 0.3826834370613369 0.9238795305660377 -2.0514246536285922e-16
vn 0.19509032931342324 0.9807852789517083 -2.177780797811187e-16
vn 1.2246468525851679e-16 1 -2.220446049250313e-16
vn -0.19509032931342324 0.9807852789517083 -2.177780797811187e-16
vn -0.3826834370613369 0.9238795305660377 -2.0514246536285922e-16
vn -0.555570248949409 0.8314696016585884 -1.8462333920745442e-16
vn -0.7071067811865476 0.7071067811865476 -1.5700924586837752e-16
vn -0.8314696016585884 0.555570248949409 -1.233613764360728e-16
vn -0.9238795305660377 0.3826834370613369 -8.497279259363763e-17
vn -0.9807852789517083 0.19509032931342324 -4.331875509709332e-17
vn -1 1.8369701465288538e-16 -4.078893104450762e-32
vn -0.9807852789517083 -0.19509032931342324 4.331875509709332e-17
vn -0.9238795305660377 -0.3826834370613369 8.497279259363763e-17
vn -0.8314696016585884 -0.555570248949409 1.233613764360728e-16
vn -0.7071067811865476 -0.7071067811865476 1.5700924586837752e-16
vn -0.555570248949409 -0.8314696016585884 1.8462333920745442e-16
vn -0.3826834370613369 -0.9238795305660377 2.0514246536285922e-16
vn -0.19509032931342324 -0.9807852789517083 2.177780797811187e-16
vn -2.4492937051703357e-16 -1 2.220446049250313e-16
vn 0 -1 2.220446049250313e-16
vn 0.19509032931342324 -0.9807852789517083 2.177780797811187e-16
vn 0.3826834370613369 -0.9238795305660377 2.0514246536285922e-16
vn 0.555570248949409 -0.8314696016585884 1.8462333920745442e-16
vn 0.7071067811865476 -0.7071067811865476 1.5700924586837752e-16
vn 0.8314696016585884 -0.555570248949409 1.233613764360728e-16
vn 0.9238795305660377 -0.3826834370613369 8.497279259363763e-17
vn 0.9807852789517083 -0.19509032931342324 4.331875509709332e-17
vn 1 -6.123234262925839e-17 1.3596311327747833e-32
vn 0.9807852789517083 0.19509032931342324 -4.331875509709332e-17
vn 0.9238795305660377 0.3826834370613369 -8.497279259363763e-17
vn 0.8314696016585884 0.555570248949409 -1.233613764360728e-16
vn 0.7071067811865476 0.7071067811865476 -1.5700924586837752e-16
vn 0.555570248949409 0.8314696016585884 -1.8462333920745442e-16
vn 0.3826834370613369 0.9238795305660377 -2.0514246536285922e-16
vn 0.19509032931342324 0.9807852789517083 -2.177780797811187e-16
vn 1.2246468525851679e-16 1 -2.220446049250313e-16
vn -0.19509032931342324 0.9807852789517083 -2.177780797811187e-16
vn -0.3826834370613369 0.9238795305660377 -2.0514246536285922e-16
vn -0.555570248949409 0.8314696016585884 -1.8462333920745442e-16
vn -0.7071067811865476 0.7071067811865476 -1.5700924586837752e-16
vn -0.8314696016585884 0.555570248949409 -1.233613764360728e-16
vn -0.9238795305660377 0.3826834370613369 -8.497279259363763e-17
vn -0.9807852789517083 0.19509032931342324 -4.331875509709332e-17
vn -1 1.8369701465288538e-16 -4.078893104450762e-32
vn -0.9807852789517083 -0.19509032931342324 4.331875509709332e-17
vn -0.9238795305660377 -0.3826834370613369 8.497279259363763e-17
vn -0.8314696016585884 -0.555570248949409 1.233613764360728e-16
vn -0.7071067811865476 -0.7071067811865476 1.5700924586837752e-16
vn -0.555570248949409 -0.8314696016585884 1.8462333920745442e-16
vn -0.3826834370613369 -0.9238795305660377 2.0514246536285922e-16
vn -0.19509032931342324 -0.9807852789517083 2.177780797811187e-16
vn -2.4492937051703357e-16 -1 2.220446049250313e-16
vn 0 2.220446049250313e-16 1
vn 0 2.220446049250313e-16 1
vn 0 2.220446049250313e-16 1
vn 0 2.220446049250313e-16 1
vn 0 2.220446049250313e-16 1
vn 0 2.220446049250313e-16 1
vn 0 2.220446049250313e-16 1
vn 0 2.220446049250313e-16 1
vn 0 2.220446049250313e-16 1
vn 0 2.220446049250313e-16 1
vn 0 2.220446049250313e-16 1
vn 0 2.220446049250313e-16 1
vn 0 2.220446049250313e-16 1
vn 0 2.220446049250313e-16 1
vn 0 2.220446049250313e-16 1
vn 0 2.220446049250313e-16 1
vn 0 2.220446049250313e-16 1
vn 0 2.220446049250313e-16 1
vn 0 2.220446049250313e-16 1
vn 0 2.220446049250313e-16 1
vn 0 2.220446049250313e-16 1
vn 0 2.220446049250313e-16 1
vn 0 2.220446049250313e-16 1
vn 0 2.220446049250313e-16 1
vn 0 2.220446049250313e-16 1
vn 0 2.220446049250313e-16 1
vn 0 2.220446049250313e-16 1
vn 0 2.220446049250313e-16 1
vn 0 2.220446049250313e-16 1
vn 0 2.220446049250313e-16 1
vn 0 2.220446049250313e-16 1
vn 0 2.220446049250313e-16 1
vn 0 2.220446049250313e-16 1
vn 0 2.220446049250313e-16 1
vn 0 2.220446049250313e-16 1
vn 0 2.220446049250313e-16 1
vn 0 2.220446049250313e-16 1
vn 0 2.220446049250313e-16 1
vn 0 2.220446049250313e-16 1
vn 0 2.220446049250313e-16 1
vn 0 2.220446049250313e-16 1
vn 0 2.220446049250313e-16 1
vn 0 2.220446049250313e-16 1
vn 0 2.220446049250313e-16 1
vn 0 2.220446049250313e-16 1
vn 0 2.220446049250313e-16 1
vn 0 2.220446049250313e-16 1
vn 0 2.220446049250313e-16 1
vn 0 2.220446049250313e-16 1
vn 0 2.220446049250313e-16 1
vn 0 2.220446049250313e-16 1
vn 0 2.220446049250313e-16 1
vn 0 2.220446049250313e-16 1
vn 0 2.220446049250313e-16 1
vn 0 2.220446049250313e-16 1
vn 0 2.220446049250313e-16 1
vn 0 2.220446049250313e-16 1
vn 0 2.220446049250313e-16 1
vn 0 2.220446049250313e-16 1
vn 0 2.220446049250313e-16 1
vn 0 2.220446049250313e-16 1
vn 0 2.220446049250313e-16 1
vn 0 2.220446049250313e-16 1
vn 0 2.220446049250313e-16 1
vn 0 2.220446049250313e-16 1
vn 0 -2.220446049250313e-16 -1
vn 0 -2.220446049250313e-16 -1
vn 0 -2.220446049250313e-16 -1
vn 0 -2.220446049250313e-16 -1
vn 0 -2.220446049250313e-16 -1
vn 0 -2.220446049250313e-16 -1
vn 0 -2.220446049250313e-16 -1
vn 0 -2.220446049250313e-16 -1
vn 0 -2.220446049250313e-16 -1
vn 0 -2.220446049250313e-16 -1
vn 0 -2.220446049250313e-16 -1
vn 0 -2.220446049250313e-16 -1
vn 0 -2.220446049250313e-16 -1
vn 0 -2.220446049250313e-16 -1
vn 0 -2.220446049250313e-16 -1
vn 0 -2.220446049250313e-16 -1
vn 0 -2.220446049250313e-16 -1
vn 0 -2.220446049250313e-16 -1
vn 0 -2.220446049250313e-16 -1
vn 0 -2.220446049250313e-16 -1
vn 0 -2.220446049250313e-16 -1
vn 0 -2.220446049250313e-16 -1
vn 0 -2.220446049250313e-16 -1
vn 0 -2.220446049250313e-16 -1
vn 0 -2.220446049250313e-16 -1
vn 0 -2.220446049250313e-16 -1
vn 0 -2.220446049250313e-16 -1
vn 0 -2.220446049250313e-16 -1
vn 0 -2.220446049250313e-16 -1
vn 0 -2.220446049250313e-16 -1
vn 0 -2.220446049250313e-16 -1
vn 0 -2.220446049250313e-16 -1
vn 0 -2.220446049250313e-16 -1
vn 0 -2.220446049250313e-16 -1
vn 0 -2.220446049250313e-16 -1
vn 0 -2.220446049250313e-16 -1
vn 0 -2.220446049250313e-16 -1
vn 0 -2.220446049250313e-16 -1
vn 0 -2.220446049250313e-16 -1
vn 0 -2.220446049250313e-16 -1
vn 0 -2.220446049250313e-16 -1
vn 0 -2.220446049250313e-16 -1
vn 0 -2.220446049250313e-16 -1
vn 0 -2.220446049250313e-16 -1
vn 0 -2.220446049250313e-16 -1
vn 0 -2.220446049250313e-16 -1
vn 0 -2.220446049250313e-16 -1
vn 0 -2.220446049250313e-16 -1
vn 0 -2.220446049250313e-16 -1
vn 0 -2.220446049250313e-16 -1
vn 0 -2.220446049250313e-16 -1
vn 0 -2.220446049250313e-16 -1
vn 0 -2.220446049250313e-16 -1
vn 0 -2.220446049250313e-16 -1
vn 0 -2.220446049250313e-16 -1
vn 0 -2.220446049250313e-16 -1
vn 0 -2.220446049250313e-16 -1
vn 0 -2.220446049250313e-16 -1
vn 0 -2.220446049250313e-16 -1
vn 0 -2.220446049250313e-16 -1
vn 0 -2.220446049250313e-16 -1
vn 0 -2.220446049250313e-16 -1
vn 0 -2.220446049250313e-16 -1
vn 0 -2.220446049250313e-16 -1
vn 0 -2.220446049250313e-16 -1
f 1925/1925/1925 1958/1958/1958 1926/1926/1926
f 1958/1958/1958 1959/1959/1959 1926/1926/1926
f 1926/1926/1926 1959/1959/1959 1927/1927/1927
f 1959/1959/1959 1960/1960/1960 1927/1927/1927
f 1927/1927/1927 1960/1960/1960 1928/1928/1928
f 1960/1960/1960 1961/1961/1961 1928/1928/1928
f 1928/1928/1928 1961/1961/1961 1929/1929/1929
f 1961/1961/1961 1962/1962/1962 1929/1929/1929
f 1929/1929/1929 1962/1962/1962 1930/1930/1930
f 1962/1962/1962 1963/1963/1963 1930/1930/1930
f 1930/1930/1930 1963/1963/1963 1931/1931/1931
f 1963/1963/1963 1964/1964/1964 1931/1931/1931
f 1931/1931/1931 1964/1964/1964 1932/1932/1932
f 1964/1964/1964 1965/1965/1965 1932/1932/1932
f 1932/1932/1932 1965/1965/1965 1933/1933/1933
f 1965/1965/1965 1966/1966/1966 1933/1933/1933
f 1933/1933/1933 1966/1966/1966 1934/1934/1934
f 1966/1966/1966 1967/1967/1967 1934/1934/1934
f 1934/1934/1934 1967/1967/1967 1935/1935/1935
f 1967/1967/1967 1968/1968/1968 1935/1935/1935
f 1935/1935/1935 1968/1968/1968 1936/1936/1936
f 1968/1968/1968 1969/1969/1969 1936/1936/1936
f 1936/1936/1936 1969/1969/1969 1937/1937/1937
f 1969/1969/1969 1970/1970/1970 1937/1937/1937
f 1937/1937/1937 1970/1970/1970 1938/1938/1938
f 1970/1970/1970 1971/1971/1971 1938/1938/1938
f 1938/1938/1938 1971/1971/1971 1939/1939/1939
f 1971/1971/1971 1972/1972/1972 1939/1939/1939
f 1939/1939/1939 1972/1972/1972 1940/1940/1940
f 1972/1972/1972 1973/1973/1973 1940/1940/1940
f 1940/1940/1940 1973/1973/1973 1941/1941/1941
f 1973/1973/1973 1974/1974/1974 1941/1941/1941
f 1941/1941/1941 1974/1974/1974 1942/1942/1942
f 1974/1974/1974 1975/1975/1975 1942/1942/1942
f 1942/1942/1942 1975/1975/1975 1943/1943/1943
f 1975/1975/1975 1976/1976/1976 1943/1943/1943
f 1943/1943/1943 1976/1976/1976 1944/1944/1944
f 1976/1976/1976 1977/1977/1977 1944/1944/1944
f 1944/1944/1944 1977/1977/1977 1945/1945/1945
f 1977/1977/1977 1978/1978/1978 1945/1945/1945
f 1945/1945/1945 1978/1978/1978 1946/1946/1946
f 1978/1978/1978 1979/1979/1979 1946/1946/1946
f 1946/1946/1946 1979/1979/1979 1947/1947/1947
f 1979/1979/1979 1980/1980/1980 1947/1947/1947
f 1947/1947/1947 1980/1980/1980 1948/1948/1948
f 1980/1980/1980 1981/1981/1981 1948/1948/1948
f 1948/1948/1948 1981/1981/1981 1949/1949/1949
f 1981/1981/1981 1982/1982/1982 1949/1949/1949
f 1949/1949/1949 1982/1982/1982 1950/1950/1950
f 1982/1982/1982 1983/1983/1983 1950/1950/1950
f 1950/1950/1950 1983/1983/1983 1951/1951/1951
f 1983/1983/1983 1984/1984/1984 1951/1951/1951
f 1951/1951/1951 1984/1984/1984 1952/1952/1952
f 1984/1984/1984 1985/1985/1985 1952/1952/1952
f 1952/1952/1952 1985/1985/1985 1953/1953/1953
f 1985/1985/1985 1986/1986/1986 1953/1953/1953
f 1953/1953/1953 1986/1986/1986 1954/1954/1954
f 1986/1986/1986 1987/1987/1987 1954/1954/1954
f 1954/1954/1954 1987/1987/1987 1955/1955/1955
f 1987/1987/1987 1988/1988/1988 1955/1955/1955
f 1955/1955/1955 1988/1988/1988 1956/1956/1956
f 1988/1988/1988 1989/1989/1989 1956/1956/1956
f 1956/1956/1956 1989/1989/1989 1957/1957/1957
f 1989/1989/1989 1990/1990/1990 1957/1957/1957
f 2023/2023/2023 2024/2024/2024 1991/1991/1991
f 2024/2024/2024 2025/2025/2025 1992/1992/1992
f 2025/2025/2025 2026/2026/2026 1993/1993/1993
f 2026/2026/2026 2027/2027/2027 1994/1994/1994
f 2027/2027/2027 2028/2028/2028 1995/1995/1995
f 2028/2028/2028 2029/2029/2029 1996/1996/1996
f 2029/2029/2029 2030/2030/2030 1997/1997/1997
f 2030/2030/2030 2031/2031/2031 1998/1998/1998
f 2031/2031/2031 2032/2032/2032 1999/1999/1999
f 2032/2032/2032 2033/2033/2033 2000/2000/2000
f 2033/2033/2033 2034/2034/2034 2001/2001/2001
f 2034/2034/2034 2035/2035/2035 2002/2002/2002
f 2035/2035/2035 2036/2036/2036 2003/2003/2003
f 2036/2036/2036 2037/2037/2037 2004/2004/2004
f 2037/2037/2037 2038/2038/2038 2005/2005/2005
f 2038/2038/2038 2039/2039/2039 2006/2006/2006
f 2039/2039/2039 2040/2040/2040 2007/2007/2007
f 2040/2040/2040 2041/2041/2041 2008/2008/2008
f 2041/2041/2041 2042/2042/2042 2009/2009/2009
f 2042/2042/2042 2043/2043/2043 2010/2010/2010
f 2043/2043/2043 2044/2044/2044 2011/2011/2011
f 2044/2044/2044 2045/2045/2045 2012/2012/2012
f 2045/2045/2045 2046/2046/2046 2013/2013/2013
f 2046/2046/2046 2047/2047/2047 2014/2014/2014
f 2047/2047/2047 2048/2048/2048 2015/2015/2015
f 2048/2048/2048 2049/2049/2049 2016/2016/2016
f 2049/2049/2049 2050/2050/2050 2017/2017/2017
f 2050/2050/2050 2051/2051/2051 2018/2018/2018
f 2051/2051/2051 2052/2052/2052 2019/2019/2019
f 2052/2052/2052 2053/2053/2053 2020/2020/2020
f 2053/2053/2053 2054/2054/2054 2021/2021/2021
f 2054/2054/2054 2055/2055/2055 2022/2022/2022
f 2089/2089/2089 2088/2088/2088 2056/2056/2056
f 2090/2090/2090 2089/2089/2089 2057/2057/2057
f 2091/2091/2091 2090/2090/2090 2058/2058/2058
f 2092/2092/2092 2091/2091/2091 2059/2059/2059
f 2093/2093/2093 2092/2092/2092 2060/2060/2060
f 2094/2094/2094 2093/2093/2093 2061/2061/2061
f 2095/2095/2095 2094/2094/2094 2062/2062/2062
f 2096/2096/2096 2095/2095/2095 2063/2063/2063
f 2097/2097/2097 2096/2096/2096 2064/2064/2064
f 2098/2098/2098 2097/2097/2097 2065/2065/2065
f 2099/2099/2099 2098/2098/2098 2066/2066/2066
f 2100/2100/2100 2099/2099/2099 2067/2067/2067
f 2101/2101/2101 2100/2100/2100 2068/2068/2068
f 2102/2102/2102 2101/2101/2101 2069/2069/2069
f 2103/2103/2103 2102/2102/2102 2070/2070/2070
f 2104/2104/2104 2103/2103/2103 2071/2071/2071
f 2105/2105/2105 2104/2104/2104 2072/2072/2072
f 2106/2106/2106 2105/2105/2105 2073/2073/2073
f 2107/2107/2107 2106/2106/2106 2074/2074/2074
f 2108/2108/2108 2107/2107/2107 2075/2075/2075
f 2109/2109/2109 2108/2108/2108 2076/2076/2076
f 2110/2110/2110 2109/2109/2109 2077/2077/2077
f 2111/2111/2111 2110/2110/2110 2078/2078/2078
f 2112/2112/2112 2111/2111/2111 2079/2079/2079
f 2113/2113/2113 2112/2112/2112 2080/2080/2080
f 2114/2114/2114 2113/2113/2113 2081/2081/2081
f 2115/2115/2115 2114/2114/2114 2082/2082/2082
f 2116/2116/2116 2115/2115/2115 2083/2083/2083
f 2117/2117/2117 2116/2116/2116 2084/2084/2084
f 2118/2118/2118 2117/2117/2117 2085/2085/2085
f 2119/2119/2119 2118/2118/2118 2086/2086/2086
f 2120/2120/2120 2119/2119/2119 2087/2087/2087
o wheel_rear_r_rim
usemtl body_mid
v -0.6099999999999999 0.2160000026226044 -0.7070000028610228
v -0.5494363425672053 0.223973360657692 -0.7070000028610228
v -0.49300000131130206 0.2473500490188599 -0.7070000028610228
v -0.4445370143651961 0.2845370143651963 -0.7070000028610229
v -0.40735004901885974 0.33300000131130225 -0.7070000028610229
v -0.38397336065769183 0.3894363425672055 -0.7070000028610229
v -0.37600000262260425 0.45 -0.7070000028610229
v -0.38397336065769183 0.5105636574327946 -0.7070000028610229
v -0.40735004901885974 0.5669999986886979 -0.7070000028610229
v -0.4445370143651961 0.6154629856348038 -0.7070000028610229
v -0.49300000131130206 0.6526499509811402 -0.707000002861023
v -0.5494363425672053 0.6760266393423081 -0.707000002861023
v -0.6099999999999999 0.6839999973773957 -0.707000002861023
v -0.6705636574327944 0.6760266393423081 -0.707000002861023
v -0.7269999986886977 0.6526499509811402 -0.707000002861023
v -0.7754629856348036 0.6154629856348038 -0.7070000028610229
v -0.81264995098114 0.5669999986886979 -0.7070000028610229
v -0.8360266393423079 0.5105636574327946 -0.7070000028610229
v -0.8439999973773955 0.45000000000000007 -0.7070000028610229
v -0.8360266393423079 0.3894363425672055 -0.7070000028610229
v -0.81264995098114 0.33300000131130225 -0.7070000028610229
v -0.7754629856348036 0.2845370143651963 -0.7070000028610229
v -0.7269999986886977 0.2473500490188599 -0.7070000028610228
v -0.6705636574327944 0.223973360657692 -0.7070000028610228
v -0.61 0.2160000026226044 -0.7070000028610228
v -0.6099999999999999 0.21600000262260435 -1.012999997138977
v -0.5494363425672053 0.22397336065769194 -1.012999997138977
v -0.49300000131130206 0.24735004901885985 -1.012999997138977
v -0.4445370143651961 0.2845370143651962 -1.012999997138977
v -0.40735004901885974 0.33300000131130214 -1.012999997138977
v -0.38397336065769183 0.3894363425672054 -1.012999997138977
v -0.37600000262260425 0.44999999999999996 -1.012999997138977
v -0.38397336065769183 0.5105636574327945 -1.012999997138977
v -0.40735004901885974 0.5669999986886978 -1.0129999971389771
v -0.4445370143651961 0.6154629856348037 -1.0129999971389771
v -0.49300000131130206 0.6526499509811401 -1.0129999971389771
v -0.5494363425672053 0.676026639342308 -1.0129999971389771
v -0.6099999999999999 0.6839999973773956 -1.0129999971389771
v -0.6705636574327944 0.676026639342308 -1.0129999971389771
v -0.7269999986886977 0.6526499509811401 -1.0129999971389771
v -0.7754629856348036 0.6154629856348037 -1.0129999971389771
v -0.81264995098114 0.5669999986886978 -1.0129999971389771
v -0.8360266393423079 0.5105636574327945 -1.012999997138977
v -0.8439999973773955 0.45 -1.012999997138977
v -0.8360266393423079 0.3894363425672054 -1.012999997138977
v -0.81264995098114 0.33300000131130214 -1.012999997138977
v -0.7754629856348036 0.2845370143651962 -1.012999997138977
v -0.7269999986886977 0.24735004901885985 -1.012999997138977
v -0.6705636574327944 0.22397336065769194 -1.012999997138977
v -0.61 0.21600000262260435 -1.012999997138977
v -0.6099999999999999 0.45000000000000007 -0.7070000028610229
v -0.6099999999999999 0.45000000000000007 -0.7070000028610229
v -0.6099999999999999 0.45000000000000007 -0.7070000028610229
v -0.6099999999999999 0.45000000000000007 -0.7070000028610229
v -0.6099999999999999 0.45000000000000007 -0.7070000028610229
v -0.6099999999999999 0.45000000000000007 -0.7070000028610229
v -0.6099999999999999 0.45000000000000007 -0.7070000028610229
v -0.6099999999999999 0.45000000000000007 -0.7070000028610229
v -0.6099999999999999 0.45000000000000007 -0.7070000028610229
v -0.6099999999999999 0.45000000000000007 -0.7070000028610229
v -0.6099999999999999 0.45000000000000007 -0.7070000028610229
v -0.6099999999999999 0.45000000000000007 -0.7070000028610229
v -0.6099999999999999 0.45000000000000007 -0.7070000028610229
v -0.6099999999999999 0.45000000000000007 -0.7070000028610229
v -0.6099999999999999 0.45000000000000007 -0.7070000028610229
v -0.6099999999999999 0.45000000000000007 -0.7070000028610229
v -0.6099999999999999 0.45000000000000007 -0.7070000028610229
v -0.6099999999999999 0.45000000000000007 -0.7070000028610229
v -0.6099999999999999 0.45000000000000007 -0.7070000028610229
v -0.6099999999999999 0.45000000000000007 -0.7070000028610229
v -0.6099999999999999 0.45000000000000007 -0.7070000028610229
v -0.6099999999999999 0.45000000000000007 -0.7070000028610229
v -0.6099999999999999 0.45000000000000007 -0.7070000028610229
v -0.6099999999999999 0.45000000000000007 -0.7070000028610229
v -0.6099999999999999 0.2160000026226044 -0.7070000028610228
v -0.5494363425672053 0.223973360657692 -0.7070000028610228
v -0.49300000131130206 0.2473500490188599 -0.7070000028610228
v -0.4445370143651961 0.2845370143651963 -0.7070000028610229
v -0.40735004901885974 0.33300000131130225 -0.7070000028610229
v -0.38397336065769183 0.3894363425672055 -0.7070000028610229
v -0.37600000262260425 0.45 -0.7070000028610229
v -0.38397336065769183 0.5105636574327946 -0.7070000028610229
v -0.40735004901885974 0.5669999986886979 -0.7070000028610229
v -0.4445370143651961 0.6154629856348038 -0.7070000028610229
v -0.49300000131130206 0.6526499509811402 -0.707000002861023
v -0.5494363425672053 0.6760266393423081 -0.707000002861023
v -0.6099999999999999 0.6839999973773957 -0.707000002861023
v -0.6705636574327944 0.6760266393423081 -0.707000002861023
v -0.7269999986886977 0.6526499509811402 -0.707000002861023
v -0.7754629856348036 0.6154629856348038 -0.7070000028610229
v -0.81264995098114 0.5669999986886979 -0.7070000028610229
v -0.8360266393423079 0.5105636574327946 -0.7070000028610229
v -0.8439999973773955 0.45000000000000007 -0.7070000028610229
v -0.8360266393423079 0.3894363425672055 -0.7070000028610229
v -0.81264995098114 0.33300000131130225 -0.7070000028610229
v -0.7754629856348036 0.2845370143651963 -0.7070000028610229
v -0.7269999986886977 0.2473500490188599 -0.7070000028610228
v -0.6705636574327944 0.223973360657692 -0.7070000028610228
v -0.61 0.2160000026226044 -0.7070000028610228
v -0.6099999999999999 0.44999999999999996 -1.012999997138977
v -0.6099999999999999 0.44999999999999996 -1.012999997138977
v -0.6099999999999999 0.44999999999999996 -1.012999997138977
v -0.6099999999999999 0.44999999999999996 -1.012999997138977
v -0.6099999999999999 0.44999999999999996 -1.012999997138977
v -0.6099999999999999 0.44999999999999996 -1.012999997138977
v -0.6099999999999999 0.44999999999999996 -1.012999997138977
v -0.6099999999999999 0.44999999999999996 -1.012999997138977
v -0.6099999999999999 0.44999999999999996 -1.012999997138977
v -0.6099999999999999 0.44999999999999996 -1.012999997138977
v -0.6099999999999999 0.44999999999999996 -1.012999997138977
v -0.6099999999999999 0.44999999999999996 -1.012999997138977
v -0.6099999999999999 0.44999999999999996 -1.012999997138977
v -0.6099999999999999 0.44999999999999996 -1.012999997138977
v -0.6099999999999999 0.44999999999999996 -1.012999997138977
v -0.6099999999999999 0.44999999999999996 -1.012999997138977
v -0.6099999999999999 0.44999999999999996 -1.012999997138977
v -0.6099999999999999 0.44999999999999996 -1.012999997138977
v -0.6099999999999999 0.44999999999999996 -1.012999997138977
v -0.6099999999999999 0.44999999999999996 -1.012999997138977
v -0.6099999999999999 0.44999999999999996 -1.012999997138977
v -0.6099999999999999 0.44999999999999996 -1.012999997138977
v -0.6099999999999999 0.44999999999999996 -1.012999997138977
v -0.6099999999999999 0.44999999999999996 -1.012999997138977
v -0.6099999999999999 0.21600000262260435 -1.012999997138977
v -0.5494363425672053 0.22397336065769194 -1.012999997138977
v -0.49300000131130206 0.24735004901885985 -1.012999997138977
v -0.4445370143651961 0.2845370143651962 -1.012999997138977
v -0.40735004901885974 0.33300000131130214 -1.012999997138977
v -0.38397336065769183 0.3894363425672054 -1.012999997138977
v -0.37600000262260425 0.44999999999999996 -1.012999997138977
v -0.38397336065769183 0.5105636574327945 -1.012999997138977
v -0.40735004901885974 0.5669999986886978 -1.0129999971389771
v -0.4445370143651961 0.6154629856348037 -1.0129999971389771
v -0.49300000131130206 0.6526499509811401 -1.0129999971389771
v -0.5494363425672053 0.676026639342308 -1.0129999971389771
v -0.6099999999999999 0.6839999973773956 -1.0129999971389771
v -0.6705636574327944 0.676026639342308 -1.0129999971389771
v -0.7269999986886977 0.6526499509811401 -1.0129999971389771
v -0.7754629856348036 0.6154629856348037 -1.0129999971389771
v -0.81264995098114 0.5669999986886978 -1.0129999971389771
v -0.8360266393423079 0.5105636574327945 -1.012999997138977
v -0.8439999973773955 0.45 -1.012999997138977
v -0.8360266393423079 0.3894363425672054 -1.012999997138977
v -0.81264995098114 0.33300000131130214 -1.012999997138977
v -0.7754629856348036 0.2845370143651962 -1.012999997138977
v -0.7269999986886977 0.24735004901885985 -1.012999997138977
v -0.6705636574327944 0.22397336065769194 -1.012999997138977
v -0.61 0.21600000262260435 -1.012999997138977
vt 0 1
vt 0.0416666679084301 1
vt 0.0833333358168602 1
vt 0.125 1
vt 0.1666666716337204 1
vt 0.2083333283662796 1
vt 0.25 1
vt 0.2916666567325592 1
vt 0.3333333432674408 1
vt 0.375 1
vt 0.4166666567325592 1
vt 0.4583333432674408 1
vt 0.5 1
vt 0.5416666865348816 1
vt 0.5833333134651184 1
vt 0.625 1
vt 0.6666666865348816 1
vt 0.7083333134651184 1
vt 0.75 1
vt 0.7916666865348816 1
vt 0.8333333134651184 1
vt 0.875 1
vt 0.9166666865348816 1
vt 0.9583333134651184 1
vt 1 1
vt 0 0
vt 0.0416666679084301 0
vt 0.0833333358168602 0
vt 0.125 0
vt 0.1666666716337204 0
vt 0.2083333283662796 0
vt 0.25 0
vt 0.2916666567325592 0
vt 0.3333333432674408 0
vt 0.375 0
vt 0.4166666567325592 0
vt 0.4583333432674408 0
vt 0.5 0
vt 0.5416666865348816 0
vt 0.5833333134651184 0
vt 0.625 0
vt 0.6666666865348816 0
vt 0.7083333134651184 0
vt 0.75 0
vt 0.7916666865348816 0
vt 0.8333333134651184 0
vt 0.875 0
vt 0.9166666865348816 0
vt 0.9583333134651184 0
vt 1 0
vt 0.5 0.5
vt 0.5 0.5
vt 0.5 0.5
vt 0.5 0.5
vt 0.5 0.5
vt 0.5 0.5
vt 0.5 0.5
vt 0.5 0.5
vt 0.5 0.5
vt 0.5 0.5
vt 0.5 0.5
vt 0.5 0.5
vt 0.5 0.5
vt 0.5 0.5
vt 0.5 0.5
vt 0.5 0.5
vt 0.5 0.5
vt 0.5 0.5
vt 0.5 0.5
vt 0.5 0.5
vt 0.5 0.5
vt 0.5 0.5
vt 0.5 0.5
vt 0.5 0.5
vt 1 0.5
vt 0.9829629063606262 0.6294095516204834
vt 0.9330127239227295 0.75
vt 0.8535534143447876 0.8535534143447876
vt 0.75 0.9330127239227295
vt 0.6294095516204834 0.9829629063606262
vt 0.5 1
vt 0.370590478181839 0.9829629063606262
vt 0.25 0.9330127239227295
vt 0.1464466154575348 0.8535534143447876
vt 0.0669872984290123 0.75
vt 0.017037086188793182 0.6294095516204834
vt 0 0.5
vt 0.017037086188793182 0.370590478181839
vt 0.0669872984290123 0.25
vt 0.1464466154575348 0.1464466154575348
vt 0.25 0.0669872984290123
vt 0.370590478181839 0.017037086188793182
vt 0.5 0
vt 0.6294095516204834 0.017037086188793182
vt 0.75 0.0669872984290123
vt 0.8535534143447876 0.1464466154575348
vt 0.9330127239227295 0.25
vt 0.9829629063606262 0.370590478181839
vt 1 0.5
vt 0.5 0.5
vt 0.5 0.5
vt 0.5 0.5
vt 0.5 0.5
vt 0.5 0.5
vt 0.5 0.5
vt 0.5 0.5
vt 0.5 0.5
vt 0.5 0.5
vt 0.5 0.5
vt 0.5 0.5
vt 0.5 0.5
vt 0.5 0.5
vt 0.5 0.5
vt 0.5 0.5
vt 0.5 0.5
vt 0.5 0.5
vt 0.5 0.5
vt 0.5 0.5
vt 0.5 0.5
vt 0.5 0.5
vt 0.5 0.5
vt 0.5 0.5
vt 0.5 0.5
vt 1 0.5
vt 0.9829629063606262 0.370590478181839
vt 0.9330127239227295 0.25
vt 0.8535534143447876 0.1464466154575348
vt 0.75 0.0669872984290123
vt 0.6294095516204834 0.017037086188793182
vt 0.5 0
vt 0.370590478181839 0.017037086188793182
vt 0.25 0.0669872984290123
vt 0.1464466154575348 0.1464466154575348
vt 0.0669872984290123 0.25
vt 0.017037086188793182 0.370590478181839
vt 0 0.5
vt 0.017037086188793182 0.6294095516204834
vt 0.0669872984290123 0.75
vt 0.1464466154575348 0.8535534143447876
vt 0.25 0.9330127239227295
vt 0.370590478181839 0.9829629063606262
vt 0.5 1
vt 0.6294095516204834 0.9829629063606262
vt 0.75 0.9330127239227295
vt 0.8535534143447876 0.8535534143447876
vt 0.9330127239227295 0.75
vt 0.9829629063606262 0.6294095516204834
vt 1 0.5
vn 0 -1 2.220446049250313e-16
vn 0.2588190471264927 -0.9659258257467466 2.1447861836482098e-16
vn 0.5000000067305869 -0.8660253998985324 1.9229626777551189e-16
vn 0.7071067811865476 -0.7071067811865476 1.5700924586837752e-16
vn 0.8660253998985324 -0.5000000067305869 1.1102230395700616e-16
vn 0.9659258257467466 -0.2588190471264927 5.746937306627513e-17
vn 1 -6.123234262925839e-17 1.3596311327747833e-32
vn 0.9659258257467466 0.2588190471264927 -5.746937306627513e-17
vn 0.8660253998985324 0.5000000067305869 -1.1102230395700616e-16
vn 0.7071067811865476 0.7071067811865476 -1.5700924586837752e-16
vn 0.5000000067305869 0.8660253998985324 -1.9229626777551189e-16
vn 0.2588190471264927 0.9659258257467466 -2.1447861836482098e-16
vn 1.2246468525851679e-16 1 -2.220446049250313e-16
vn -0.2588190471264927 0.9659258257467466 -2.1447861836482098e-16
vn -0.5000000067305869 0.8660253998985324 -1.9229626777551189e-16
vn -0.7071067811865476 0.7071067811865476 -1.5700924586837752e-16
vn -0.8660253998985324 0.5000000067305869 -1.1102230395700616e-16
vn -0.9659258257467466 0.2588190471264927 -5.746937306627513e-17
vn -1 1.8369701465288538e-16 -4.078893104450762e-32
vn -0.9659258257467466 -0.2588190471264927 5.746937306627513e-17
vn -0.8660253998985324 -0.5000000067305869 1.1102230395700616e-16
vn -0.7071067811865476 -0.7071067811865476 1.5700924586837752e-16
vn -0.5000000067305869 -0.8660253998985324 1.9229626777551189e-16
vn -0.2588190471264927 -0.9659258257467466 2.1447861836482098e-16
vn -2.4492937051703357e-16 -1 2.220446049250313e-16
vn 0 -1 2.220446049250313e-16
vn 0.2588190471264927 -0.9659258257467466 2.1447861836482098e-16
vn 0.5000000067305869 -0.8660253998985324 1.9229626777551189e-16
vn 0.7071067811865476 -0.7071067811865476 1.5700924586837752e-16
vn 0.8660253998985324 -0.5000000067305869 1.1102230395700616e-16
vn 0.9659258257467466 -0.2588190471264927 5.746937306627513e-17
vn 1 -6.123234262925839e-17 1.3596311327747833e-32
vn 0.9659258257467466 0.2588190471264927 -5.746937306627513e-17
vn 0.8660253998985324 0.5000000067305869 -1.1102230395700616e-16
vn 0.7071067811865476 0.7071067811865476 -1.5700924586837752e-16
vn 0.5000000067305869 0.8660253998985324 -1.9229626777551189e-16
vn 0.2588190471264927 0.9659258257467466 -2.1447861836482098e-16
vn 1.2246468525851679e-16 1 -2.220446049250313e-16
vn -0.2588190471264927 0.9659258257467466 -2.1447861836482098e-16
vn -0.5000000067305869 0.8660253998985324 -1.9229626777551189e-16
vn -0.7071067811865476 0.7071067811865476 -1.5700924586837752e-16
vn -0.8660253998985324 0.5000000067305869 -1.1102230395700616e-16
vn -0.9659258257467466 0.2588190471264927 -5.746937306627513e-17
vn -1 1.8369701465288538e-16 -4.078893104450762e-32
vn -0.9659258257467466 -0.2588190471264927 5.746937306627513e-17
vn -0.8660253998985324 -0.5000000067305869 1.1102230395700616e-16
vn -0.7071067811865476 -0.7071067811865476 1.5700924586837752e-16
vn -0.5000000067305869 -0.8660253998985324 1.9229626777551189e-16
vn -0.2588190471264927 -0.9659258257467466 2.1447861836482098e-16
vn -2.4492937051703357e-16 -1 2.220446049250313e-16
vn 0 2.220446049250313e-16 1
vn 0 2.220446049250313e-16 1
vn 0 2.220446049250313e-16 1
vn 0 2.220446049250313e-16 1
vn 0 2.220446049250313e-16 1
vn 0 2.220446049250313e-16 1
vn 0 2.220446049250313e-16 1
vn 0 2.220446049250313e-16 1
vn 0 2.220446049250313e-16 1
vn 0 2.220446049250313e-16 1
vn 0 2.220446049250313e-16 1
vn 0 2.220446049250313e-16 1
vn 0 2.220446049250313e-16 1
vn 0 2.220446049250313e-16 1
vn 0 2.220446049250313e-16 1
vn 0 2.220446049250313e-16 1
vn 0 2.220446049250313e-16 1
vn 0 2.220446049250313e-16 1
vn 0 2.220446049250313e-16 1
vn 0 2.220446049250313e-16 1
vn 0 2.220446049250313e-16 1
vn 0 2.220446049250313e-16 1
vn 0 2.220446049250313e-16 1
vn 0 2.220446049250313e-16 1
vn 0 2.220446049250313e-16 1
vn 0 2.220446049250313e-16 1
vn 0 2.220446049250313e-16 1
vn 0 2.220446049250313e-16 1
vn 0 2.220446049250313e-16 1
vn 0 2.220446049250313e-16 1
vn 0 2.220446049250313e-16 1
vn 0 2.220446049250313e-16 1
vn 0 2.220446049250313e-16 1
vn 0 2.220446049250313e-16 1
vn 0 2.220446049250313e-16 1
vn 0 2.220446049250313e-16 1
vn 0 2.220446049250313e-16 1
vn 0 2.220446049250313e-16 1
vn 0 2.220446049250313e-16 1
vn 0 2.220446049250313e-16 1
vn 0 2.220446049250313e-16 1
vn 0 2.220446049250313e-16 1
vn 0 2.220446049250313e-16 1
vn 0 2.220446049250313e-16 1
vn 0 2.220446049250313e-16 1
vn 0 2.220446049250313e-16 1
vn 0 2.220446049250313e-16 1
vn 0 2.220446049250313e-16 1
vn 0 2.220446049250313e-16 1
vn 0 -2.220446049250313e-16 -1
vn 0 -2.220446049250313e-16 -1
vn 0 -2.220446049250313e-16 -1
vn 0 -2.220446049250313e-16 -1
vn 0 -2.220446049250313e-16 -1
vn 0 -2.220446049250313e-16 -1
vn 0 -2.220446049250313e-16 -1
vn 0 -2.220446049250313e-16 -1
vn 0 -2.220446049250313e-16 -1
vn 0 -2.220446049250313e-16 -1
vn 0 -2.220446049250313e-16 -1
vn 0 -2.220446049250313e-16 -1
vn 0 -2.220446049250313e-16 -1
vn 0 -2.220446049250313e-16 -1
vn 0 -2.220446049250313e-16 -1
vn 0 -2.220446049250313e-16 -1
vn 0 -2.220446049250313e-16 -1
vn 0 -2.220446049250313e-16 -1
vn 0 -2.220446049250313e-16 -1
vn 0 -2.220446049250313e-16 -1
vn 0 -2.220446049250313e-16 -1
vn 0 -2.220446049250313e-16 -1
vn 0 -2.220446049250313e-16 -1
vn 0 -2.220446049250313e-16 -1
vn 0 -2.220446049250313e-16 -1
vn 0 -2.220446049250313e-16 -1
vn 0 -2.220446049250313e-16 -1
vn 0 -2.220446049250313e-16 -1
vn 0 -2.220446049250313e-16 -1
vn 0 -2.220446049250313e-16 -1
vn 0 -2.220446049250313e-16 -1
vn 0 -2.220446049250313e-16 -1
vn 0 -2.220446049250313e-16 -1
vn 0 -2.220446049250313e-16 -1
vn 0 -2.220446049250313e-16 -1
vn 0 -2.220446049250313e-16 -1
vn 0 -2.220446049250313e-16 -1
vn 0 -2.220446049250313e-16 -1
vn 0 -2.220446049250313e-16 -1
vn 0 -2.220446049250313e-16 -1
vn 0 -2.220446049250313e-16 -1
vn 0 -2.220446049250313e-16 -1
vn 0 -2.220446049250313e-16 -1
vn 0 -2.220446049250313e-16 -1
vn 0 -2.220446049250313e-16 -1
vn 0 -2.220446049250313e-16 -1
vn 0 -2.220446049250313e-16 -1
vn 0 -2.220446049250313e-16 -1
vn 0 -2.220446049250313e-16 -1
f 2121/2121/2121 2146/2146/2146 2122/2122/2122
f 2146/2146/2146 2147/2147/2147 2122/2122/2122
f 2122/2122/2122 2147/2147/2147 2123/2123/2123
f 2147/2147/2147 2148/2148/2148 2123/2123/2123
f 2123/2123/2123 2148/2148/2148 2124/2124/2124
f 2148/2148/2148 2149/2149/2149 2124/2124/2124
f 2124/2124/2124 2149/2149/2149 2125/2125/2125
f 2149/2149/2149 2150/2150/2150 2125/2125/2125
f 2125/2125/2125 2150/2150/2150 2126/2126/2126
f 2150/2150/2150 2151/2151/2151 2126/2126/2126
f 2126/2126/2126 2151/2151/2151 2127/2127/2127
f 2151/2151/2151 2152/2152/2152 2127/2127/2127
f 2127/2127/2127 2152/2152/2152 2128/2128/2128
f 2152/2152/2152 2153/2153/2153 2128/2128/2128
f 2128/2128/2128 2153/2153/2153 2129/2129/2129
f 2153/2153/2153 2154/2154/2154 2129/2129/2129
f 2129/2129/2129 2154/2154/2154 2130/2130/2130
f 2154/2154/2154 2155/2155/2155 2130/2130/2130
f 2130/2130/2130 2155/2155/2155 2131/2131/2131
f 2155/2155/2155 2156/2156/2156 2131/2131/2131
f 2131/2131/2131 2156/2156/2156 2132/2132/2132
f 2156/2156/2156 2157/2157/2157 2132/2132/2132
f 2132/2132/2132 2157/2157/2157 2133/2133/2133
f 2157/2157/2157 2158/2158/2158 2133/2133/2133
f 2133/2133/2133 2158/2158/2158 2134/2134/2134
f 2158/2158/2158 2159/2159/2159 2134/2134/2134
f 2134/2134/2134 2159/2159/2159 2135/2135/2135
f 2159/2159/2159 2160/2160/2160 2135/2135/2135
f 2135/2135/2135 2160/2160/2160 2136/2136/2136
f 2160/2160/2160 2161/2161/2161 2136/2136/2136
f 2136/2136/2136 2161/2161/2161 2137/2137/2137
f 2161/2161/2161 2162/2162/2162 2137/2137/2137
f 2137/2137/2137 2162/2162/2162 2138/2138/2138
f 2162/2162/2162 2163/2163/2163 2138/2138/2138
f 2138/2138/2138 2163/2163/2163 2139/2139/2139
f 2163/2163/2163 2164/2164/2164 2139/2139/2139
f 2139/2139/2139 2164/2164/2164 2140/2140/2140
f 2164/2164/2164 2165/2165/2165 2140/2140/2140
f 2140/2140/2140 2165/2165/2165 2141/2141/2141
f 2165/2165/2165 2166/2166/2166 2141/2141/2141
f 2141/2141/2141 2166/2166/2166 2142/2142/2142
f 2166/2166/2166 2167/2167/2167 2142/2142/2142
f 2142/2142/2142 2167/2167/2167 2143/2143/2143
f 2167/2167/2167 2168/2168/2168 2143/2143/2143
f 2143/2143/2143 2168/2168/2168 2144/2144/2144
f 2168/2168/2168 2169/2169/2169 2144/2144/2144
f 2144/2144/2144 2169/2169/2169 2145/2145/2145
f 2169/2169/2169 2170/2170/2170 2145/2145/2145
f 2195/2195/2195 2196/2196/2196 2171/2171/2171
f 2196/2196/2196 2197/2197/2197 2172/2172/2172
f 2197/2197/2197 2198/2198/2198 2173/2173/2173
f 2198/2198/2198 2199/2199/2199 2174/2174/2174
f 2199/2199/2199 2200/2200/2200 2175/2175/2175
f 2200/2200/2200 2201/2201/2201 2176/2176/2176
f 2201/2201/2201 2202/2202/2202 2177/2177/2177
f 2202/2202/2202 2203/2203/2203 2178/2178/2178
f 2203/2203/2203 2204/2204/2204 2179/2179/2179
f 2204/2204/2204 2205/2205/2205 2180/2180/2180
f 2205/2205/2205 2206/2206/2206 2181/2181/2181
f 2206/2206/2206 2207/2207/2207 2182/2182/2182
f 2207/2207/2207 2208/2208/2208 2183/2183/2183
f 2208/2208/2208 2209/2209/2209 2184/2184/2184
f 2209/2209/2209 2210/2210/2210 2185/2185/2185
f 2210/2210/2210 2211/2211/2211 2186/2186/2186
f 2211/2211/2211 2212/2212/2212 2187/2187/2187
f 2212/2212/2212 2213/2213/2213 2188/2188/2188
f 2213/2213/2213 2214/2214/2214 2189/2189/2189
f 2214/2214/2214 2215/2215/2215 2190/2190/2190
f 2215/2215/2215 2216/2216/2216 2191/2191/2191
f 2216/2216/2216 2217/2217/2217 2192/2192/2192
f 2217/2217/2217 2218/2218/2218 2193/2193/2193
f 2218/2218/2218 2219/2219/2219 2194/2194/2194
f 2245/2245/2245 2244/2244/2244 2220/2220/2220
f 2246/2246/2246 2245/2245/2245 2221/2221/2221
f 2247/2247/2247 2246/2246/2246 2222/2222/2222
f 2248/2248/2248 2247/2247/2247 2223/2223/2223
f 2249/2249/2249 2248/2248/2248 2224/2224/2224
f 2250/2250/2250 2249/2249/2249 2225/2225/2225
f 2251/2251/2251 2250/2250/2250 2226/2226/2226
f 2252/2252/2252 2251/2251/2251 2227/2227/2227
f 2253/2253/2253 2252/2252/2252 2228/2228/2228
f 2254/2254/2254 2253/2253/2253 2229/2229/2229
f 2255/2255/2255 2254/2254/2254 2230/2230/2230
f 2256/2256/2256 2255/2255/2255 2231/2231/2231
f 2257/2257/2257 2256/2256/2256 2232/2232/2232
f 2258/2258/2258 2257/2257/2257 2233/2233/2233
f 2259/2259/2259 2258/2258/2258 2234/2234/2234
f 2260/2260/2260 2259/2259/2259 2235/2235/2235
f 2261/2261/2261 2260/2260/2260 2236/2236/2236
f 2262/2262/2262 2261/2261/2261 2237/2237/2237
f 2263/2263/2263 2262/2262/2262 2238/2238/2238
f 2264/2264/2264 2263/2263/2263 2239/2239/2239
f 2265/2265/2265 2264/2264/2264 2240/2240/2240
f 2266/2266/2266 2265/2265/2265 2241/2241/2241
f 2267/2267/2267 2266/2266/2266 2242/2242/2242
f 2268/2268/2268 2267/2267/2267 2243/2243/2243
o wheel_rear_r_hub
usemtl body_dark
v -0.6099999999999999 0.3689999997615815 -0.6949999934434891
v -0.579002641737461 0.3751657575368882 -0.6949999934434891
v -0.5527243508398532 0.39272435083985335 -0.6949999934434891
v -0.535165757536888 0.41900264173746116 -0.6949999934434891
v -0.5289999997615813 0.45000000000000007 -0.6949999934434891
v -0.535165757536888 0.480997358262539 -0.6949999934434891
v -0.5527243508398532 0.5072756491601468 -0.6949999934434891
v -0.579002641737461 0.5248342424631119 -0.6949999934434891
v -0.6099999999999999 0.5310000002384186 -0.6949999934434891
v -0.6409973582625388 0.5248342424631119 -0.6949999934434891
v -0.6672756491601466 0.5072756491601468 -0.6949999934434891
v -0.6848342424631118 0.480997358262539 -0.6949999934434891
v -0.6910000002384185 0.45000000000000007 -0.6949999934434891
v -0.6848342424631118 0.41900264173746116 -0.6949999934434891
v -0.6672756491601466 0.39272435083985335 -0.6949999934434891
v -0.6409973582625388 0.3751657575368882 -0.6949999934434891
v -0.6099999999999999 0.3689999997615815 -0.6949999934434891
v -0.6099999999999999 0.3689999997615814 -1.0250000065565108
v -0.579002641737461 0.3751657575368881 -1.0250000065565108
v -0.5527243508398532 0.39272435083985324 -1.0250000065565108
v -0.535165757536888 0.41900264173746105 -1.0250000065565108
v -0.5289999997615813 0.44999999999999996 -1.0250000065565108
v -0.535165757536888 0.48099735826253887 -1.0250000065565108
v -0.5527243508398532 0.5072756491601467 -1.0250000065565108
v -0.579002641737461 0.5248342424631118 -1.025000006556511
v -0.6099999999999999 0.5310000002384185 -1.025000006556511
v -0.6409973582625388 0.5248342424631118 -1.025000006556511
v -0.6672756491601466 0.5072756491601467 -1.0250000065565108
v -0.6848342424631118 0.48099735826253887 -1.0250000065565108
v -0.6910000002384185 0.45 -1.0250000065565108
v -0.6848342424631118 0.41900264173746105 -1.0250000065565108
v -0.6672756491601466 0.39272435083985324 -1.0250000065565108
v -0.6409973582625388 0.3751657575368881 -1.0250000065565108
v -0.6099999999999999 0.3689999997615814 -1.0250000065565108
v -0.6099999999999999 0.45000000000000007 -0.6949999934434891
v -0.6099999999999999 0.45000000000000007 -0.6949999934434891
v -0.6099999999999999 0.45000000000000007 -0.6949999934434891
v -0.6099999999999999 0.45000000000000007 -0.6949999934434891
v -0.6099999999999999 0.45000000000000007 -0.6949999934434891
v -0.6099999999999999 0.45000000000000007 -0.6949999934434891
v -0.6099999999999999 0.45000000000000007 -0.6949999934434891
v -0.6099999999999999 0.45000000000000007 -0.6949999934434891
v -0.6099999999999999 0.45000000000000007 -0.6949999934434891
v -0.6099999999999999 0.45000000000000007 -0.6949999934434891
v -0.6099999999999999 0.45000000000000007 -0.6949999934434891
v -0.6099999999999999 0.45000000000000007 -0.6949999934434891
v -0.6099999999999999 0.45000000000000007 -0.6949999934434891
v -0.6099999999999999 0.45000000000000007 -0.6949999934434891
v -0.6099999999999999 0.45000000000000007 -0.6949999934434891
v -0.6099999999999999 0.45000000000000007 -0.6949999934434891
v -0.6099999999999999 0.3689999997615815 -0.6949999934434891
v -0.579002641737461 0.3751657575368882 -0.6949999934434891
v -0.5527243508398532 0.39272435083985335 -0.6949999934434891
v -0.535165757536888 0.41900264173746116 -0.6949999934434891
v -0.5289999997615813 0.45000000000000007 -0.6949999934434891
v -0.535165757536888 0.480997358262539 -0.6949999934434891
v -0.5527243508398532 0.5072756491601468 -0.6949999934434891
v -0.579002641737461 0.5248342424631119 -0.6949999934434891
v -0.6099999999999999 0.5310000002384186 -0.6949999934434891
v -0.6409973582625388 0.5248342424631119 -0.6949999934434891
v -0.6672756491601466 0.5072756491601468 -0.6949999934434891
v -0.6848342424631118 0.480997358262539 -0.6949999934434891
v -0.6910000002384185 0.45000000000000007 -0.6949999934434891
v -0.6848342424631118 0.41900264173746116 -0.6949999934434891
v -0.6672756491601466 0.39272435083985335 -0.6949999934434891
v -0.6409973582625388 0.3751657575368882 -0.6949999934434891
v -0.6099999999999999 0.3689999997615815 -0.6949999934434891
v -0.6099999999999999 0.44999999999999996 -1.0250000065565108
v -0.6099999999999999 0.44999999999999996 -1.0250000065565108
v -0.6099999999999999 0.44999999999999996 -1.0250000065565108
v -0.6099999999999999 0.44999999999999996 -1.0250000065565108
v -0.6099999999999999 0.44999999999999996 -1.0250000065565108
v -0.6099999999999999 0.44999999999999996 -1.0250000065565108
v -0.6099999999999999 0.44999999999999996 -1.0250000065565108
v -0.6099999999999999 0.44999999999999996 -1.0250000065565108
v -0.6099999999999999 0.44999999999999996 -1.0250000065565108
v -0.6099999999999999 0.44999999999999996 -1.0250000065565108
v -0.6099999999999999 0.44999999999999996 -1.0250000065565108
v -0.6099999999999999 0.44999999999999996 -1.0250000065565108
v -0.6099999999999999 0.44999999999999996 -1.0250000065565108
v -0.6099999999999999 0.44999999999999996 -1.0250000065565108
v -0.6099999999999999 0.44999999999999996 -1.0250000065565108
v -0.6099999999999999 0.44999999999999996 -1.0250000065565108
v -0.6099999999999999 0.3689999997615814 -1.0250000065565108
v -0.579002641737461 0.3751657575368881 -1.0250000065565108
v -0.5527243508398532 0.39272435083985324 -1.0250000065565108
v -0.535165757536888 0.41900264173746105 -1.0250000065565108
v -0.5289999997615813 0.44999999999999996 -1.0250000065565108
v -0.535165757536888 0.48099735826253887 -1.0250000065565108
v -0.5527243508398532 0.5072756491601467 -1.0250000065565108
v -0.579002641737461 0.5248342424631118 -1.025000006556511
v -0.6099999999999999 0.5310000002384185 -1.025000006556511
v -0.6409973582625388 0.5248342424631118 -1.025000006556511
v -0.6672756491601466 0.5072756491601467 -1.0250000065565108
v -0.6848342424631118 0.48099735826253887 -1.0250000065565108
v -0.6910000002384185 0.45 -1.0250000065565108
v -0.6848342424631118 0.41900264173746105 -1.0250000065565108
v -0.6672756491601466 0.39272435083985324 -1.0250000065565108
v -0.6409973582625388 0.3751657575368881 -1.0250000065565108
v -0.6099999999999999 0.3689999997615814 -1.0250000065565108
vt 0 1
vt 0.0625 1
vt 0.125 1
vt 0.1875 1
vt 0.25 1
vt 0.3125 1
vt 0.375 1
vt 0.4375 1
vt 0.5 1
vt 0.5625 1
vt 0.625 1
vt 0.6875 1
vt 0.75 1
vt 0.8125 1
vt 0.875 1
vt 0.9375 1
vt 1 1
vt 0 0
vt 0.0625 0
vt 0.125 0
vt 0.1875 0
vt 0.25 0
vt 0.3125 0
vt 0.375 0
vt 0.4375 0
vt 0.5 0
vt 0.5625 0
vt 0.625 0
vt 0.6875 0
vt 0.75 0
vt 0.8125 0
vt 0.875 0
vt 0.9375 0
vt 1 0
vt 0.5 0.5
vt 0.5 0.5
vt 0.5 0.5
vt 0.5 0.5
vt 0.5 0.5
vt 0.5 0.5
vt 0.5 0.5
vt 0.5 0.5
vt 0.5 0.5
vt 0.5 0.5
vt 0.5 0.5
vt 0.5 0.5
vt 0.5 0.5
vt 0.5 0.5
vt 0.5 0.5
vt 0.5 0.5
vt 1 0.5
vt 0.9619397521018982 0.6913416981697083
vt 0.8535534143447876 0.8535534143447876
vt 0.6913416981697083 0.9619397521018982
vt 0.5 1
vt 0.30865827202796936 0.9619397521018982
vt 0.1464466154575348 0.8535534143447876
vt 0.03806023299694061 0.6913416981697083
vt 0 0.5
vt 0.03806023299694061 0.30865827202796936
vt 0.1464466154575348 0.1464466154575348
vt 0.30865827202796936 0.03806023299694061
vt 0.5 0
vt 0.6913416981697083 0.03806023299694061
vt 0.8535534143447876 0.1464466154575348
vt 0.9619397521018982 0.30865827202796936
vt 1 0.5
vt 0.5 0.5
vt 0.5 0.5
vt 0.5 0.5
vt 0.5 0.5
vt 0.5 0.5
vt 0.5 0.5
vt 0.5 0.5
vt 0.5 0.5
vt 0.5 0.5
vt 0.5 0.5
vt 0.5 0.5
vt 0.5 0.5
vt 0.5 0.5
vt 0.5 0.5
vt 0.5 0.5
vt 0.5 0.5
vt 1 0.5
vt 0.9619397521018982 0.30865827202796936
vt 0.8535534143447876 0.1464466154575348
vt 0.6913416981697083 0.03806023299694061
vt 0.5 0
vt 0.30865827202796936 0.03806023299694061
vt 0.1464466154575348 0.1464466154575348
vt 0.03806023299694061 0.30865827202796936
vt 0 0.5
vt 0.03806023299694061 0.6913416981697083
vt 0.1464466154575348 0.8535534143447876
vt 0.30865827202796936 0.9619397521018982
vt 0.5 1
vt 0.6913416981697083 0.9619397521018982
vt 0.8535534143447876 0.8535534143447876
vt 0.9619397521018982 0.6913416981697083
vt 1 0.5
vn 0 -1 2.220446049250313e-16
vn 0.3826834370613369 -0.9238795305660377 2.0514246536285922e-16
vn 0.7071067811865476 -0.7071067811865476 1.5700924586837752e-16
vn 0.9238795305660377 -0.3826834370613369 8.497279259363763e-17
vn 1 -6.123234262925839e-17 1.3596311327747833e-32
vn 0.9238795305660377 0.3826834370613369 -8.497279259363763e-17
vn 0.7071067811865476 0.7071067811865476 -1.5700924586837752e-16
vn 0.3826834370613369 0.9238795305660377 -2.0514246536285922e-16
vn 1.2246468525851679e-16 1 -2.220446049250313e-16
vn -0.3826834370613369 0.9238795305660377 -2.0514246536285922e-16
vn -0.7071067811865476 0.7071067811865476 -1.5700924586837752e-16
vn -0.9238795305660377 0.3826834370613369 -8.497279259363763e-17
vn -1 1.8369701465288538e-16 -4.078893104450762e-32
vn -0.9238795305660377 -0.3826834370613369 8.497279259363763e-17
vn -0.7071067811865476 -0.7071067811865476 1.5700924586837752e-16
vn -0.3826834370613369 -0.9238795305660377 2.0514246536285922e-16
vn -2.4492937051703357e-16 -1 2.220446049250313e-16
vn 0 -1 2.220446049250313e-16
vn 0.3826834370613369 -0.9238795305660377 2.0514246536285922e-16
vn 0.7071067811865476 -0.7071067811865476 1.5700924586837752e-16
vn 0.9238795305660377 -0.3826834370613369 8.497279259363763e-17
vn 1 -6.123234262925839e-17 1.3596311327747833e-32
vn 0.9238795305660377 0.3826834370613369 -8.497279259363763e-17
vn 0.7071067811865476 0.7071067811865476 -1.5700924586837752e-16
vn 0.3826834370613369 0.9238795305660377 -2.0514246536285922e-16
vn 1.2246468525851679e-16 1 -2.220446049250313e-16
vn -0.3826834370613369 0.9238795305660377 -2.0514246536285922e-16
vn -0.7071067811865476 0.7071067811865476 -1.5700924586837752e-16
vn -0.9238795305660377 0.3826834370613369 -8.497279259363763e-17
vn -1 1.8369701465288538e-16 -4.078893104450762e-32
vn -0.9238795305660377 -0.3826834370613369 8.497279259363763e-17
vn -0.7071067811865476 -0.7071067811865476 1.5700924586837752e-16
vn -0.3826834370613369 -0.9238795305660377 2.0514246536285922e-16
vn -2.4492937051703357e-16 -1 2.220446049250313e-16
vn 0 2.220446049250313e-16 1
vn 0 2.220446049250313e-16 1
vn 0 2.220446049250313e-16 1
vn 0 2.220446049250313e-16 1
vn 0 2.220446049250313e-16 1
vn 0 2.220446049250313e-16 1
vn 0 2.220446049250313e-16 1
vn 0 2.220446049250313e-16 1
vn 0 2.220446049250313e-16 1
vn 0 2.220446049250313e-16 1
vn 0 2.220446049250313e-16 1
vn 0 2.220446049250313e-16 1
vn 0 2.220446049250313e-16 1
vn 0 2.220446049250313e-16 1
vn 0 2.220446049250313e-16 1
vn 0 2.220446049250313e-16 1
vn 0 2.220446049250313e-16 1
vn 0 2.220446049250313e-16 1
vn 0 2.220446049250313e-16 1
vn 0 2.220446049250313e-16 1
vn 0 2.220446049250313e-16 1
vn 0 2.220446049250313e-16 1
vn 0 2.220446049250313e-16 1
vn 0 2.220446049250313e-16 1
vn 0 2.220446049250313e-16 1
vn 0 2.220446049250313e-16 1
vn 0 2.220446049250313e-16 1
vn 0 2.220446049250313e-16 1
vn 0 2.220446049250313e-16 1
vn 0 2.220446049250313e-16 1
vn 0 2.220446049250313e-16 1
vn 0 2.220446049250313e-16 1
vn 0 2.220446049250313e-16 1
vn 0 -2.220446049250313e-16 -1
vn 0 -2.220446049250313e-16 -1
vn 0 -2.220446049250313e-16 -1
vn 0 -2.220446049250313e-16 -1
vn 0 -2.220446049250313e-16 -1
vn 0 -2.220446049250313e-16 -1
vn 0 -2.220446049250313e-16 -1
vn 0 -2.220446049250313e-16 -1
vn 0 -2.220446049250313e-16 -1
vn 0 -2.220446049250313e-16 -1
vn 0 -2.220446049250313e-16 -1
vn 0 -2.220446049250313e-16 -1
vn 0 -2.220446049250313e-16 -1
vn 0 -2.220446049250313e-16 -1
vn 0 -2.220446049250313e-16 -1
vn 0 -2.220446049250313e-16 -1
vn 0 -2.220446049250313e-16 -1
vn 0 -2.220446049250313e-16 -1
vn 0 -2.220446049250313e-16 -1
vn 0 -2.220446049250313e-16 -1
vn 0 -2.220446049250313e-16 -1
vn 0 -2.220446049250313e-16 -1
vn 0 -2.220446049250313e-16 -1
vn 0 -2.220446049250313e-16 -1
vn 0 -2.220446049250313e-16 -1
vn 0 -2.220446049250313e-16 -1
vn 0 -2.220446049250313e-16 -1
vn 0 -2.220446049250313e-16 -1
vn 0 -2.220446049250313e-16 -1
vn 0 -2.220446049250313e-16 -1
vn 0 -2.220446049250313e-16 -1
vn 0 -2.220446049250313e-16 -1
vn 0 -2.220446049250313e-16 -1
f 2269/2269/2269 2286/2286/2286 2270/2270/2270
f 2286/2286/2286 2287/2287/2287 2270/2270/2270
f 2270/2270/2270 2287/2287/2287 2271/2271/2271
f 2287/2287/2287 2288/2288/2288 2271/2271/2271
f 2271/2271/2271 2288/2288/2288 2272/2272/2272
f 2288/2288/2288 2289/2289/2289 2272/2272/2272
f 2272/2272/2272 2289/2289/2289 2273/2273/2273
f 2289/2289/2289 2290/2290/2290 2273/2273/2273
f 2273/2273/2273 2290/2290/2290 2274/2274/2274
f 2290/2290/2290 2291/2291/2291 2274/2274/2274
f 2274/2274/2274 2291/2291/2291 2275/2275/2275
f 2291/2291/2291 2292/2292/2292 2275/2275/2275
f 2275/2275/2275 2292/2292/2292 2276/2276/2276
f 2292/2292/2292 2293/2293/2293 2276/2276/2276
f 2276/2276/2276 2293/2293/2293 2277/2277/2277
f 2293/2293/2293 2294/2294/2294 2277/2277/2277
f 2277/2277/2277 2294/2294/2294 2278/2278/2278
f 2294/2294/2294 2295/2295/2295 2278/2278/2278
f 2278/2278/2278 2295/2295/2295 2279/2279/2279
f 2295/2295/2295 2296/2296/2296 2279/2279/2279
f 2279/2279/2279 2296/2296/2296 2280/2280/2280
f 2296/2296/2296 2297/2297/2297 2280/2280/2280
f 2280/2280/2280 2297/2297/2297 2281/2281/2281
f 2297/2297/2297 2298/2298/2298 2281/2281/2281
f 2281/2281/2281 2298/2298/2298 2282/2282/2282
f 2298/2298/2298 2299/2299/2299 2282/2282/2282
f 2282/2282/2282 2299/2299/2299 2283/2283/2283
f 2299/2299/2299 2300/2300/2300 2283/2283/2283
f 2283/2283/2283 2300/2300/2300 2284/2284/2284
f 2300/2300/2300 2301/2301/2301 2284/2284/2284
f 2284/2284/2284 2301/2301/2301 2285/2285/2285
f 2301/2301/2301 2302/2302/2302 2285/2285/2285
f 2319/2319/2319 2320/2320/2320 2303/2303/2303
f 2320/2320/2320 2321/2321/2321 2304/2304/2304
f 2321/2321/2321 2322/2322/2322 2305/2305/2305
f 2322/2322/2322 2323/2323/2323 2306/2306/2306
f 2323/2323/2323 2324/2324/2324 2307/2307/2307
f 2324/2324/2324 2325/2325/2325 2308/2308/2308
f 2325/2325/2325 2326/2326/2326 2309/2309/2309
f 2326/2326/2326 2327/2327/2327 2310/2310/2310
f 2327/2327/2327 2328/2328/2328 2311/2311/2311
f 2328/2328/2328 2329/2329/2329 2312/2312/2312
f 2329/2329/2329 2330/2330/2330 2313/2313/2313
f 2330/2330/2330 2331/2331/2331 2314/2314/2314
f 2331/2331/2331 2332/2332/2332 2315/2315/2315
f 2332/2332/2332 2333/2333/2333 2316/2316/2316
f 2333/2333/2333 2334/2334/2334 2317/2317/2317
f 2334/2334/2334 2335/2335/2335 2318/2318/2318
f 2353/2353/2353 2352/2352/2352 2336/2336/2336
f 2354/2354/2354 2353/2353/2353 2337/2337/2337
f 2355/2355/2355 2354/2354/2354 2338/2338/2338
f 2356/2356/2356 2355/2355/2355 2339/2339/2339
f 2357/2357/2357 2356/2356/2356 2340/2340/2340
f 2358/2358/2358 2357/2357/2357 2341/2341/2341
f 2359/2359/2359 2358/2358/2358 2342/2342/2342
f 2360/2360/2360 2359/2359/2359 2343/2343/2343
f 2361/2361/2361 2360/2360/2360 2344/2344/2344
f 2362/2362/2362 2361/2361/2361 2345/2345/2345
f 2363/2363/2363 2362/2362/2362 2346/2346/2346
f 2364/2364/2364 2363/2363/2363 2347/2347/2347
f 2365/2365/2365 2364/2364/2364 2348/2348/2348
f 2366/2366/2366 2365/2365/2365 2349/2349/2349
f 2367/2367/2367 2366/2366/2366 2350/2350/2350
f 2368/2368/2368 2367/2367/2367 2351/2351/2351
o fender_front_l
usemtl body_dark
v 3.569999989271164 0.45 1.049999997615814
v 3.5658935272693633 0.5126525729894639 1.049999997615814
v 3.5536443853378294 0.5742331415414811 1.049999997615814
v 3.533462163209915 0.6336880445480347 1.049999997615814
v 3.505692180395126 0.689999994635582 1.049999997615814
v 3.4708096051216124 0.7422054827213288 1.049999997615814
v 3.4294112586975096 0.7894112586975098 1.049999997615814
v 3.3822054827213286 0.8308096051216126 1.049999997615814
v 3.329999994635582 0.8656921803951264 1.049999997615814
v 3.2736880445480345 0.8934621632099152 1.049999997615814
v 3.214233141541481 0.9136443853378297 1.049999997615814
v 3.1526525729894637 0.9258935272693635 1.049999997615814
v 3.09 0.929999989271164 1.049999997615814
v 3.027347427010536 0.9258935272693635 1.049999997615814
v 2.965766858458519 0.9136443853378297 1.049999997615814
v 2.906311955451965 0.8934621632099152 1.049999997615814
v 2.850000005364418 0.8656921803951264 1.049999997615814
v 2.797794517278671 0.8308096051216126 1.049999997615814
v 2.75058874130249 0.7894112586975098 1.049999997615814
v 2.7091903948783873 0.7422054827213288 1.049999997615814
v 2.6743078196048735 0.689999994635582 1.049999997615814
v 2.6465378367900847 0.6336880445480347 1.049999997615814
v 2.6263556146621703 0.5742331415414811 1.049999997615814
v 2.6141064727306365 0.5126525729894639 1.049999997615814
v 2.610000010728836 0.4500000000000001 1.049999997615814
v 3.569999989271164 0.44999999999999996 0.6700000023841858
v 3.5658935272693633 0.5126525729894638 0.6700000023841858
v 3.5536443853378294 0.574233141541481 0.6700000023841858
v 3.533462163209915 0.6336880445480346 0.6700000023841858
v 3.505692180395126 0.6899999946355819 0.6700000023841857
v 3.4708096051216124 0.7422054827213287 0.6700000023841857
v 3.4294112586975096 0.7894112586975097 0.6700000023841857
v 3.3822054827213286 0.8308096051216125 0.6700000023841857
v 3.329999994635582 0.8656921803951263 0.6700000023841857
v 3.2736880445480345 0.8934621632099151 0.6700000023841857
v 3.214233141541481 0.9136443853378295 0.6700000023841857
v 3.1526525729894637 0.9258935272693634 0.6700000023841857
v 3.09 0.9299999892711639 0.6700000023841857
v 3.027347427010536 0.9258935272693634 0.6700000023841857
v 2.965766858458519 0.9136443853378295 0.6700000023841857
v 2.906311955451965 0.8934621632099151 0.6700000023841857
v 2.850000005364418 0.8656921803951263 0.6700000023841857
v 2.797794517278671 0.8308096051216125 0.6700000023841857
v 2.75058874130249 0.7894112586975097 0.6700000023841857
v 2.7091903948783873 0.7422054827213287 0.6700000023841857
v 2.6743078196048735 0.6899999946355819 0.6700000023841857
v 2.6465378367900847 0.6336880445480346 0.6700000023841858
v 2.6263556146621703 0.574233141541481 0.6700000023841858
v 2.6141064727306365 0.5126525729894638 0.6700000023841858
v 2.610000010728836 0.45000000000000007 0.6700000023841858
vt 0 1
vt 0.0416666679084301 1
vt 0.0833333358168602 1
vt 0.125 1
vt 0.1666666716337204 1
vt 0.2083333283662796 1
vt 0.25 1
vt 0.2916666567325592 1
vt 0.3333333432674408 1
vt 0.375 1
vt 0.4166666567325592 1
vt 0.4583333432674408 1
vt 0.5 1
vt 0.5416666865348816 1
vt 0.5833333134651184 1
vt 0.625 1
vt 0.6666666865348816 1
vt 0.7083333134651184 1
vt 0.75 1
vt 0.7916666865348816 1
vt 0.8333333134651184 1
vt 0.875 1
vt 0.9166666865348816 1
vt 0.9583333134651184 1
vt 1 1
vt 0 0
vt 0.0416666679084301 0
vt 0.0833333358168602 0
vt 0.125 0
vt 0.1666666716337204 0
vt 0.2083333283662796 0
vt 0.25 0
vt 0.2916666567325592 0
vt 0.3333333432674408 0
vt 0.375 0
vt 0.4166666567325592 0
vt 0.4583333432674408 0
vt 0.5 0
vt 0.5416666865348816 0
vt 0.5833333134651184 0
vt 0.625 0
vt 0.6666666865348816 0
vt 0.7083333134651184 0
vt 0.75 0
vt 0.7916666865348816 0
vt 0.8333333134651184 0
vt 0.875 0
vt 0.9166666865348816 0
vt 0.9583333134651184 0
vt 1 0
vn 1 -6.123234262925839e-17 1.3596311327747833e-32
vn 0.9914448627185043 0.13052618200608704 -2.8982634515914327e-17
vn 0.9659258257467466 0.2588190471264927 -5.746937306627513e-17
vn 0.9238795305660377 0.3826834370613369 -8.497279259363763e-17
vn 0.8660253998985324 0.5000000067305869 -1.1102230395700616e-16
vn 0.7933533320874723 0.6087614397000725 -1.3517219337179586e-16
vn 0.7071067811865476 0.7071067811865476 -1.5700924586837752e-16
vn 0.6087614397000725 0.7933533320874723 -1.7615982718931994e-16
vn 0.5000000067305869 0.8660253998985324 -1.9229626777551189e-16
vn 0.3826834370613369 0.9238795305660377 -2.0514246536285922e-16
vn 0.2588190471264927 0.9659258257467466 -2.1447861836482098e-16
vn 0.13052618200608704 0.9914448627185043 -2.2014498284728219e-16
vn 1.2246468525851679e-16 1 -2.220446049250313e-16
vn -0.13052618200608704 0.9914448627185043 -2.2014498284728219e-16
vn -0.2588190471264927 0.9659258257467466 -2.1447861836482098e-16
vn -0.3826834370613369 0.9238795305660377 -2.0514246536285922e-16
vn -0.5000000067305869 0.8660253998985324 -1.9229626777551189e-16
vn -0.6087614397000725 0.7933533320874723 -1.7615982718931994e-16
vn -0.7071067811865476 0.7071067811865476 -1.5700924586837752e-16
vn -0.7933533320874723 0.6087614397000725 -1.3517219337179586e-16
vn -0.8660253998985324 0.5000000067305869 -1.1102230395700616e-16
vn -0.9238795305660377 0.3826834370613369 -8.497279259363763e-17
vn -0.9659258257467466 0.2588190471264927 -5.746937306627513e-17
vn -0.9914448627185043 0.13052618200608704 -2.8982634515914327e-17
vn -1 1.8369701465288538e-16 -4.078893104450762e-32
vn 1 -6.123234262925839e-17 1.3596311327747833e-32
vn 0.9914448627185043 0.13052618200608704 -2.8982634515914327e-17
vn 0.9659258257467466 0.2588190471264927 -5.746937306627513e-17
vn 0.9238795305660377 0.3826834370613369 -8.497279259363763e-17
vn 0.8660253998985324 0.5000000067305869 -1.1102230395700616e-16
vn 0.7933533320874723 0.6087614397000725 -1.3517219337179586e-16
vn 0.7071067811865476 0.7071067811865476 -1.5700924586837752e-16
vn 0.6087614397000725 0.7933533320874723 -1.7615982718931994e-16
vn 0.5000000067305869 0.8660253998985324 -1.9229626777551189e-16
vn 0.3826834370613369 0.9238795305660377 -2.0514246536285922e-16
vn 0.2588190471264927 0.9659258257467466 -2.1447861836482098e-16
vn 0.13052618200608704 0.9914448627185043 -2.2014498284728219e-16
vn 1.2246468525851679e-16 1 -2.220446049250313e-16
vn -0.13052618200608704 0.9914448627185043 -2.2014498284728219e-16
vn -0.2588190471264927 0.9659258257467466 -2.1447861836482098e-16
vn -0.3826834370613369 0.9238795305660377 -2.0514246536285922e-16
vn -0.5000000067305869 0.8660253998985324 -1.9229626777551189e-16
vn -0.6087614397000725 0.7933533320874723 -1.7615982718931994e-16
vn -0.7071067811865476 0.7071067811865476 -1.5700924586837752e-16
vn -0.7933533320874723 0.6087614397000725 -1.3517219337179586e-16
vn -0.8660253998985324 0.5000000067305869 -1.1102230395700616e-16
vn -0.9238795305660377 0.3826834370613369 -8.497279259363763e-17
vn -0.9659258257467466 0.2588190471264927 -5.746937306627513e-17
vn -0.9914448627185043 0.13052618200608704 -2.8982634515914327e-17
vn -1 1.8369701465288538e-16 -4.078893104450762e-32
f 2369/2369/2369 2394/2394/2394 2370/2370/2370
f 2394/2394/2394 2395/2395/2395 2370/2370/2370
f 2370/2370/2370 2395/2395/2395 2371/2371/2371
f 2395/2395/2395 2396/2396/2396 2371/2371/2371
f 2371/2371/2371 2396/2396/2396 2372/2372/2372
f 2396/2396/2396 2397/2397/2397 2372/2372/2372
f 2372/2372/2372 2397/2397/2397 2373/2373/2373
f 2397/2397/2397 2398/2398/2398 2373/2373/2373
f 2373/2373/2373 2398/2398/2398 2374/2374/2374
f 2398/2398/2398 2399/2399/2399 2374/2374/2374
f 2374/2374/2374 2399/2399/2399 2375/2375/2375
f 2399/2399/2399 2400/2400/2400 2375/2375/2375
f 2375/2375/2375 2400/2400/2400 2376/2376/2376
f 2400/2400/2400 2401/2401/2401 2376/2376/2376
f 2376/2376/2376 2401/2401/2401 2377/2377/2377
f 2401/2401/2401 2402/2402/2402 2377/2377/2377
f 2377/2377/2377 2402/2402/2402 2378/2378/2378
f 2402/2402/2402 2403/2403/2403 2378/2378/2378
f 2378/2378/2378 2403/2403/2403 2379/2379/2379
f 2403/2403/2403 2404/2404/2404 2379/2379/2379
f 2379/2379/2379 2404/2404/2404 2380/2380/2380
f 2404/2404/2404 2405/2405/2405 2380/2380/2380
f 2380/2380/2380 2405/2405/2405 2381/2381/2381
f 2405/2405/2405 2406/2406/2406 2381/2381/2381
f 2381/2381/2381 2406/2406/2406 2382/2382/2382
f 2406/2406/2406 2407/2407/2407 2382/2382/2382
f 2382/2382/2382 2407/2407/2407 2383/2383/2383
f 2407/2407/2407 2408/2408/2408 2383/2383/2383
f 2383/2383/2383 2408/2408/2408 2384/2384/2384
f 2408/2408/2408 2409/2409/2409 2384/2384/2384
f 2384/2384/2384 2409/2409/2409 2385/2385/2385
f 2409/2409/2409 2410/2410/2410 2385/2385/2385
f 2385/2385/2385 2410/2410/2410 2386/2386/2386
f 2410/2410/2410 2411/2411/2411 2386/2386/2386
f 2386/2386/2386 2411/2411/2411 2387/2387/2387
f 2411/2411/2411 2412/2412/2412 2387/2387/2387
f 2387/2387/2387 2412/2412/2412 2388/2388/2388
f 2412/2412/2412 2413/2413/2413 2388/2388/2388
f 2388/2388/2388 2413/2413/2413 2389/2389/2389
f 2413/2413/2413 2414/2414/2414 2389/2389/2389
f 2389/2389/2389 2414/2414/2414 2390/2390/2390
f 2414/2414/2414 2415/2415/2415 2390/2390/2390
f 2390/2390/2390 2415/2415/2415 2391/2391/2391
f 2415/2415/2415 2416/2416/2416 2391/2391/2391
f 2391/2391/2391 2416/2416/2416 2392/2392/2392
f 2416/2416/2416 2417/2417/2417 2392/2392/2392
f 2392/2392/2392 2417/2417/2417 2393/2393/2393
f 2417/2417/2417 2418/2418/2418 2393/2393/2393
o fender_front_r
usemtl body_dark
v 3.569999989271164 0.45 -0.6700000023841858
v 3.5658935272693633 0.5126525729894639 -0.6700000023841858
v 3.5536443853378294 0.5742331415414811 -0.6700000023841858
v 3.533462163209915 0.6336880445480347 -0.6700000023841858
v 3.505692180395126 0.689999994635582 -0.6700000023841859
v 3.4708096051216124 0.7422054827213288 -0.6700000023841859
v 3.4294112586975096 0.7894112586975098 -0.6700000023841859
v 3.3822054827213286 0.8308096051216126 -0.6700000023841859
v 3.329999994635582 0.8656921803951264 -0.6700000023841859
v 3.2736880445480345 0.8934621632099152 -0.6700000023841859
v 3.214233141541481 0.9136443853378297 -0.6700000023841859
v 3.1526525729894637 0.9258935272693635 -0.6700000023841859
v 3.09 0.929999989271164 -0.6700000023841859
v 3.027347427010536 0.9258935272693635 -0.6700000023841859
v 2.965766858458519 0.9136443853378297 -0.6700000023841859
v 2.906311955451965 0.8934621632099152 -0.6700000023841859
v 2.850000005364418 0.8656921803951264 -0.6700000023841859
v 2.797794517278671 0.8308096051216126 -0.6700000023841859
v 2.75058874130249 0.7894112586975098 -0.6700000023841859
v 2.7091903948783873 0.7422054827213288 -0.6700000023841859
v 2.6743078196048735 0.689999994635582 -0.6700000023841859
v 2.6465378367900847 0.6336880445480347 -0.6700000023841858
v 2.6263556146621703 0.5742331415414811 -0.6700000023841858
v 2.6141064727306365 0.5126525729894639 -0.6700000023841858
v 2.610000010728836 0.4500000000000001 -0.6700000023841858
v 3.569999989271164 0.44999999999999996 -1.049999997615814
v 3.5658935272693633 0.5126525729894638 -1.0499999976158143
v 3.5536443853378294 0.574233141541481 -1.0499999976158143
v 3.533462163209915 0.6336880445480346 -1.0499999976158143
v 3.505692180395126 0.6899999946355819 -1.0499999976158143
v 3.4708096051216124 0.7422054827213287 -1.0499999976158143
v 3.4294112586975096 0.7894112586975097 -1.0499999976158143
v 3.3822054827213286 0.8308096051216125 -1.0499999976158143
v 3.329999994635582 0.8656921803951263 -1.0499999976158143
v 3.2736880445480345 0.8934621632099151 -1.0499999976158143
v 3.214233141541481 0.9136443853378295 -1.0499999976158143
v 3.1526525729894637 0.9258935272693634 -1.0499999976158143
v 3.09 0.9299999892711639 -1.0499999976158143
v 3.027347427010536 0.9258935272693634 -1.0499999976158143
v 2.965766858458519 0.9136443853378295 -1.0499999976158143
v 2.906311955451965 0.8934621632099151 -1.0499999976158143
v 2.850000005364418 0.8656921803951263 -1.0499999976158143
v 2.797794517278671 0.8308096051216125 -1.0499999976158143
v 2.75058874130249 0.7894112586975097 -1.0499999976158143
v 2.7091903948783873 0.7422054827213287 -1.0499999976158143
v 2.6743078196048735 0.6899999946355819 -1.0499999976158143
v 2.6465378367900847 0.6336880445480346 -1.0499999976158143
v 2.6263556146621703 0.574233141541481 -1.0499999976158143
v 2.6141064727306365 0.5126525729894638 -1.0499999976158143
v 2.610000010728836 0.45000000000000007 -1.049999997615814
vt 0 1
vt 0.0416666679084301 1
vt 0.0833333358168602 1
vt 0.125 1
vt 0.1666666716337204 1
vt 0.2083333283662796 1
vt 0.25 1
vt 0.2916666567325592 1
vt 0.3333333432674408 1
vt 0.375 1
vt 0.4166666567325592 1
vt 0.4583333432674408 1
vt 0.5 1
vt 0.5416666865348816 1
vt 0.5833333134651184 1
vt 0.625 1
vt 0.6666666865348816 1
vt 0.7083333134651184 1
vt 0.75 1
vt 0.7916666865348816 1
vt 0.8333333134651184 1
vt 0.875 1
vt 0.9166666865348816 1
vt 0.9583333134651184 1
vt 1 1
vt 0 0
vt 0.0416666679084301 0
vt 0.0833333358168602 0
vt 0.125 0
vt 0.1666666716337204 0
vt 0.2083333283662796 0
vt 0.25 0
vt 0.2916666567325592 0
vt 0.3333333432674408 0
vt 0.375 0
vt 0.4166666567325592 0
vt 0.4583333432674408 0
vt 0.5 0
vt 0.5416666865348816 0
vt 0.5833333134651184 0
vt 0.625 0
vt 0.6666666865348816 0
vt 0.7083333134651184 0
vt 0.75 0
vt 0.7916666865348816 0
vt 0.8333333134651184 0
vt 0.875 0
vt 0.9166666865348816 0
vt 0.9583333134651184 0
vt 1 0
vn 1 -6.123234262925839e-17 1.3596311327747833e-32
vn 0.9914448627185043 0.13052618200608704 -2.8982634515914327e-17
vn 0.9659258257467466 0.2588190471264927 -5.746937306627513e-17
vn 0.9238795305660377 0.3826834370613369 -8.497279259363763e-17
vn 0.8660253998985324 0.5000000067305869 -1.1102230395700616e-16
vn 0.7933533320874723 0.6087614397000725 -1.3517219337179586e-16
vn 0.7071067811865476 0.7071067811865476 -1.5700924586837752e-16
vn 0.6087614397000725 0.7933533320874723 -1.7615982718931994e-16
vn 0.5000000067305869 0.8660253998985324 -1.9229626777551189e-16
vn 0.3826834370613369 0.9238795305660377 -2.0514246536285922e-16
vn 0.2588190471264927 0.9659258257467466 -2.1447861836482098e-16
vn 0.13052618200608704 0.9914448627185043 -2.2014498284728219e-16
vn 1.2246468525851679e-16 1 -2.220446049250313e-16
vn -0.13052618200608704 0.9914448627185043 -2.2014498284728219e-16
vn -0.2588190471264927 0.9659258257467466 -2.1447861836482098e-16
vn -0.3826834370613369 0.9238795305660377 -2.0514246536285922e-16
vn -0.5000000067305869 0.8660253998985324 -1.9229626777551189e-16
vn -0.6087614397000725 0.7933533320874723 -1.7615982718931994e-16
vn -0.7071067811865476 0.7071067811865476 -1.5700924586837752e-16
vn -0.7933533320874723 0.6087614397000725 -1.3517219337179586e-16
vn -0.8660253998985324 0.5000000067305869 -1.1102230395700616e-16
vn -0.9238795305660377 0.3826834370613369 -8.497279259363763e-17
vn -0.9659258257467466 0.2588190471264927 -5.746937306627513e-17
vn -0.9914448627185043 0.13052618200608704 -2.8982634515914327e-17
vn -1 1.8369701465288538e-16 -4.078893104450762e-32
vn 1 -6.123234262925839e-17 1.3596311327747833e-32
vn 0.9914448627185043 0.13052618200608704 -2.8982634515914327e-17
vn 0.9659258257467466 0.2588190471264927 -5.746937306627513e-17
vn 0.9238795305660377 0.3826834370613369 -8.497279259363763e-17
vn 0.8660253998985324 0.5000000067305869 -1.1102230395700616e-16
vn 0.7933533320874723 0.6087614397000725 -1.3517219337179586e-16
vn 0.7071067811865476 0.7071067811865476 -1.5700924586837752e-16
vn 0.6087614397000725 0.7933533320874723 -1.7615982718931994e-16
vn 0.5000000067305869 0.8660253998985324 -1.9229626777551189e-16
vn 0.3826834370613369 0.9238795305660377 -2.0514246536285922e-16
vn 0.2588190471264927 0.9659258257467466 -2.1447861836482098e-16
vn 0.13052618200608704 0.9914448627185043 -2.2014498284728219e-16
vn 1.2246468525851679e-16 1 -2.220446049250313e-16
vn -0.13052618200608704 0.9914448627185043 -2.2014498284728219e-16
vn -0.2588190471264927 0.9659258257467466 -2.1447861836482098e-16
vn -0.3826834370613369 0.9238795305660377 -2.0514246536285922e-16
vn -0.5000000067305869 0.8660253998985324 -1.9229626777551189e-16
vn -0.6087614397000725 0.7933533320874723 -1.7615982718931994e-16
vn -0.7071067811865476 0.7071067811865476 -1.5700924586837752e-16
vn -0.7933533320874723 0.6087614397000725 -1.3517219337179586e-16
vn -0.8660253998985324 0.5000000067305869 -1.1102230395700616e-16
vn -0.9238795305660377 0.3826834370613369 -8.497279259363763e-17
vn -0.9659258257467466 0.2588190471264927 -5.746937306627513e-17
vn -0.9914448627185043 0.13052618200608704 -2.8982634515914327e-17
vn -1 1.8369701465288538e-16 -4.078893104450762e-32
f 2419/2419/2419 2444/2444/2444 2420/2420/2420
f 2444/2444/2444 2445/2445/2445 2420/2420/2420
f 2420/2420/2420 2445/2445/2445 2421/2421/2421
f 2445/2445/2445 2446/2446/2446 2421/2421/2421
f 2421/2421/2421 2446/2446/2446 2422/2422/2422
f 2446/2446/2446 2447/2447/2447 2422/2422/2422
f 2422/2422/2422 2447/2447/2447 2423/2423/2423
f 2447/2447/2447 2448/2448/2448 2423/2423/2423
f 2423/2423/2423 2448/2448/2448 2424/2424/2424
f 2448/2448/2448 2449/2449/2449 2424/2424/2424
f 2424/2424/2424 2449/2449/2449 2425/2425/2425
f 2449/2449/2449 2450/2450/2450 2425/2425/2425
f 2425/2425/2425 2450/2450/2450 2426/2426/2426
f 2450/2450/2450 2451/2451/2451 2426/2426/2426
f 2426/2426/2426 2451/2451/2451 2427/2427/2427
f 2451/2451/2451 2452/2452/2452 2427/2427/2427
f 2427/2427/2427 2452/2452/2452 2428/2428/2428
f 2452/2452/2452 2453/2453/2453 2428/2428/2428
f 2428/2428/2428 2453/2453/2453 2429/2429/2429
f 2453/2453/2453 2454/2454/2454 2429/2429/2429
f 2429/2429/2429 2454/2454/2454 2430/2430/2430
f 2454/2454/2454 2455/2455/2455 2430/2430/2430
f 2430/2430/2430 2455/2455/2455 2431/2431/2431
f 2455/2455/2455 2456/2456/2456 2431/2431/2431
f 2431/2431/2431 2456/2456/2456 2432/2432/2432
f 2456/2456/2456 2457/2457/2457 2432/2432/2432
f 2432/2432/2432 2457/2457/2457 2433/2433/2433
f 2457/2457/2457 2458/2458/2458 2433/2433/2433
f 2433/2433/2433 2458/2458/2458 2434/2434/2434
f 2458/2458/2458 2459/2459/2459 2434/2434/2434
f 2434/2434/2434 2459/2459/2459 2435/2435/2435
f 2459/2459/2459 2460/2460/2460 2435/2435/2435
f 2435/2435/2435 2460/2460/2460 2436/2436/2436
f 2460/2460/2460 2461/2461/2461 2436/2436/2436
f 2436/2436/2436 2461/2461/2461 2437/2437/2437
f 2461/2461/2461 2462/2462/2462 2437/2437/2437
f 2437/2437/2437 2462/2462/2462 2438/2438/2438
f 2462/2462/2462 2463/2463/2463 2438/2438/2438
f 2438/2438/2438 2463/2463/2463 2439/2439/2439
f 2463/2463/2463 2464/2464/2464 2439/2439/2439
f 2439/2439/2439 2464/2464/2464 2440/2440/2440
f 2464/2464/2464 2465/2465/2465 2440/2440/2440
f 2440/2440/2440 2465/2465/2465 2441/2441/2441
f 2465/2465/2465 2466/2466/2466 2441/2441/2441
f 2441/2441/2441 2466/2466/2466 2442/2442/2442
f 2466/2466/2466 2467/2467/2467 2442/2442/2442
f 2442/2442/2442 2467/2467/2467 2443/2443/2443
f 2467/2467/2467 2468/2468/2468 2443/2443/2443
o fender_rear_l
usemtl body_dark
v -0.13000001072883594 0.45 1.049999997615814
v -0.13410647273063647 0.5126525729894639 1.049999997615814
v -0.14635561466217029 0.5742331415414811 1.049999997615814
v -0.16653783679008471 0.6336880445480347 1.049999997615814
v -0.19430781960487353 0.689999994635582 1.049999997615814
v -0.22919039487838733 0.7422054827213288 1.049999997615814
v -0.2705887413024901 0.7894112586975098 1.049999997615814
v -0.31779451727867114 0.8308096051216126 1.049999997615814
v -0.3700000053644179 0.8656921803951264 1.049999997615814
v -0.4263119554519652 0.8934621632099152 1.049999997615814
v -0.48576685845851886 0.9136443853378297 1.049999997615814
v -0.5473474270105361 0.9258935272693635 1.049999997615814
v -0.6099999999999998 0.929999989271164 1.049999997615814
v -0.6726525729894637 0.9258935272693635 1.049999997615814
v -0.7342331415414809 0.9136443853378297 1.049999997615814
v -0.7936880445480345 0.8934621632099152 1.049999997615814
v -0.8499999946355818 0.8656921803951264 1.049999997615814
v -0.9022054827213286 0.8308096051216126 1.049999997615814
v -0.9494112586975096 0.7894112586975098 1.049999997615814
v -0.9908096051216124 0.7422054827213288 1.049999997615814
v -1.0256921803951262 0.689999994635582 1.049999997615814
v -1.053462163209915 0.6336880445480347 1.049999997615814
v -1.0736443853378295 0.5742331415414811 1.049999997615814
v -1.0858935272693633 0.5126525729894639 1.049999997615814
v -1.0899999892711638 0.4500000000000001 1.049999997615814
v -0.13000001072883594 0.44999999999999996 0.6700000023841858
v -0.13410647273063647 0.5126525729894638 0.6700000023841858
v -0.14635561466217029 0.574233141541481 0.6700000023841858
v -0.16653783679008471 0.6336880445480346 0.6700000023841858
v -0.19430781960487353 0.6899999946355819 0.6700000023841857
v -0.22919039487838733 0.7422054827213287 0.6700000023841857
v -0.2705887413024901 0.7894112586975097 0.6700000023841857
v -0.31779451727867114 0.8308096051216125 0.6700000023841857
v -0.3700000053644179 0.8656921803951263 0.6700000023841857
v -0.4263119554519652 0.8934621632099151 0.6700000023841857
v -0.48576685845851886 0.9136443853378295 0.6700000023841857
v -0.5473474270105361 0.9258935272693634 0.6700000023841857
v -0.6099999999999998 0.9299999892711639 0.6700000023841857
v -0.6726525729894637 0.9258935272693634 0.6700000023841857
v -0.7342331415414809 0.9136443853378295 0.6700000023841857
v -0.7936880445480345 0.8934621632099151 0.6700000023841857
v -0.8499999946355818 0.8656921803951263 0.6700000023841857
v -0.9022054827213286 0.8308096051216125 0.6700000023841857
v -0.9494112586975096 0.7894112586975097 0.6700000023841857
v -0.9908096051216124 0.7422054827213287 0.6700000023841857
v -1.0256921803951262 0.6899999946355819 0.6700000023841857
v -1.053462163209915 0.6336880445480346 0.6700000023841858
v -1.0736443853378295 0.574233141541481 0.6700000023841858
v -1.0858935272693633 0.5126525729894638 0.6700000023841858
v -1.0899999892711638 0.45000000000000007 0.6700000023841858
vt 0 1
vt 0.0416666679084301 1
vt 0.0833333358168602 1
vt 0.125 1
vt 0.1666666716337204 1
vt 0.2083333283662796 1
vt 0.25 1
vt 0.2916666567325592 1
vt 0.3333333432674408 1
vt 0.375 1
vt 0.4166666567325592 1
vt 0.4583333432674408 1
vt 0.5 1
vt 0.5416666865348816 1
vt 0.5833333134651184 1
vt 0.625 1
vt 0.6666666865348816 1
vt 0.7083333134651184 1
vt 0.75 1
vt 0.7916666865348816 1
vt 0.8333333134651184 1
vt 0.875 1
vt 0.9166666865348816 1
vt 0.9583333134651184 1
vt 1 1
vt 0 0
vt 0.0416666679084301 0
vt 0.0833333358168602 0
vt 0.125 0
vt 0.1666666716337204 0
vt 0.2083333283662796 0
vt 0.25 0
vt 0.2916666567325592 0
vt 0.3333333432674408 0
vt 0.375 0
vt 0.4166666567325592 0
vt 0.4583333432674408 0
vt 0.5 0
vt 0.5416666865348816 0
vt 0.5833333134651184 0
vt 0.625 0
vt 0.6666666865348816 0
vt 0.7083333134651184 0
vt 0.75 0
vt 0.7916666865348816 0
vt 0.8333333134651184 0
vt 0.875 0
vt 0.9166666865348816 0
vt 0.9583333134651184 0
vt 1 0
vn 1 -6.123234262925839e-17 1.3596311327747833e-32
vn 0.9914448627185043 0.13052618200608704 -2.8982634515914327e-17
vn 0.9659258257467466 0.2588190471264927 -5.746937306627513e-17
vn 0.9238795305660377 0.3826834370613369 -8.497279259363763e-17
vn 0.8660253998985324 0.5000000067305869 -1.1102230395700616e-16
vn 0.7933533320874723 0.6087614397000725 -1.3517219337179586e-16
vn 0.7071067811865476 0.7071067811865476 -1.5700924586837752e-16
vn 0.6087614397000725 0.7933533320874723 -1.7615982718931994e-16
vn 0.5000000067305869 0.8660253998985324 -1.9229626777551189e-16
vn 0.3826834370613369 0.9238795305660377 -2.0514246536285922e-16
vn 0.2588190471264927 0.9659258257467466 -2.1447861836482098e-16
vn 0.13052618200608704 0.9914448627185043 -2.2014498284728219e-16
vn 1.2246468525851679e-16 1 -2.220446049250313e-16
vn -0.13052618200608704 0.9914448627185043 -2.2014498284728219e-16
vn -0.2588190471264927 0.9659258257467466 -2.1447861836482098e-16
vn -0.3826834370613369 0.9238795305660377 -2.0514246536285922e-16
vn -0.5000000067305869 0.8660253998985324 -1.9229626777551189e-16
vn -0.6087614397000725 0.7933533320874723 -1.7615982718931994e-16
vn -0.7071067811865476 0.7071067811865476 -1.5700924586837752e-16
vn -0.7933533320874723 0.6087614397000725 -1.3517219337179586e-16
vn -0.8660253998985324 0.5000000067305869 -1.1102230395700616e-16
vn -0.9238795305660377 0.3826834370613369 -8.497279259363763e-17
vn -0.9659258257467466 0.2588190471264927 -5.746937306627513e-17
vn -0.9914448627185043 0.13052618200608704 -2.8982634515914327e-17
vn -1 1.8369701465288538e-16 -4.078893104450762e-32
vn 1 -6.123234262925839e-17 1.3596311327747833e-32
vn 0.9914448627185043 0.13052618200608704 -2.8982634515914327e-17
vn 0.9659258257467466 0.2588190471264927 -5.746937306627513e-17
vn 0.9238795305660377 0.3826834370613369 -8.497279259363763e-17
vn 0.8660253998985324 0.5000000067305869 -1.1102230395700616e-16
vn 0.7933533320874723 0.6087614397000725 -1.3517219337179586e-16
vn 0.7071067811865476 0.7071067811865476 -1.5700924586837752e-16
vn 0.6087614397000725 0.7933533320874723 -1.7615982718931994e-16
vn 0.5000000067305869 0.8660253998985324 -1.9229626777551189e-16
vn 0.3826834370613369 0.9238795305660377 -2.0514246536285922e-16
vn 0.2588190471264927 0.9659258257467466 -2.1447861836482098e-16
vn 0.13052618200608704 0.9914448627185043 -2.2014498284728219e-16
vn 1.2246468525851679e-16 1 -2.220446049250313e-16
vn -0.13052618200608704 0.9914448627185043 -2.2014498284728219e-16
vn -0.2588190471264927 0.9659258257467466 -2.1447861836482098e-16
vn -0.3826834370613369 0.9238795305660377 -2.0514246536285922e-16
vn -0.5000000067305869 0.8660253998985324 -1.9229626777551189e-16
vn -0.6087614397000725 0.7933533320874723 -1.7615982718931994e-16
vn -0.7071067811865476 0.7071067811865476 -1.5700924586837752e-16
vn -0.7933533320874723 0.6087614397000725 -1.3517219337179586e-16
vn -0.8660253998985324 0.5000000067305869 -1.1102230395700616e-16
vn -0.9238795305660377 0.3826834370613369 -8.497279259363763e-17
vn -0.9659258257467466 0.2588190471264927 -5.746937306627513e-17
vn -0.9914448627185043 0.13052618200608704 -2.8982634515914327e-17
vn -1 1.8369701465288538e-16 -4.078893104450762e-32
f 2469/2469/2469 2494/2494/2494 2470/2470/2470
f 2494/2494/2494 2495/2495/2495 2470/2470/2470
f 2470/2470/2470 2495/2495/2495 2471/2471/2471
f 2495/2495/2495 2496/2496/2496 2471/2471/2471
f 2471/2471/2471 2496/2496/2496 2472/2472/2472
f 2496/2496/2496 2497/2497/2497 2472/2472/2472
f 2472/2472/2472 2497/2497/2497 2473/2473/2473
f 2497/2497/2497 2498/2498/2498 2473/2473/2473
f 2473/2473/2473 2498/2498/2498 2474/2474/2474
f 2498/2498/2498 2499/2499/2499 2474/2474/2474
f 2474/2474/2474 2499/2499/2499 2475/2475/2475
f 2499/2499/2499 2500/2500/2500 2475/2475/2475
f 2475/2475/2475 2500/2500/2500 2476/2476/2476
f 2500/2500/2500 2501/2501/2501 2476/2476/2476
f 2476/2476/2476 2501/2501/2501 2477/2477/2477
f 2501/2501/2501 2502/2502/2502 2477/2477/2477
f 2477/2477/2477 2502/2502/2502 2478/2478/2478
f 2502/2502/2502 2503/2503/2503 2478/2478/2478
f 2478/2478/2478 2503/2503/2503 2479/2479/2479
f 2503/2503/2503 2504/2504/2504 2479/2479/2479
f 2479/2479/2479 2504/2504/2504 2480/2480/2480
f 2504/2504/2504 2505/2505/2505 2480/2480/2480
f 2480/2480/2480 2505/2505/2505 2481/2481/2481
f 2505/2505/2505 2506/2506/2506 2481/2481/2481
f 2481/2481/2481 2506/2506/2506 2482/2482/2482
f 2506/2506/2506 2507/2507/2507 2482/2482/2482
f 2482/2482/2482 2507/2507/2507 2483/2483/2483
f 2507/2507/2507 2508/2508/2508 2483/2483/2483
f 2483/2483/2483 2508/2508/2508 2484/2484/2484
f 2508/2508/2508 2509/2509/2509 2484/2484/2484
f 2484/2484/2484 2509/2509/2509 2485/2485/2485
f 2509/2509/2509 2510/2510/2510 2485/2485/2485
f 2485/2485/2485 2510/2510/2510 2486/2486/2486
f 2510/2510/2510 2511/2511/2511 2486/2486/2486
f 2486/2486/2486 2511/2511/2511 2487/2487/2487
f 2511/2511/2511 2512/2512/2512 2487/2487/2487
f 2487/2487/2487 2512/2512/2512 2488/2488/2488
f 2512/2512/2512 2513/2513/2513 2488/2488/2488
f 2488/2488/2488 2513/2513/2513 2489/2489/2489
f 2513/2513/2513 2514/2514/2514 2489/2489/2489
f 2489/2489/2489 2514/2514/2514 2490/2490/2490
f 2514/2514/2514 2515/2515/2515 2490/2490/2490
f 2490/2490/2490 2515/2515/2515 2491/2491/2491
f 2515/2515/2515 2516/2516/2516 2491/2491/2491
f 2491/2491/2491 2516/2516/2516 2492/2492/2492
f 2516/2516/2516 2517/2517/2517 2492/2492/2492
f 2492/2492/2492 2517/2517/2517 2493/2493/2493
f 2517/2517/2517 2518/2518/2518 2493/2493/2493
o fender_rear_r
usemtl body_dark
v -0.13000001072883594 0.45 -0.6700000023841858
v -0.13410647273063647 0.5126525729894639 -0.6700000023841858
v -0.14635561466217029 0.5742331415414811 -0.6700000023841858
v -0.16653783679008471 0.6336880445480347 -0.6700000023841858
v -0.19430781960487353 0.689999994635582 -0.6700000023841859
v -0.22919039487838733 0.7422054827213288 -0.6700000023841859
v -0.2705887413024901 0.7894112586975098 -0.6700000023841859
v -0.31779451727867114 0.8308096051216126 -0.6700000023841859
v -0.3700000053644179 0.8656921803951264 -0.6700000023841859
v -0.4263119554519652 0.8934621632099152 -0.6700000023841859
v -0.48576685845851886 0.9136443853378297 -0.6700000023841859
v -0.5473474270105361 0.9258935272693635 -0.6700000023841859
v -0.6099999999999998 0.929999989271164 -0.6700000023841859
v -0.6726525729894637 0.9258935272693635 -0.6700000023841859
v -0.7342331415414809 0.9136443853378297 -0.6700000023841859
v -0.7936880445480345 0.8934621632099152 -0.6700000023841859
v -0.8499999946355818 0.8656921803951264 -0.6700000023841859
v -0.9022054827213286 0.8308096051216126 -0.6700000023841859
v -0.9494112586975096 0.7894112586975098 -0.6700000023841859
v -0.9908096051216124 0.7422054827213288 -0.6700000023841859
v -1.0256921803951262 0.689999994635582 -0.6700000023841859
v -1.053462163209915 0.6336880445480347 -0.6700000023841858
v -1.0736443853378295 0.5742331415414811 -0.6700000023841858
v -1.0858935272693633 0.5126525729894639 -0.6700000023841858
v -1.0899999892711638 0.4500000000000001 -0.6700000023841858
v -0.13000001072883594 0.44999999999999996 -1.049999997615814
v -0.13410647273063647 0.5126525729894638 -1.0499999976158143
v -0.14635561466217029 0.574233141541481 -1.0499999976158143
v -0.16653783679008471 0.6336880445480346 -1.0499999976158143
v -0.19430781960487353 0.6899999946355819 -1.0499999976158143
v -0.22919039487838733 0.7422054827213287 -1.0499999976158143
v -0.2705887413024901 0.7894112586975097 -1.0499999976158143
v -0.31779451727867114 0.8308096051216125 -1.0499999976158143
v -0.3700000053644179 0.8656921803951263 -1.0499999976158143
v -0.4263119554519652 0.8934621632099151 -1.0499999976158143
v -0.48576685845851886 0.9136443853378295 -1.0499999976158143
v -0.5473474270105361 0.9258935272693634 -1.0499999976158143
v -0.6099999999999998 0.9299999892711639 -1.0499999976158143
v -0.6726525729894637 0.9258935272693634 -1.0499999976158143
v -0.7342331415414809 0.9136443853378295 -1.0499999976158143
v -0.7936880445480345 0.8934621632099151 -1.0499999976158143
v -0.8499999946355818 0.8656921803951263 -1.0499999976158143
v -0.9022054827213286 0.8308096051216125 -1.0499999976158143
v -0.9494112586975096 0.7894112586975097 -1.0499999976158143
v -0.9908096051216124 0.7422054827213287 -1.0499999976158143
v -1.0256921803951262 0.6899999946355819 -1.0499999976158143
v -1.053462163209915 0.6336880445480346 -1.0499999976158143
v -1.0736443853378295 0.574233141541481 -1.0499999976158143
v -1.0858935272693633 0.5126525729894638 -1.0499999976158143
v -1.0899999892711638 0.45000000000000007 -1.049999997615814
vt 0 1
vt 0.0416666679084301 1
vt 0.0833333358168602 1
vt 0.125 1
vt 0.1666666716337204 1
vt 0.2083333283662796 1
vt 0.25 1
vt 0.2916666567325592 1
vt 0.3333333432674408 1
vt 0.375 1
vt 0.4166666567325592 1
vt 0.4583333432674408 1
vt 0.5 1
vt 0.5416666865348816 1
vt 0.5833333134651184 1
vt 0.625 1
vt 0.6666666865348816 1
vt 0.7083333134651184 1
vt 0.75 1
vt 0.7916666865348816 1
vt 0.8333333134651184 1
vt 0.875 1
vt 0.9166666865348816 1
vt 0.9583333134651184 1
vt 1 1
vt 0 0
vt 0.0416666679084301 0
vt 0.0833333358168602 0
vt 0.125 0
vt 0.1666666716337204 0
vt 0.2083333283662796 0
vt 0.25 0
vt 0.2916666567325592 0
vt 0.3333333432674408 0
vt 0.375 0
vt 0.4166666567325592 0
vt 0.4583333432674408 0
vt 0.5 0
vt 0.5416666865348816 0
vt 0.5833333134651184 0
vt 0.625 0
vt 0.6666666865348816 0
vt 0.7083333134651184 0
vt 0.75 0
vt 0.7916666865348816 0
vt 0.8333333134651184 0
vt 0.875 0
vt 0.9166666865348816 0
vt 0.9583333134651184 0
vt 1 0
vn 1 -6.123234262925839e-17 1.3596311327747833e-32
vn 0.9914448627185043 0.13052618200608704 -2.8982634515914327e-17
vn 0.9659258257467466 0.2588190471264927 -5.746937306627513e-17
vn 0.9238795305660377 0.3826834370613369 -8.497279259363763e-17
vn 0.8660253998985324 0.5000000067305869 -1.1102230395700616e-16
vn 0.7933533320874723 0.6087614397000725 -1.3517219337179586e-16
vn 0.7071067811865476 0.7071067811865476 -1.5700924586837752e-16
vn 0.6087614397000725 0.7933533320874723 -1.7615982718931994e-16
vn 0.5000000067305869 0.8660253998985324 -1.9229626777551189e-16
vn 0.3826834370613369 0.9238795305660377 -2.0514246536285922e-16
vn 0.2588190471264927 0.9659258257467466 -2.1447861836482098e-16
vn 0.13052618200608704 0.9914448627185043 -2.2014498284728219e-16
vn 1.2246468525851679e-16 1 -2.220446049250313e-16
vn -0.13052618200608704 0.9914448627185043 -2.2014498284728219e-16
vn -0.2588190471264927 0.9659258257467466 -2.1447861836482098e-16
vn -0.3826834370613369 0.9238795305660377 -2.0514246536285922e-16
vn -0.5000000067305869 0.8660253998985324 -1.9229626777551189e-16
vn -0.6087614397000725 0.7933533320874723 -1.7615982718931994e-16
vn -0.7071067811865476 0.7071067811865476 -1.5700924586837752e-16
vn -0.7933533320874723 0.6087614397000725 -1.3517219337179586e-16
vn -0.8660253998985324 0.5000000067305869 -1.1102230395700616e-16
vn -0.9238795305660377 0.3826834370613369 -8.497279259363763e-17
vn -0.9659258257467466 0.2588190471264927 -5.746937306627513e-17
vn -0.9914448627185043 0.13052618200608704 -2.8982634515914327e-17
vn -1 1.8369701465288538e-16 -4.078893104450762e-32
vn 1 -6.123234262925839e-17 1.3596311327747833e-32
vn 0.9914448627185043 0.13052618200608704 -2.8982634515914327e-17
vn 0.9659258257467466 0.2588190471264927 -5.746937306627513e-17
vn 0.9238795305660377 0.3826834370613369 -8.497279259363763e-17
vn 0.8660253998985324 0.5000000067305869 -1.1102230395700616e-16
vn 0.7933533320874723 0.6087614397000725 -1.3517219337179586e-16
vn 0.7071067811865476 0.7071067811865476 -1.5700924586837752e-16
vn 0.6087614397000725 0.7933533320874723 -1.7615982718931994e-16
vn 0.5000000067305869 0.8660253998985324 -1.9229626777551189e-16
vn 0.3826834370613369 0.9238795305660377 -2.0514246536285922e-16
vn 0.2588190471264927 0.9659258257467466 -2.1447861836482098e-16
vn 0.13052618200608704 0.9914448627185043 -2.2014498284728219e-16
vn 1.2246468525851679e-16 1 -2.220446049250313e-16
vn -0.13052618200608704 0.9914448627185043 -2.2014498284728219e-16
vn -0.2588190471264927 0.9659258257467466 -2.1447861836482098e-16
vn -0.3826834370613369 0.9238795305660377 -2.0514246536285922e-16
vn -0.5000000067305869 0.8660253998985324 -1.9229626777551189e-16
vn -0.6087614397000725 0.7933533320874723 -1.7615982718931994e-16
vn -0.7071067811865476 0.7071067811865476 -1.5700924586837752e-16
vn -0.7933533320874723 0.6087614397000725 -1.3517219337179586e-16
vn -0.8660253998985324 0.5000000067305869 -1.1102230395700616e-16
vn -0.9238795305660377 0.3826834370613369 -8.497279259363763e-17
vn -0.9659258257467466 0.2588190471264927 -5.746937306627513e-17
vn -0.9914448627185043 0.13052618200608704 -2.8982634515914327e-17
vn -1 1.8369701465288538e-16 -4.078893104450762e-32
f 2519/2519/2519 2544/2544/2544 2520/2520/2520
f 2544/2544/2544 2545/2545/2545 2520/2520/2520
f 2520/2520/2520 2545/2545/2545 2521/2521/2521
f 2545/2545/2545 2546/2546/2546 2521/2521/2521
f 2521/2521/2521 2546/2546/2546 2522/2522/2522
f 2546/2546/2546 2547/2547/2547 2522/2522/2522
f 2522/2522/2522 2547/2547/2547 2523/2523/2523
f 2547/2547/2547 2548/2548/2548 2523/2523/2523
f 2523/2523/2523 2548/2548/2548 2524/2524/2524
f 2548/2548/2548 2549/2549/2549 2524/2524/2524
f 2524/2524/2524 2549/2549/2549 2525/2525/2525
f 2549/2549/2549 2550/2550/2550 2525/2525/2525
f 2525/2525/2525 2550/2550/2550 2526/2526/2526
f 2550/2550/2550 2551/2551/2551 2526/2526/2526
f 2526/2526/2526 2551/2551/2551 2527/2527/2527
f 2551/2551/2551 2552/2552/2552 2527/2527/2527
f 2527/2527/2527 2552/2552/2552 2528/2528/2528
f 2552/2552/2552 2553/2553/2553 2528/2528/2528
f 2528/2528/2528 2553/2553/2553 2529/2529/2529
f 2553/2553/2553 2554/2554/2554 2529/2529/2529
f 2529/2529/2529 2554/2554/2554 2530/2530/2530
f 2554/2554/2554 2555/2555/2555 2530/2530/2530
f 2530/2530/2530 2555/2555/2555 2531/2531/2531
f 2555/2555/2555 2556/2556/2556 2531/2531/2531
f 2531/2531/2531 2556/2556/2556 2532/2532/2532
f 2556/2556/2556 2557/2557/2557 2532/2532/2532
f 2532/2532/2532 2557/2557/2557 2533/2533/2533
f 2557/2557/2557 2558/2558/2558 2533/2533/2533
f 2533/2533/2533 2558/2558/2558 2534/2534/2534
f 2558/2558/2558 2559/2559/2559 2534/2534/2534
f 2534/2534/2534 2559/2559/2559 2535/2535/2535
f 2559/2559/2559 2560/2560/2560 2535/2535/2535
f 2535/2535/2535 2560/2560/2560 2536/2536/2536
f 2560/2560/2560 2561/2561/2561 2536/2536/2536
f 2536/2536/2536 2561/2561/2561 2537/2537/2537
f 2561/2561/2561 2562/2562/2562 2537/2537/2537
f 2537/2537/2537 2562/2562/2562 2538/2538/2538
f 2562/2562/2562 2563/2563/2563 2538/2538/2538
f 2538/2538/2538 2563/2563/2563 2539/2539/2539
f 2563/2563/2563 2564/2564/2564 2539/2539/2539
f 2539/2539/2539 2564/2564/2564 2540/2540/2540
f 2564/2564/2564 2565/2565/2565 2540/2540/2540
f 2540/2540/2540 2565/2565/2565 2541/2541/2541
f 2565/2565/2565 2566/2566/2566 2541/2541/2541
f 2541/2541/2541 2566/2566/2566 2542/2542/2542
f 2566/2566/2566 2567/2567/2567 2542/2542/2542
f 2542/2542/2542 2567/2567/2567 2543/2543/2543
f 2567/2567/2567 2568/2568/2568 2543/2543/2543
o cab_shell
usemtl body_light
v 1.3899999940395356 0.949999988079071 -1.0499999523162842
v 1.3899999940395356 2.059999942779541 -1.0499999523162842
v 1.7600000286102295 2.1600000858306885 -1.0499999523162842
v 4.440000095367432 1.059999942779541 -1.0499999523162842
v 4.379999914169312 0.949999988079071 -1.0499999523162842
v 1.3899999940395356 0.949999988079071 -1.0499999523162842
v 4.059999980926514 1.5199999809265137 -1.0499999523162842
v 4.379999914169312 1.440000057220459 -1.0499999523162842
v 4.440000095367432 1.059999942779541 -1.0499999523162842
v 1.7600000286102295 2.1600000858306885 -1.0499999523162842
v 3.1199999237060547 2.1600000858306885 -1.0499999523162842
v 3.54 1.559999942779541 -1.0499999523162842
v 4.440000095367432 1.059999942779541 -1.0499999523162842
v 1.3899999940395356 0.949999988079071 -1.0499999523162842
v 1.7600000286102295 2.1600000858306885 -1.0499999523162842
v 3.54 1.559999942779541 -1.0499999523162842
v 4.059999980926514 1.5199999809265137 -1.0499999523162842
v 4.440000095367432 1.059999942779541 -1.0499999523162842
v 4.440000095367432 1.059999942779541 -1.0499999523162842
v 1.7600000286102295 2.1600000858306885 -1.0499999523162842
v 3.54 1.559999942779541 -1.0499999523162842
v 1.7600000286102295 2.1600000858306885 1.0499999523162842
v 1.3899999940395356 2.059999942779541 1.0499999523162842
v 1.3899999940395356 0.949999988079071 1.0499999523162842
v 1.3899999940395356 0.949999988079071 1.0499999523162842
v 4.379999914169312 0.949999988079071 1.0499999523162842
v 4.440000095367432 1.059999942779541 1.0499999523162842
v 4.440000095367432 1.059999942779541 1.0499999523162842
v 4.379999914169312 1.440000057220459 1.0499999523162842
v 4.059999980926514 1.5199999809265137 1.0499999523162842
v 3.54 1.559999942779541 1.0499999523162842
v 3.1199999237060547 2.1600000858306885 1.0499999523162842
v 1.7600000286102295 2.1600000858306885 1.0499999523162842
v 1.7600000286102295 2.1600000858306885 1.0499999523162842
v 1.3899999940395356 0.949999988079071 1.0499999523162842
v 4.440000095367432 1.059999942779541 1.0499999523162842
v 4.440000095367432 1.059999942779541 1.0499999523162842
v 4.059999980926514 1.5199999809265137 1.0499999523162842
v 3.54 1.559999942779541 1.0499999523162842
v 3.54 1.559999942779541 1.0499999523162842
v 1.7600000286102295 2.1600000858306885 1.0499999523162842
v 4.440000095367432 1.059999942779541 1.0499999523162842
v 1.3899999940395356 0.949999988079071 -1.0499999523162842
v 4.379999914169312 0.949999988079071 -1.0499999523162842
v 1.3546446645259858 0.9146446585655212 -1.0353553295135498
v 4.379999914169312 0.949999988079071 -1.0499999523162842
v 4.400988140106201 0.9146446585655212 -1.0353553295135498
v 1.3546446645259858 0.9146446585655212 -1.0353553295135498
v 1.3546446645259858 0.9146446585655212 -1.0353553295135498
v 4.400988140106201 0.9146446585655212 -1.0353553295135498
v 1.340000011920929 0.8999999761581421 -1
v 4.400988140106201 0.9146446585655212 -1.0353553295135498
v 4.4096815967559815 0.8999999761581421 -1
v 1.340000011920929 0.8999999761581421 -1
v 1.340000011920929 0.8999999761581421 -1
v 4.4096815967559815 0.8999999761581421 -1
v 1.340000011920929 0.8999999761581421 1
v 4.4096815967559815 0.8999999761581421 -1
v 4.4096815967559815 0.8999999761581421 1
v 1.340000011920929 0.8999999761581421 1
v 1.340000011920929 0.8999999761581421 1
v 4.4096815967559815 0.8999999761581421 1
v 1.3546446645259858 0.9146446585655212 1.0353553295135498
v 4.4096815967559815 0.8999999761581421 1
v 4.400988140106201 0.9146446585655212 1.0353553295135498
v 1.3546446645259858 0.9146446585655212 1.0353553295135498
v 1.3546446645259858 0.9146446585655212 1.0353553295135498
v 4.400988140106201 0.9146446585655212 1.0353553295135498
v 1.3899999940395356 0.949999988079071 1.0499999523162842
v 4.400988140106201 0.9146446585655212 1.0353553295135498
v 4.379999914169312 0.949999988079071 1.0499999523162842
v 1.3899999940395356 0.949999988079071 1.0499999523162842
v 4.379999914169312 0.949999988079071 -1.0499999523162842
v 4.440000095367432 1.059999942779541 -1.0499999523162842
v 4.400988140106201 0.9146446585655212 -1.0353553295135498
v 4.440000095367432 1.059999942779541 -1.0499999523162842
v 4.476799049377441 1.0536311864852905 -1.0353553295135498
v 4.400988140106201 0.9146446585655212 -1.0353553295135498
v 4.400988140106201 0.9146446585655212 -1.0353553295135498
v 4.476799049377441 1.0536311864852905 -1.0353553295135498
v 4.4096815967559815 0.8999999761581421 -1
v 4.476799049377441 1.0536311864852905 -1.0353553295135498
v 4.4920416259765625 1.0509932041168213 -1
v 4.4096815967559815 0.8999999761581421 -1
v 4.4096815967559815 0.8999999761581421 -1
v 4.4920416259765625 1.0509932041168213 -1
v 4.4096815967559815 0.8999999761581421 1
v 4.4920416259765625 1.0509932041168213 -1
v 4.4920416259765625 1.0509932041168213 1
v 4.4096815967559815 0.8999999761581421 1
v 4.4096815967559815 0.8999999761581421 1
v 4.4920416259765625 1.0509932041168213 1
v 4.400988140106201 0.9146446585655212 1.0353553295135498
v 4.4920416259765625 1.0509932041168213 1
v 4.476799049377441 1.0536311864852905 1.0353553295135498
v 4.400988140106201 0.9146446585655212 1.0353553295135498
v 4.400988140106201 0.9146446585655212 1.0353553295135498
v 4.476799049377441 1.0536311864852905 1.0353553295135498
v 4.379999914169312 0.949999988079071 1.0499999523162842
v 4.476799049377441 1.0536311864852905 1.0353553295135498
v 4.440000095367432 1.059999942779541 1.0499999523162842
v 4.379999914169312 0.949999988079071 1.0499999523162842
v 4.440000095367432 1.059999942779541 -1.0499999523162842
v 4.379999914169312 1.440000057220459 -1.0499999523162842
v 4.476799049377441 1.0536311864852905 -1.0353553295135498
v 4.379999914169312 1.440000057220459 -1.0499999523162842
v 4.411273517608643 1.4686250686645508 -1.0353553295135498
v 4.476799049377441 1.0536311864852905 -1.0353553295135498
v 4.476799049377441 1.0536311864852905 -1.0353553295135498
v 4.411273517608643 1.4686250686645508 -1.0353553295135498
v 4.4920416259765625 1.0509932041168213 -1
v 4.411273517608643 1.4686250686645508 -1.0353553295135498
v 4.424227514266968 1.4804819822311401 -1
v 4.4920416259765625 1.0509932041168213 -1
v 4.4920416259765625 1.0509932041168213 -1
v 4.424227514266968 1.4804819822311401 -1
v 4.4920416259765625 1.0509932041168213 1
v 4.424227514266968 1.4804819822311401 -1
v 4.424227514266968 1.4804819822311401 1
v 4.4920416259765625 1.0509932041168213 1
v 4.4920416259765625 1.0509932041168213 1
v 4.424227514266968 1.4804819822311401 1
v 4.476799049377441 1.0536311864852905 1.0353553295135498
v 4.424227514266968 1.4804819822311401 1
v 4.411273517608643 1.4686250686645508 1.0353553295135498
v 4.476799049377441 1.0536311864852905 1.0353553295135498
v 4.476799049377441 1.0536311864852905 1.0353553295135498
v 4.411273517608643 1.4686250686645508 1.0353553295135498
v 4.440000095367432 1.059999942779541 1.0499999523162842
v 4.411273517608643 1.4686250686645508 1.0353553295135498
v 4.379999914169312 1.440000057220459 1.0499999523162842
v 4.440000095367432 1.059999942779541 1.0499999523162842
v 4.379999914169312 1.440000057220459 -1.0499999523162842
v 4.059999980926514 1.5199999809265137 -1.0499999523162842
v 4.411273517608643 1.4686250686645508 -1.0353553295135498
v 4.059999980926514 1.5199999809265137 -1.0499999523162842
v 4.065683403015137 1.5550225973129272 -1.0353553295135498
v 4.411273517608643 1.4686250686645508 -1.0353553295135498
v 4.411273517608643 1.4686250686645508 -1.0353553295135498
v 4.065683403015137 1.5550225973129272 -1.0353553295135498
v 4.424227514266968 1.4804819822311401 -1
v 4.065683403015137 1.5550225973129272 -1.0353553295135498
v 4.068037548065186 1.569529414176941 -1
v 4.424227514266968 1.4804819822311401 -1
v 4.424227514266968 1.4804819822311401 -1
v 4.068037548065186 1.569529414176941 -1
v 4.424227514266968 1.4804819822311401 1
v 4.068037548065186 1.569529414176941 -1
v 4.068037548065186 1.569529414176941 1
v 4.424227514266968 1.4804819822311401 1
v 4.424227514266968 1.4804819822311401 1
v 4.068037548065186 1.569529414176941 1
v 4.411273517608643 1.4686250686645508 1.0353553295135498
v 4.068037548065186 1.569529414176941 1
v 4.065683403015137 1.5550225973129272 1.0353553295135498
v 4.411273517608643 1.4686250686645508 1.0353553295135498
v 4.411273517608643 1.4686250686645508 1.0353553295135498
v 4.065683403015137 1.5550225973129272 1.0353553295135498
v 4.379999914169312 1.440000057220459 1.0499999523162842
v 4.065683403015137 1.5550225973129272 1.0353553295135498
v 4.059999980926514 1.5199999809265137 1.0499999523162842
v 4.379999914169312 1.440000057220459 1.0499999523162842
v 4.059999980926514 1.5199999809265137 -1.0499999523162842
v 3.54 1.559999942779541 -1.0499999523162842
v 4.065683403015137 1.5550225973129272 -1.0353553295135498
v 3.54 1.559999942779541 -1.0499999523162842
v 3.559378185272217 1.5939691066741943 -1.0353553295135498
v 4.065683403015137 1.5550225973129272 -1.0353553295135498
v 4.065683403015137 1.5550225973129272 -1.0353553295135498
v 3.559378185272217 1.5939691066741943 -1.0353553295135498
v 4.068037548065186 1.569529414176941 -1
v 3.559378185272217 1.5939691066741943 -1.0353553295135498
v 3.567405023574829 1.6080396175384521 -1
v 4.068037548065186 1.569529414176941 -1
v 4.068037548065186 1.569529414176941 -1
v 3.567405023574829 1.6080396175384521 -1
v 4.068037548065186 1.569529414176941 1
v 3.567405023574829 1.6080396175384521 -1
v 3.567405023574829 1.6080396175384521 1
v 4.068037548065186 1.569529414176941 1
v 4.068037548065186 1.569529414176941 1
v 3.567405023574829 1.6080396175384521 1
v 4.065683403015137 1.5550225973129272 1.0353553295135498
v 3.567405023574829 1.6080396175384521 1
v 3.559378185272217 1.5939691066741943 1.0353553295135498
v 4.065683403015137 1.5550225973129272 1.0353553295135498
v 4.065683403015137 1.5550225973129272 1.0353553295135498
v 3.559378185272217 1.5939691066741943 1.0353553295135498
v 4.059999980926514 1.5199999809265137 1.0499999523162842
v 3.559378185272217 1.5939691066741943 1.0353553295135498
v 3.54 1.559999942779541 1.0499999523162842
v 4.059999980926514 1.5199999809265137 1.0499999523162842
v 3.54 1.559999942779541 -1.0499999523162842
v 3.1199999237060547 2.1600000858306885 -1.0499999523162842
v 3.559378185272217 1.5939691066741943 -1.0353553295135498
v 3.1199999237060547 2.1600000858306885 -1.0499999523162842
v 3.1384079837799073 2.1953554153442383 -1.0353553295135498
v 3.559378185272217 1.5939691066741943 -1.0353553295135498
v 3.559378185272217 1.5939691066741943 -1.0353553295135498
v 3.1384079837799073 2.1953554153442383 -1.0353553295135498
v 3.567405023574829 1.6080396175384521 -1
v 3.1384079837799073 2.1953554153442383 -1.0353553295135498
v 3.1460328483581543 2.2100000381469727 -1
v 3.567405023574829 1.6080396175384521 -1
v 3.567405023574829 1.6080396175384521 -1
v 3.1460328483581543 2.2100000381469727 -1
v 3.567405023574829 1.6080396175384521 1
v 3.1460328483581543 2.2100000381469727 -1
v 3.1460328483581543 2.2100000381469727 1
v 3.567405023574829 1.6080396175384521 1
v 3.567405023574829 1.6080396175384521 1
v 3.1460328483581543 2.2100000381469727 1
v 3.559378185272217 1.5939691066741943 1.0353553295135498
v 3.1460328483581543 2.2100000381469727 1
v 3.1384079837799073 2.1953554153442383 1.0353553295135498
v 3.559378185272217 1.5939691066741943 1.0353553295135498
v 3.559378185272217 1.5939691066741943 1.0353553295135498
v 3.1384079837799073 2.1953554153442383 1.0353553295135498
v 3.54 1.559999942779541 1.0499999523162842
v 3.1384079837799073 2.1953554153442383 1.0353553295135498
v 3.1199999237060547 2.1600000858306885 1.0499999523162842
v 3.54 1.559999942779541 1.0499999523162842
v 3.1199999237060547 2.1600000858306885 -1.0499999523162842
v 1.7600000286102295 2.1600000858306885 -1.0499999523162842
v 3.1384079837799073 2.1953554153442383 -1.0353553295135498
v 1.7600000286102295 2.1600000858306885 -1.0499999523162842
v 1.7553064608573914 2.1953554153442383 -1.0353553295135498
v 3.1384079837799073 2.1953554153442383 -1.0353553295135498
v 3.1384079837799073 2.1953554153442383 -1.0353553295135498
v 1.7553064608573914 2.1953554153442383 -1.0353553295135498
v 3.1460328483581543 2.2100000381469727 -1
v 1.7553064608573914 2.1953554153442383 -1.0353553295135498
v 1.7533623361587525 2.2100000381469727 -1
v 3.1460328483581543 2.2100000381469727 -1
v 3.1460328483581543 2.2100000381469727 -1
v 1.7533623361587525 2.2100000381469727 -1
v 3.1460328483581543 2.2100000381469727 1
v 1.7533623361587525 2.2100000381469727 -1
v 1.7533623361587525 2.2100000381469727 1
v 3.1460328483581543 2.2100000381469727 1
v 3.1460328483581543 2.2100000381469727 1
v 1.7533623361587525 2.2100000381469727 1
v 3.1384079837799073 2.1953554153442383 1.0353553295135498
v 1.7533623361587525 2.2100000381469727 1
v 1.7553064608573914 2.1953554153442383 1.0353553295135498
v 3.1384079837799073 2.1953554153442383 1.0353553295135498
v 3.1384079837799073 2.1953554153442383 1.0353553295135498
v 1.7553064608573914 2.1953554153442383 1.0353553295135498
v 3.1199999237060547 2.1600000858306885 1.0499999523162842
v 1.7553064608573914 2.1953554153442383 1.0353553295135498
v 1.7600000286102295 2.1600000858306885 1.0499999523162842
v 3.1199999237060547 2.1600000858306885 1.0499999523162842
v 1.7600000286102295 2.1600000858306885 -1.0499999523162842
v 1.3899999940395356 2.059999942779541 -1.0499999523162842
v 1.7553064608573914 2.1953554153442383 -1.0353553295135498
v 1.3899999940395356 2.059999942779541 -1.0499999523162842
v 1.3546446645259858 2.0870683193206787 -1.0353553295135498
v 1.7553064608573914 2.1953554153442383 -1.0353553295135498
v 1.7553064608573914 2.1953554153442383 -1.0353553295135498
v 1.3546446645259858 2.0870683193206787 -1.0353553295135498
v 1.7533623361587525 2.2100000381469727 -1
v 1.3546446645259858 2.0870683193206787 -1.0353553295135498
v 1.340000011920929 2.098280429840088 -1
v 1.7533623361587525 2.2100000381469727 -1
v 1.7533623361587525 2.2100000381469727 -1
v 1.340000011920929 2.098280429840088 -1
v 1.7533623361587525 2.2100000381469727 1
v 1.340000011920929 2.098280429840088 -1
v 1.340000011920929 2.098280429840088 1
v 1.7533623361587525 2.2100000381469727 1
v 1.7533623361587525 2.2100000381469727 1
v 1.340000011920929 2.098280429840088 1
v 1.7553064608573914 2.1953554153442383 1.0353553295135498
v 1.340000011920929 2.098280429840088 1
v 1.3546446645259858 2.0870683193206787 1.0353553295135498
v 1.7553064608573914 2.1953554153442383 1.0353553295135498
v 1.7553064608573914 2.1953554153442383 1.0353553295135498
v 1.3546446645259858 2.0870683193206787 1.0353553295135498
v 1.7600000286102295 2.1600000858306885 1.0499999523162842
v 1.3546446645259858 2.0870683193206787 1.0353553295135498
v 1.3899999940395356 2.059999942779541 1.0499999523162842
v 1.7600000286102295 2.1600000858306885 1.0499999523162842
v 1.3899999940395356 2.059999942779541 -1.0499999523162842
v 1.3899999940395356 0.949999988079071 -1.0499999523162842
v 1.3546446645259858 2.0870683193206787 -1.0353553295135498
v 1.3899999940395356 0.949999988079071 -1.0499999523162842
v 1.3546446645259858 0.9146446585655212 -1.0353553295135498
v 1.3546446645259858 2.0870683193206787 -1.0353553295135498
v 1.3546446645259858 2.0870683193206787 -1.0353553295135498
v 1.3546446645259858 0.9146446585655212 -1.0353553295135498
v 1.340000011920929 2.098280429840088 -1
v 1.3546446645259858 0.9146446585655212 -1.0353553295135498
v 1.340000011920929 0.8999999761581421 -1
v 1.340000011920929 2.098280429840088 -1
v 1.340000011920929 2.098280429840088 -1
v 1.340000011920929 0.8999999761581421 -1
v 1.340000011920929 2.098280429840088 1
v 1.340000011920929 0.8999999761581421 -1
v 1.340000011920929 0.8999999761581421 1
v 1.340000011920929 2.098280429840088 1
v 1.340000011920929 2.098280429840088 1
v 1.340000011920929 0.8999999761581421 1
v 1.3546446645259858 2.0870683193206787 1.0353553295135498
v 1.340000011920929 0.8999999761581421 1
v 1.3546446645259858 0.9146446585655212 1.0353553295135498
v 1.3546446645259858 2.0870683193206787 1.0353553295135498
v 1.3546446645259858 2.0870683193206787 1.0353553295135498
v 1.3546446645259858 0.9146446585655212 1.0353553295135498
v 1.3899999940395356 2.059999942779541 1.0499999523162842
v 1.3546446645259858 0.9146446585655212 1.0353553295135498
v 1.3899999940395356 0.949999988079071 1.0499999523162842
v 1.3899999940395356 2.059999942779541 1.0499999523162842
vt 0.3499999940395355 0.949999988079071
vt 0.3499999940395355 2.059999942779541
vt 0.7200000286102295 2.1600000858306885
vt 3.4000000953674316 1.059999942779541
vt 3.3399999141693115 0.949999988079071
vt 0.3499999940395355 0.949999988079071
vt 3.0199999809265137 1.5199999809265137
vt 3.3399999141693115 1.440000057220459
vt 3.4000000953674316 1.059999942779541
vt 0.7200000286102295 2.1600000858306885
vt 2.0799999237060547 2.1600000858306885
vt 2.5 1.559999942779541
vt 3.4000000953674316 1.059999942779541
vt 0.3499999940395355 0.949999988079071
vt 0.7200000286102295 2.1600000858306885
vt 2.5 1.559999942779541
vt 3.0199999809265137 1.5199999809265137
vt 3.4000000953674316 1.059999942779541
vt 3.4000000953674316 1.059999942779541
vt 0.7200000286102295 2.1600000858306885
vt 2.5 1.559999942779541
vt 0.7200000286102295 2.1600000858306885
vt 0.3499999940395355 2.059999942779541
vt 0.3499999940395355 0.949999988079071
vt 0.3499999940395355 0.949999988079071
vt 3.3399999141693115 0.949999988079071
vt 3.4000000953674316 1.059999942779541
vt 3.4000000953674316 1.059999942779541
vt 3.3399999141693115 1.440000057220459
vt 3.0199999809265137 1.5199999809265137
vt 2.5 1.559999942779541
vt 2.0799999237060547 2.1600000858306885
vt 0.7200000286102295 2.1600000858306885
vt 0.7200000286102295 2.1600000858306885
vt 0.3499999940395355 0.949999988079071
vt 3.4000000953674316 1.059999942779541
vt 3.4000000953674316 1.059999942779541
vt 3.0199999809265137 1.5199999809265137
vt 2.5 1.559999942779541
vt 2.5 1.559999942779541
vt 0.7200000286102295 2.1600000858306885
vt 3.4000000953674316 1.059999942779541
vt 0.3499999940395355 1.0499999523162842
vt 3.3399999141693115 1.0499999523162842
vt 0.3146446645259857 1.0353553295135498
vt 3.3399999141693115 1.0499999523162842
vt 3.360988140106201 1.0353553295135498
vt 0.3146446645259857 1.0353553295135498
vt 0.3146446645259857 1.0353553295135498
vt 3.360988140106201 1.0353553295135498
vt 0.30000001192092896 1
vt 3.360988140106201 1.0353553295135498
vt 3.3696815967559814 1
vt 0.30000001192092896 1
vt 0.30000001192092896 1
vt 3.3696815967559814 1
vt 0.30000001192092896 -1
vt 3.3696815967559814 1
vt 3.3696815967559814 -1
vt 0.30000001192092896 -1
vt 0.30000001192092896 -1
vt 3.3696815967559814 -1
vt 0.3146446645259857 -1.0353553295135498
vt 3.3696815967559814 -1
vt 3.360988140106201 -1.0353553295135498
vt 0.3146446645259857 -1.0353553295135498
vt 0.3146446645259857 -1.0353553295135498
vt 3.360988140106201 -1.0353553295135498
vt 0.3499999940395355 -1.0499999523162842
vt 3.360988140106201 -1.0353553295135498
vt 3.3399999141693115 -1.0499999523162842
vt 0.3499999940395355 -1.0499999523162842
vt 0.949999988079071 1.0499999523162842
vt 1.059999942779541 1.0499999523162842
vt 0.9146446585655212 1.0353553295135498
vt 1.059999942779541 1.0499999523162842
vt 1.0536311864852905 1.0353553295135498
vt 0.9146446585655212 1.0353553295135498
vt 0.9146446585655212 1.0353553295135498
vt 1.0536311864852905 1.0353553295135498
vt 0.8999999761581421 1
vt 1.0536311864852905 1.0353553295135498
vt 1.0509932041168213 1
vt 0.8999999761581421 1
vt 0.8999999761581421 1
vt 1.0509932041168213 1
vt 0.8999999761581421 -1
vt 1.0509932041168213 1
vt 1.0509932041168213 -1
vt 0.8999999761581421 -1
vt 0.8999999761581421 -1
vt 1.0509932041168213 -1
vt 0.9146446585655212 -1.0353553295135498
vt 1.0509932041168213 -1
vt 1.0536311864852905 -1.0353553295135498
vt 0.9146446585655212 -1.0353553295135498
vt 0.9146446585655212 -1.0353553295135498
vt 1.0536311864852905 -1.0353553295135498
vt 0.949999988079071 -1.0499999523162842
vt 1.0536311864852905 -1.0353553295135498
vt 1.059999942779541 -1.0499999523162842
vt 0.949999988079071 -1.0499999523162842
vt 1.059999942779541 1.0499999523162842
vt 1.440000057220459 1.0499999523162842
vt 1.0536311864852905 1.0353553295135498
vt 1.440000057220459 1.0499999523162842
vt 1.4686250686645508 1.0353553295135498
vt 1.0536311864852905 1.0353553295135498
vt 1.0536311864852905 1.0353553295135498
vt 1.4686250686645508 1.0353553295135498
vt 1.0509932041168213 1
vt 1.4686250686645508 1.0353553295135498
vt 1.4804819822311401 1
vt 1.0509932041168213 1
vt 1.0509932041168213 1
vt 1.4804819822311401 1
vt 1.0509932041168213 -1
vt 1.4804819822311401 1
vt 1.4804819822311401 -1
vt 1.0509932041168213 -1
vt 1.0509932041168213 -1
vt 1.4804819822311401 -1
vt 1.0536311864852905 -1.0353553295135498
vt 1.4804819822311401 -1
vt 1.4686250686645508 -1.0353553295135498
vt 1.0536311864852905 -1.0353553295135498
vt 1.0536311864852905 -1.0353553295135498
vt 1.4686250686645508 -1.0353553295135498
vt 1.059999942779541 -1.0499999523162842
vt 1.4686250686645508 -1.0353553295135498
vt 1.440000057220459 -1.0499999523162842
vt 1.059999942779541 -1.0499999523162842
vt 3.3399999141693115 1.0499999523162842
vt 3.0199999809265137 1.0499999523162842
vt 3.3712735176086426 1.0353553295135498
vt 3.0199999809265137 1.0499999523162842
vt 3.0256834030151367 1.0353553295135498
vt 3.3712735176086426 1.0353553295135498
vt 3.3712735176086426 1.0353553295135498
vt 3.0256834030151367 1.0353553295135498
vt 3.3842275142669678 1
vt 3.0256834030151367 1.0353553295135498
vt 3.0280375480651855 1
vt 3.3842275142669678 1
vt 3.3842275142669678 1
vt 3.0280375480651855 1
vt 3.3842275142669678 -1
vt 3.0280375480651855 1
vt 3.0280375480651855 -1
vt 3.3842275142669678 -1
vt 3.3842275142669678 -1
vt 3.0280375480651855 -1
vt 3.3712735176086426 -1.0353553295135498
vt 3.0280375480651855 -1
vt 3.0256834030151367 -1.0353553295135498
vt 3.3712735176086426 -1.0353553295135498
vt 3.3712735176086426 -1.0353553295135498
vt 3.0256834030151367 -1.0353553295135498
vt 3.3399999141693115 -1.0499999523162842
vt 3.0256834030151367 -1.0353553295135498
vt 3.0199999809265137 -1.0499999523162842
vt 3.3399999141693115 -1.0499999523162842
vt 3.0199999809265137 1.0499999523162842
vt 2.5 1.0499999523162842
vt 3.0256834030151367 1.0353553295135498
vt 2.5 1.0499999523162842
vt 2.519378185272217 1.0353553295135498
vt 3.0256834030151367 1.0353553295135498
vt 3.0256834030151367 1.0353553295135498
vt 2.519378185272217 1.0353553295135498
vt 3.0280375480651855 1
vt 2.519378185272217 1.0353553295135498
vt 2.527405023574829 1
vt 3.0280375480651855 1
vt 3.0280375480651855 1
vt 2.527405023574829 1
vt 3.0280375480651855 -1
vt 2.527405023574829 1
vt 2.527405023574829 -1
vt 3.0280375480651855 -1
vt 3.0280375480651855 -1
vt 2.527405023574829 -1
vt 3.0256834030151367 -1.0353553295135498
vt 2.527405023574829 -1
vt 2.519378185272217 -1.0353553295135498
vt 3.0256834030151367 -1.0353553295135498
vt 3.0256834030151367 -1.0353553295135498
vt 2.519378185272217 -1.0353553295135498
vt 3.0199999809265137 -1.0499999523162842
vt 2.519378185272217 -1.0353553295135498
vt 2.5 -1.0499999523162842
vt 3.0199999809265137 -1.0499999523162842
vt 1.559999942779541 1.0499999523162842
vt 2.1600000858306885 1.0499999523162842
vt 1.5939691066741943 1.0353553295135498
vt 2.1600000858306885 1.0499999523162842
vt 2.1953554153442383 1.0353553295135498
vt 1.5939691066741943 1.0353553295135498
vt 1.5939691066741943 1.0353553295135498
vt 2.1953554153442383 1.0353553295135498
vt 1.6080396175384521 1
vt 2.1953554153442383 1.0353553295135498
vt 2.2100000381469727 1
vt 1.6080396175384521 1
vt 1.6080396175384521 1
vt 2.2100000381469727 1
vt 1.6080396175384521 -1
vt 2.2100000381469727 1
vt 2.2100000381469727 -1
vt 1.6080396175384521 -1
vt 1.6080396175384521 -1
vt 2.2100000381469727 -1
vt 1.5939691066741943 -1.0353553295135498
vt 2.2100000381469727 -1
vt 2.1953554153442383 -1.0353553295135498
vt 1.5939691066741943 -1.0353553295135498
vt 1.5939691066741943 -1.0353553295135498
vt 2.1953554153442383 -1.0353553295135498
vt 1.559999942779541 -1.0499999523162842
vt 2.1953554153442383 -1.0353553295135498
vt 2.1600000858306885 -1.0499999523162842
vt 1.559999942779541 -1.0499999523162842
vt 2.0799999237060547 1.0499999523162842
vt 0.7200000286102295 1.0499999523162842
vt 2.0984079837799072 1.0353553295135498
vt 0.7200000286102295 1.0499999523162842
vt 0.7153064608573914 1.0353553295135498
vt 2.0984079837799072 1.0353553295135498
vt 2.0984079837799072 1.0353553295135498
vt 0.7153064608573914 1.0353553295135498
vt 2.1060328483581543 1
vt 0.7153064608573914 1.0353553295135498
vt 0.7133623361587524 1
vt 2.1060328483581543 1
vt 2.1060328483581543 1
vt 0.7133623361587524 1
vt 2.1060328483581543 -1
vt 0.7133623361587524 1
vt 0.7133623361587524 -1
vt 2.1060328483581543 -1
vt 2.1060328483581543 -1
vt 0.7133623361587524 -1
vt 2.0984079837799072 -1.0353553295135498
vt 0.7133623361587524 -1
vt 0.7153064608573914 -1.0353553295135498
vt 2.0984079837799072 -1.0353553295135498
vt 2.0984079837799072 -1.0353553295135498
vt 0.7153064608573914 -1.0353553295135498
vt 2.0799999237060547 -1.0499999523162842
vt 0.7153064608573914 -1.0353553295135498
vt 0.7200000286102295 -1.0499999523162842
vt 2.0799999237060547 -1.0499999523162842
vt 0.7200000286102295 1.0499999523162842
vt 0.3499999940395355 1.0499999523162842
vt 0.7153064608573914 1.0353553295135498
vt 0.3499999940395355 1.0499999523162842
vt 0.3146446645259857 1.0353553295135498
vt 0.7153064608573914 1.0353553295135498
vt 0.7153064608573914 1.0353553295135498
vt 0.3146446645259857 1.0353553295135498
vt 0.7133623361587524 1
vt 0.3146446645259857 1.0353553295135498
vt 0.30000001192092896 1
vt 0.7133623361587524 1
vt 0.7133623361587524 1
vt 0.30000001192092896 1
vt 0.7133623361587524 -1
vt 0.30000001192092896 1
vt 0.30000001192092896 -1
vt 0.7133623361587524 -1
vt 0.7133623361587524 -1
vt 0.30000001192092896 -1
vt 0.7153064608573914 -1.0353553295135498
vt 0.30000001192092896 -1
vt 0.3146446645259857 -1.0353553295135498
vt 0.7153064608573914 -1.0353553295135498
vt 0.7153064608573914 -1.0353553295135498
vt 0.3146446645259857 -1.0353553295135498
vt 0.7200000286102295 -1.0499999523162842
vt 0.3146446645259857 -1.0353553295135498
vt 0.3499999940395355 -1.0499999523162842
vt 0.7200000286102295 -1.0499999523162842
vt 2.059999942779541 1.0499999523162842
vt 0.949999988079071 1.0499999523162842
vt 2.0870683193206787 1.0353553295135498
vt 0.949999988079071 1.0499999523162842
vt 0.9146446585655212 1.0353553295135498
vt 2.0870683193206787 1.0353553295135498
vt 2.0870683193206787 1.0353553295135498
vt 0.9146446585655212 1.0353553295135498
vt 2.098280429840088 1
vt 0.9146446585655212 1.0353553295135498
vt 0.8999999761581421 1
vt 2.098280429840088 1
vt 2.098280429840088 1
vt 0.8999999761581421 1
vt 2.098280429840088 -1
vt 0.8999999761581421 1
vt 0.8999999761581421 -1
vt 2.098280429840088 -1
vt 2.098280429840088 -1
vt 0.8999999761581421 -1
vt 2.0870683193206787 -1.0353553295135498
vt 0.8999999761581421 -1
vt 0.9146446585655212 -1.0353553295135498
vt 2.0870683193206787 -1.0353553295135498
vt 2.0870683193206787 -1.0353553295135498
vt 0.9146446585655212 -1.0353553295135498
vt 2.059999942779541 -1.0499999523162842
vt 0.9146446585655212 -1.0353553295135498
vt 0.949999988079071 -1.0499999523162842
vt 2.059999942779541 -1.0499999523162842
vn 0 0 -1
vn 0 0 -1
vn 0 0 -1
vn 0 0 -1
vn 0 0 -1
vn 0 0 -1
vn 0 0 -1
vn 0 0 -1
vn 0 0 -1
vn 0 0 -1
vn 0 0 -1
vn 0 0 -1
vn 0 0 -1
vn 0 0 -1
vn 0 0 -1
vn 0 0 -1
vn 0 0 -1
vn 0 0 -1
vn 0 0 -1
vn 0 0 -1
vn 0 0 -1
vn 0 0 1
vn 0 0 1
vn 0 0 1
vn 0 0 1
vn 0 0 1
vn 0 0 1
vn 0 0 1
vn 0 0 1
vn 0 0 1
vn 0 0 1
vn 0 0 1
vn 0 0 1
vn 0 0 1
vn 0 0 1
vn 0 0 1
vn 0 0 1
vn 0 0 1
vn 0 0 1
vn 0 0 1
vn 0 0 1
vn 0 0 1
vn 0 -0.38268348793708296 -0.9238795094926114
vn 0 -0.38268348793708296 -0.9238795094926114
vn 0 -0.38268348793708296 -0.9238795094926114
vn 0 -0.38268351337495476 -0.9238794989558978
vn 0 -0.38268351337495476 -0.9238794989558978
vn 0 -0.38268351337495476 -0.9238794989558978
vn 0 -0.9238793463285476 -0.38268388184967417
vn 0 -0.9238793463285476 -0.38268388184967417
vn 0 -0.9238793463285476 -0.38268388184967417
vn 0 -0.9238793357918249 -0.38268390728753743
vn 0 -0.9238793357918249 -0.38268390728753743
vn 0 -0.9238793357918249 -0.38268390728753743
vn 0 -1 0
vn 0 -1 0
vn 0 -1 0
vn 0 -1 0
vn 0 -1 0
vn 0 -1 0
vn 0 -0.9238793041816535 0.3826839836011218
vn 0 -0.9238793041816535 0.3826839836011218
vn 0 -0.9238793041816535 0.3826839836011218
vn 0 -0.9238793041816535 0.3826839836011218
vn 0 -0.9238793041816535 0.3826839836011218
vn 0 -0.9238793041816535 0.3826839836011218
vn 0 -0.3826826746738422 0.9238798463569138
vn 0 -0.3826826746738422 0.9238798463569138
vn 0 -0.3826826746738422 0.9238798463569138
vn 0 -0.3826826492359515 0.923879856893608
vn 0 -0.3826826492359515 0.923879856893608
vn 0 -0.3826826492359515 0.923879856893608
vn 0.33595470325993737 -0.18324865800060905 -0.9238800607754794
vn 0.33595470325993737 -0.18324865800060905 -0.9238800607754794
vn 0.33595470325993737 -0.18324865800060905 -0.9238800607754794
vn 0.33595609311401264 -0.18324896500402718 -0.9238794944821114
vn 0.33595609311401264 -0.18324896500402718 -0.9238794944821114
vn 0.33595609311401264 -0.18324896500402718 -0.9238794944821114
vn 0.8110701432323522 -0.4424023623085052 -0.3826818163708669
vn 0.8110701432323522 -0.4424023623085052 -0.3826818163708669
vn 0.8110701432323522 -0.4424023623085052 -0.3826818163708669
vn 0.8110701247321546 -0.44240235221747776 -0.38268186724668546
vn 0.8110701247321546 -0.44240235221747776 -0.38268186724668546
vn 0.8110701247321546 -0.44240235221747776 -0.38268186724668546
vn 0.8778953633489229 -0.4788525148837189 0
vn 0.8778953633489229 -0.4788525148837189 0
vn 0.8778953633489229 -0.4788525148837189 0
vn 0.8778953633489229 -0.4788525148837189 0
vn 0.8778953633489229 -0.4788525148837189 0
vn 0.8778953633489229 -0.4788525148837189 0
vn 0.8110701261757038 -0.44240232320254735 0.3826818977301075
vn 0.8110701261757038 -0.44240232320254735 0.3826818977301075
vn 0.8110701261757038 -0.44240232320254735 0.3826818977301075
vn 0.8110700979745111 -0.4424023105293976 0.3826819721516385
vn 0.8110700979745111 -0.4424023105293976 0.3826819721516385
vn 0.8110700979745111 -0.4424023105293976 0.3826819721516385
vn 0.335954307420173 -0.18324799776246198 0.9238803356722562
vn 0.335954307420173 -0.18324799776246198 0.9238803356722562
vn 0.335954307420173 -0.18324799776246198 0.9238803356722562
vn 0.33595526033067646 -0.18324896592131143 0.9238797971299715
vn 0.33595526033067646 -0.18324896592131143 0.9238797971299715
vn 0.33595526033067646 -0.18324896592131143 0.9238797971299715
vn 0.37800035953713074 0.0596844310120463 -0.923879590035719
vn 0.37800035953713074 0.0596844310120463 -0.923879590035719
vn 0.37800035953713074 0.0596844310120463 -0.923879590035719
vn 0.3780003848290343 0.05968444147574396 -0.9238795790116969
vn 0.3780003848290343 0.05968444147574396 -0.9238795790116969
vn 0.3780003848290343 0.05968444147574396 -0.9238795790116969
vn 0.9125742836812911 0.14409106850654782 -0.38268255870919915
vn 0.9125742836812911 0.14409106850654782 -0.38268255870919915
vn 0.9125742836812911 0.14409106850654782 -0.38268255870919915
vn 0.9125734587138341 0.1440907421806215 -0.3826846488545205
vn 0.9125734587138341 0.1440907421806215 -0.3826846488545205
vn 0.9125734587138341 0.1440907421806215 -0.3826846488545205
vn 0.987762932586766 0.1559627808407895 0
vn 0.987762932586766 0.1559627808407895 0
vn 0.987762932586766 0.1559627808407895 0
vn 0.987762932586766 0.1559627808407895 0
vn 0.987762932586766 0.1559627808407895 0
vn 0.987762932586766 0.1559627808407895 0
vn 0.9125742367406866 0.14409087679104202 0.382682742833724
vn 0.9125742367406866 0.14409087679104202 0.382682742833724
vn 0.9125742367406866 0.14409087679104202 0.382682742833724
vn 0.9125733816438784 0.14409093313802915 0.38268476073978747
vn 0.9125733816438784 0.14409093313802915 0.38268476073978747
vn 0.9125733816438784 0.14409093313802915 0.38268476073978747
vn 0.37799954781221107 0.05968430323708649 0.9238799304026836
vn 0.37799954781221107 0.05968430323708649 0.9238799304026836
vn 0.37799954781221107 0.05968430323708649 0.9238799304026836
vn 0.3779995732722235 0.059684306276747014 0.9238799197895149
vn 0.3779995732722235 0.059684306276747014 0.9238799197895149
vn 0.3779995732722235 0.059684306276747014 0.9238799197895149
vn 0.09281437891956687 0.37125781370149286 -0.923879389764358
vn 0.09281437891956687 0.37125781370149286 -0.923879389764358
vn 0.09281437891956687 0.37125781370149286 -0.923879389764358
vn 0.09281431786889267 0.3712572714755707 -0.9238796137890729
vn 0.09281431786889267 0.3712572714755707 -0.9238796137890729
vn 0.09281431786889267 0.3712572714755707 -0.9238796137890729
vn 0.22407360966617962 0.8962944386647185 -0.38268433031660143
vn 0.22407360966617962 0.8962944386647185 -0.38268433031660143
vn 0.22407360966617962 0.8962944386647185 -0.38268433031660143
vn 0.2240735998463337 0.8962949954317722 -0.38268303204592774
vn 0.2240735998463337 0.8962949954317722 -0.38268303204592774
vn 0.2240735998463337 0.8962949954317722 -0.38268303204592774
vn 0.24253547076548532 0.9701425387130307 0
vn 0.24253547076548532 0.9701425387130307 0
vn 0.24253547076548532 0.9701425387130307 0
vn 0.24253547076548532 0.9701425387130307 0
vn 0.24253547076548532 0.9701425387130307 0
vn 0.24253547076548532 0.9701425387130307 0
vn 0.22407346046968282 0.8962944379251944 0.3826844194078216
vn 0.22407346046968282 0.8962944379251944 0.3826844194078216
vn 0.22407346046968282 0.8962944379251944 0.3826844194078216
vn 0.22407372934519612 0.8962949173807845 0.3826831390258898
vn 0.22407372934519612 0.8962949173807845 0.3826831390258898
vn 0.22407372934519612 0.8962949173807845 0.3826831390258898
vn 0.09281424405208547 0.37125697620834186 0.9238797398566972
vn 0.09281424405208547 0.37125697620834186 0.9238797398566972
vn 0.09281424405208547 0.37125697620834186 0.9238797398566972
vn 0.09281404265980582 0.37125643886012333 0.9238799760196361
vn 0.09281404265980582 0.37125643886012333 0.9238799760196361
vn 0.09281404265980582 0.37125643886012333 0.9238799760196361
vn 0.0293504366865823 0.38155605690517336 -0.9238796064992901
vn 0.0293504366865823 0.38155605690517336 -0.9238796064992901
vn 0.0293504366865823 0.38155605690517336 -0.9238796064992901
vn 0.029350441023664894 0.3815561542654484 -0.9238795661523628
vn 0.029350441023664894 0.3815561542654484 -0.9238795661523628
vn 0.029350441023664894 0.3815561542654484 -0.9238795661523628
vn 0.07085825455333264 0.9211584267804064 -0.3826829765394614
vn 0.07085825455333264 0.9211584267804064 -0.3826829765394614
vn 0.07085825455333264 0.9211584267804064 -0.3826829765394614
vn 0.07085831573988997 0.9211579109034712 -0.38268420697810174
vn 0.07085831573988997 0.9211579109034712 -0.38268420697810174
vn 0.07085831573988997 0.9211579109034712 -0.38268420697810174
vn 0.07669651711674651 0.9970544840991192 0
vn 0.07669651711674651 0.9970544840991192 0
vn 0.07669651711674651 0.9970544840991192 0
vn 0.07669651711674651 0.9970544840991192 0
vn 0.07669651711674651 0.9970544840991192 0
vn 0.07669651711674651 0.9970544840991192 0
vn 0.07085835899572616 0.9211583689212177 0.3826830964738767
vn 0.07085835899572616 0.9211583689212177 0.3826830964738767
vn 0.07085835899572616 0.9211583689212177 0.3826830964738767
vn 0.07085821694426357 0.9211578857084394 0.38268428591808856
vn 0.07085821694426357 0.9211578857084394 0.38268428591808856
vn 0.07085821694426357 0.9211578857084394 0.38268428591808856
vn 0.02935036747557466 0.3815552186293585 0.9238799548998513
vn 0.02935036747557466 0.3815552186293585 0.9238799548998513
vn 0.02935036747557466 0.3815552186293585 0.9238799548998513
vn 0.029350382978902002 0.3815553158644954 0.9238799142499728
vn 0.029350382978902002 0.3815553158644954 0.9238799142499728
vn 0.029350382978902002 0.3815553158644954 0.9238799142499728
vn 0.3135070459267255 0.2194549112870825 -0.923879252968848
vn 0.3135070459267255 0.2194549112870825 -0.923879252968848
vn 0.3135070459267255 0.2194549112870825 -0.923879252968848
vn 0.3135059384414808 0.2194540436602148 -0.9238798348719963
vn 0.3135059384414808 0.2194540436602148 -0.9238798348719963
vn 0.3135059384414808 0.2194540436602148 -0.9238798348719963
vn 0.7568710567313662 0.5298094834119798 -0.38268539921073064
vn 0.7568710567313662 0.5298094834119798 -0.38268539921073064
vn 0.7568710567313662 0.5298094834119798 -0.38268539921073064
vn 0.7568716039494996 0.5298099677925686 -0.3826836463223233
vn 0.7568716039494996 0.5298099677925686 -0.3826836463223233
vn 0.7568716039494996 0.5298099677925686 -0.3826836463223233
vn 0.819231987724272 0.5734622483558428 0
vn 0.819231987724272 0.5734622483558428 0
vn 0.819231987724272 0.5734622483558428 0
vn 0.819231987724272 0.5734622483558428 0
vn 0.819231987724272 0.5734622483558428 0
vn 0.819231987724272 0.5734622483558428 0
vn 0.7568709814740048 0.5298095320597277 0.38268548070344804
vn 0.7568709814740048 0.5298095320597277 0.38268548070344804
vn 0.7568709814740048 0.5298095320597277 0.38268548070344804
vn 0.7568716274146461 0.5298098828902842 0.38268371745671204
vn 0.7568716274146461 0.5298098828902842 0.38268371745671204
vn 0.7568716274146461 0.5298098828902842 0.38268371745671204
vn 0.31350643115251764 0.21945439749863174 0.9238795836279339
vn 0.31350643115251764 0.21945439749863174 0.9238795836279339
vn 0.31350643115251764 0.21945439749863174 0.9238795836279339
vn 0.3135051937841372 0.21945359690587804 0.9238801936806759
vn 0.3135051937841372 0.21945359690587804 0.9238801936806759
vn 0.3135051937841372 0.21945359690587804 0.9238801936806759
vn 0 0.38268348793708296 -0.9238795094926114
vn 0 0.38268348793708296 -0.9238795094926114
vn 0 0.38268348793708296 -0.9238795094926114
vn 0 0.38268348793708296 -0.9238795094926114
vn 0 0.38268348793708296 -0.9238795094926114
vn 0 0.38268348793708296 -0.9238795094926114
vn 0 0.9238799077692385 -0.38268252641099665
vn 0 0.9238799077692385 -0.38268252641099665
vn 0 0.9238799077692385 -0.38268252641099665
vn 0 0.9238798972325472 -0.3826825518488899
vn 0 0.9238798972325472 -0.3826825518488899
vn 0 0.9238798972325472 -0.3826825518488899
vn 0 1 0
vn 0 1 0
vn 0 1 0
vn 0 1 0
vn 0 1 0
vn 0 1 0
vn 0 0.923879856893608 0.3826826492359515
vn 0 0.923879856893608 0.3826826492359515
vn 0 0.923879856893608 0.3826826492359515
vn 0 0.923879856893608 0.3826826492359515
vn 0 0.923879856893608 0.3826826492359515
vn 0 0.923879856893608 0.3826826492359515
vn 0 0.3826826492359515 0.923879856893608
vn 0 0.3826826492359515 0.923879856893608
vn 0 0.3826826492359515 0.923879856893608
vn 0 0.3826826492359515 0.923879856893608
vn 0 0.3826826492359515 0.923879856893608
vn 0 0.3826826492359515 0.923879856893608
vn -0.09984569497969739 0.36942855435457417 -0.9238795270063683
vn -0.09984569497969739 0.36942855435457417 -0.9238795270063683
vn -0.09984569497969739 0.36942855435457417 -0.9238795270063683
vn -0.09984563486814092 0.369428433269716 -0.9238795819205341
vn -0.09984563486814092 0.369428433269716 -0.9238795819205341
vn -0.09984563486814092 0.369428433269716 -0.9238795819205341
vn -0.24104885222406736 0.8918797772030127 -0.3826825235854967
vn -0.24104885222406736 0.8918797772030127 -0.3826825235854967
vn -0.24104885222406736 0.8918797772030127 -0.3826825235854967
vn -0.2410485716715322 0.8918792502684453 -0.38268392837393883
vn -0.2410485716715322 0.8918792502684453 -0.38268392837393883
vn -0.2410485716715322 0.8918792502684453 -0.38268392837393883
vn -0.26090916250936097 0.9653633559021514 0
vn -0.26090916250936097 0.9653633559021514 0
vn -0.26090916250936097 0.9653633559021514 0
vn -0.26090916250936097 0.9653633559021514 0
vn -0.26090916250936097 0.9653633559021514 0
vn -0.26090916250936097 0.9653633559021514 0
vn -0.24104869965308007 0.8918797595629432 0.38268266080070273
vn -0.24104869965308007 0.8918797595629432 0.38268266080070273
vn -0.24104869965308007 0.8918797595629432 0.38268266080070273
vn -0.24104869583694752 0.8918791493968065 0.38268408525379727
vn -0.24104869583694752 0.8918791493968065 0.38268408525379727
vn -0.24104869583694752 0.8918791493968065 0.38268408525379727
vn -0.09984546190607758 0.3694277717034044 0.9238798651507778
vn -0.09984546190607758 0.3694277717034044 0.9238798651507778
vn -0.09984546190607758 0.3694277717034044 0.9238798651507778
vn -0.09984542612198227 0.3694275983240513 0.9238799383464517
vn -0.09984542612198227 0.3694275983240513 0.9238799383464517
vn -0.09984542612198227 0.3694275983240513 0.9238799383464517
vn -0.38268351337495476 0 -0.9238794989558978
vn -0.38268351337495476 0 -0.9238794989558978
vn -0.38268351337495476 0 -0.9238794989558978
vn -0.38268348793708296 0 -0.9238795094926114
vn -0.38268348793708296 0 -0.9238795094926114
vn -0.38268348793708296 0 -0.9238795094926114
vn -0.9238796217807934 0 -0.3826832168493649
vn -0.9238796217807934 0 -0.3826832168493649
vn -0.9238796217807934 0 -0.3826832168493649
vn -0.9238796217807934 0 -0.3826832168493649
vn -0.9238796217807934 0 -0.3826832168493649
vn -0.9238796217807934 0 -0.3826832168493649
vn -1 0 0
vn -1 0 0
vn -1 0 0
vn -1 0 0
vn -1 0 0
vn -1 0 0
vn -0.9238795709050677 0 0.38268333967428986
vn -0.9238795709050677 0 0.38268333967428986
vn -0.9238795709050677 0 0.38268333967428986
vn -0.9238795814417777 0 0.38268331423641383
vn -0.9238795814417777 0 0.38268331423641383
vn -0.9238795814417777 0 0.38268331423641383
vn -0.3826826746738422 0 0.9238798463569138
vn -0.3826826746738422 0 0.9238798463569138
vn -0.3826826746738422 0 0.9238798463569138
vn -0.3826826746738422 0 0.9238798463569138
vn -0.3826826746738422 0 0.9238798463569138
vn -0.3826826746738422 0 0.9238798463569138
f 2569/2569/2569 2570/2570/2570 2571/2571/2571
f 2572/2572/2572 2573/2573/2573 2574/2574/2574
f 2575/2575/2575 2576/2576/2576 2577/2577/2577
f 2578/2578/2578 2579/2579/2579 2580/2580/2580
f 2581/2581/2581 2582/2582/2582 2583/2583/2583
f 2584/2584/2584 2585/2585/2585 2586/2586/2586
f 2587/2587/2587 2588/2588/2588 2589/2589/2589
f 2590/2590/2590 2591/2591/2591 2592/2592/2592
f 2593/2593/2593 2594/2594/2594 2595/2595/2595
f 2596/2596/2596 2597/2597/2597 2598/2598/2598
f 2599/2599/2599 2600/2600/2600 2601/2601/2601
f 2602/2602/2602 2603/2603/2603 2604/2604/2604
f 2605/2605/2605 2606/2606/2606 2607/2607/2607
f 2608/2608/2608 2609/2609/2609 2610/2610/2610
f 2611/2611/2611 2612/2612/2612 2613/2613/2613
f 2614/2614/2614 2615/2615/2615 2616/2616/2616
f 2617/2617/2617 2618/2618/2618 2619/2619/2619
f 2620/2620/2620 2621/2621/2621 2622/2622/2622
f 2623/2623/2623 2624/2624/2624 2625/2625/2625
f 2626/2626/2626 2627/2627/2627 2628/2628/2628
f 2629/2629/2629 2630/2630/2630 2631/2631/2631
f 2632/2632/2632 2633/2633/2633 2634/2634/2634
f 2635/2635/2635 2636/2636/2636 2637/2637/2637
f 2638/2638/2638 2639/2639/2639 2640/2640/2640
f 2641/2641/2641 2642/2642/2642 2643/2643/2643
f 2644/2644/2644 2645/2645/2645 2646/2646/2646
f 2647/2647/2647 2648/2648/2648 2649/2649/2649
f 2650/2650/2650 2651/2651/2651 2652/2652/2652
f 2653/2653/2653 2654/2654/2654 2655/2655/2655
f 2656/2656/2656 2657/2657/2657 2658/2658/2658
f 2659/2659/2659 2660/2660/2660 2661/2661/2661
f 2662/2662/2662 2663/2663/2663 2664/2664/2664
f 2665/2665/2665 2666/2666/2666 2667/2667/2667
f 2668/2668/2668 2669/2669/2669 2670/2670/2670
f 2671/2671/2671 2672/2672/2672 2673/2673/2673
f 2674/2674/2674 2675/2675/2675 2676/2676/2676
f 2677/2677/2677 2678/2678/2678 2679/2679/2679
f 2680/2680/2680 2681/2681/2681 2682/2682/2682
f 2683/2683/2683 2684/2684/2684 2685/2685/2685
f 2686/2686/2686 2687/2687/2687 2688/2688/2688
f 2689/2689/2689 2690/2690/2690 2691/2691/2691
f 2692/2692/2692 2693/2693/2693 2694/2694/2694
f 2695/2695/2695 2696/2696/2696 2697/2697/2697
f 2698/2698/2698 2699/2699/2699 2700/2700/2700
f 2701/2701/2701 2702/2702/2702 2703/2703/2703
f 2704/2704/2704 2705/2705/2705 2706/2706/2706
f 2707/2707/2707 2708/2708/2708 2709/2709/2709
f 2710/2710/2710 2711/2711/2711 2712/2712/2712
f 2713/2713/2713 2714/2714/2714 2715/2715/2715
f 2716/2716/2716 2717/2717/2717 2718/2718/2718
f 2719/2719/2719 2720/2720/2720 2721/2721/2721
f 2722/2722/2722 2723/2723/2723 2724/2724/2724
f 2725/2725/2725 2726/2726/2726 2727/2727/2727
f 2728/2728/2728 2729/2729/2729 2730/2730/2730
f 2731/2731/2731 2732/2732/2732 2733/2733/2733
f 2734/2734/2734 2735/2735/2735 2736/2736/2736
f 2737/2737/2737 2738/2738/2738 2739/2739/2739
f 2740/2740/2740 2741/2741/2741 2742/2742/2742
f 2743/2743/2743 2744/2744/2744 2745/2745/2745
f 2746/2746/2746 2747/2747/2747 2748/2748/2748
f 2749/2749/2749 2750/2750/2750 2751/2751/2751
f 2752/2752/2752 2753/2753/2753 2754/2754/2754
f 2755/2755/2755 2756/2756/2756 2757/2757/2757
f 2758/2758/2758 2759/2759/2759 2760/2760/2760
f 2761/2761/2761 2762/2762/2762 2763/2763/2763
f 2764/2764/2764 2765/2765/2765 2766/2766/2766
f 2767/2767/2767 2768/2768/2768 2769/2769/2769
f 2770/2770/2770 2771/2771/2771 2772/2772/2772
f 2773/2773/2773 2774/2774/2774 2775/2775/2775
f 2776/2776/2776 2777/2777/2777 2778/2778/2778
f 2779/2779/2779 2780/2780/2780 2781/2781/2781
f 2782/2782/2782 2783/2783/2783 2784/2784/2784
f 2785/2785/2785 2786/2786/2786 2787/2787/2787
f 2788/2788/2788 2789/2789/2789 2790/2790/2790
f 2791/2791/2791 2792/2792/2792 2793/2793/2793
f 2794/2794/2794 2795/2795/2795 2796/2796/2796
f 2797/2797/2797 2798/2798/2798 2799/2799/2799
f 2800/2800/2800 2801/2801/2801 2802/2802/2802
f 2803/2803/2803 2804/2804/2804 2805/2805/2805
f 2806/2806/2806 2807/2807/2807 2808/2808/2808
f 2809/2809/2809 2810/2810/2810 2811/2811/2811
f 2812/2812/2812 2813/2813/2813 2814/2814/2814
f 2815/2815/2815 2816/2816/2816 2817/2817/2817
f 2818/2818/2818 2819/2819/2819 2820/2820/2820
f 2821/2821/2821 2822/2822/2822 2823/2823/2823
f 2824/2824/2824 2825/2825/2825 2826/2826/2826
f 2827/2827/2827 2828/2828/2828 2829/2829/2829
f 2830/2830/2830 2831/2831/2831 2832/2832/2832
f 2833/2833/2833 2834/2834/2834 2835/2835/2835
f 2836/2836/2836 2837/2837/2837 2838/2838/2838
f 2839/2839/2839 2840/2840/2840 2841/2841/2841
f 2842/2842/2842 2843/2843/2843 2844/2844/2844
f 2845/2845/2845 2846/2846/2846 2847/2847/2847
f 2848/2848/2848 2849/2849/2849 2850/2850/2850
f 2851/2851/2851 2852/2852/2852 2853/2853/2853
f 2854/2854/2854 2855/2855/2855 2856/2856/2856
f 2857/2857/2857 2858/2858/2858 2859/2859/2859
f 2860/2860/2860 2861/2861/2861 2862/2862/2862
f 2863/2863/2863 2864/2864/2864 2865/2865/2865
f 2866/2866/2866 2867/2867/2867 2868/2868/2868
f 2869/2869/2869 2870/2870/2870 2871/2871/2871
f 2872/2872/2872 2873/2873/2873 2874/2874/2874
f 2875/2875/2875 2876/2876/2876 2877/2877/2877
f 2878/2878/2878 2879/2879/2879 2880/2880/2880
o cab_side_glass
usemtl glass
v 1.590000011920929 1.5800000429153442 -1.0800000429153442
v 1.590000011920929 2 -1.0800000429153442
v 3.0599999809265137 2 -1.0800000429153442
v 3.0599999809265137 2 -1.0800000429153442
v 3.3799999141693116 1.600000023841858 -1.0800000429153442
v 1.590000011920929 1.5800000429153442 -1.0800000429153442
v 3.0599999809265137 2 1.0800000429153442
v 1.590000011920929 2 1.0800000429153442
v 1.590000011920929 1.5800000429153442 1.0800000429153442
v 1.590000011920929 1.5800000429153442 1.0800000429153442
v 3.3799999141693116 1.600000023841858 1.0800000429153442
v 3.0599999809265137 2 1.0800000429153442
v 1.590000011920929 1.5800000429153442 -1.0800000429153442
v 3.3799999141693116 1.600000023841858 -1.0800000429153442
v 1.590000011920929 1.5800000429153442 1.0800000429153442
v 3.3799999141693116 1.600000023841858 -1.0800000429153442
v 3.3799999141693116 1.600000023841858 1.0800000429153442
v 1.590000011920929 1.5800000429153442 1.0800000429153442
v 3.3799999141693116 1.600000023841858 -1.0800000429153442
v 3.0599999809265137 2 -1.0800000429153442
v 3.3799999141693116 1.600000023841858 1.0800000429153442
v 3.0599999809265137 2 -1.0800000429153442
v 3.0599999809265137 2 1.0800000429153442
v 3.3799999141693116 1.600000023841858 1.0800000429153442
v 3.0599999809265137 2 -1.0800000429153442
v 1.590000011920929 2 -1.0800000429153442
v 3.0599999809265137 2 1.0800000429153442
v 1.590000011920929 2 -1.0800000429153442
v 1.590000011920929 2 1.0800000429153442
v 3.0599999809265137 2 1.0800000429153442
v 1.590000011920929 2 -1.0800000429153442
v 1.590000011920929 1.5800000429153442 -1.0800000429153442
v 1.590000011920929 2 1.0800000429153442
v 1.590000011920929 1.5800000429153442 -1.0800000429153442
v 1.590000011920929 1.5800000429153442 1.0800000429153442
v 1.590000011920929 2 1.0800000429153442
vt 0.550000011920929 1.5800000429153442
vt 0.550000011920929 2
vt 2.0199999809265137 2
vt 2.0199999809265137 2
vt 2.3399999141693115 1.600000023841858
vt 0.550000011920929 1.5800000429153442
vt 2.0199999809265137 2
vt 0.550000011920929 2
vt 0.550000011920929 1.5800000429153442
vt 0.550000011920929 1.5800000429153442
vt 2.3399999141693115 1.600000023841858
vt 2.0199999809265137 2
vt 0.550000011920929 1
vt 2.3399999141693115 1
vt 0.550000011920929 -1.159999966621399
vt 2.3399999141693115 1
vt 2.3399999141693115 -1.159999966621399
vt 0.550000011920929 -1.159999966621399
vt 1.600000023841858 1
vt 2 1
vt 1.600000023841858 -1.159999966621399
vt 2 1
vt 2 -1.159999966621399
vt 1.600000023841858 -1.159999966621399
vt 2.0199999809265137 1
vt 0.550000011920929 1
vt 2.0199999809265137 -1.159999966621399
vt 0.550000011920929 1
vt 0.550000011920929 -1.159999966621399
vt 2.0199999809265137 -1.159999966621399
vt 2 1
vt 1.5800000429153442 1
vt 2 -1.159999966621399
vt 1.5800000429153442 1
vt 1.5800000429153442 -1.159999966621399
vt 2 -1.159999966621399
vn 0 0 -1
vn 0 0 -1
vn 0 0 -1
vn 0 0 -1
vn 0 0 -1
vn 0 0 -1
vn 0 0 1
vn 0 0 1
vn 0 0 1
vn 0 0 1
vn 0 0 1
vn 0 0 1
vn 0.01117247613525863 -0.9999375859407462 0
vn 0.01117247613525863 -0.9999375859407462 0
vn 0.01117247613525863 -0.9999375859407462 0
vn 0.01117247613525863 -0.9999375859407462 0
vn 0.01117247613525863 -0.9999375859407462 0
vn 0.01117247613525863 -0.9999375859407462 0
vn 0.7808688385184663 0.6246950112101275 0
vn 0.7808688385184663 0.6246950112101275 0
vn 0.7808688385184663 0.6246950112101275 0
vn 0.7808688385184663 0.6246950112101275 0
vn 0.7808688385184663 0.6246950112101275 0
vn 0.7808688385184663 0.6246950112101275 0
vn 0 1 0
vn 0 1 0
vn 0 1 0
vn 0 1 0
vn 0 1 0
vn 0 1 0
vn -1 0 0
vn -1 0 0
vn -1 0 0
vn -1 0 0
vn -1 0 0
vn -1 0 0
f 2881/2881/2881 2882/2882/2882 2883/2883/2883
f 2884/2884/2884 2885/2885/2885 2886/2886/2886
f 2887/2887/2887 2888/2888/2888 2889/2889/2889
f 2890/2890/2890 2891/2891/2891 2892/2892/2892
f 2893/2893/2893 2894/2894/2894 2895/2895/2895
f 2896/2896/2896 2897/2897/2897 2898/2898/2898
f 2899/2899/2899 2900/2900/2900 2901/2901/2901
f 2902/2902/2902 2903/2903/2903 2904/2904/2904
f 2905/2905/2905 2906/2906/2906 2907/2907/2907
f 2908/2908/2908 2909/2909/2909 2910/2910/2910
f 2911/2911/2911 2912/2912/2912 2913/2913/2913
f 2914/2914/2914 2915/2915/2915 2916/2916/2916
o windshield
usemtl glass
v 3.539999996945451 1.5600000055329462 0.949999988079071
v 3.539999996945451 1.5600000055329462 -0.949999988079071
v 3.1200000041532245 2.159999995236127 0.949999988079071
v 3.1200000041532245 2.159999995236127 -0.949999988079071
v 3.5891539110779176 1.5944077454256729 -0.949999988079071
v 3.5891539110779176 1.5944077454256729 0.949999988079071
v 3.169153918285691 2.194407735128854 -0.949999988079071
v 3.169153918285691 2.194407735128854 0.949999988079071
v 3.5891539110779176 1.5944077454256729 -0.949999988079071
v 3.539999996945451 1.5600000055329462 -0.949999988079071
v 3.5891539110779176 1.5944077454256729 0.949999988079071
v 3.539999996945451 1.5600000055329462 0.949999988079071
v 3.169153918285691 2.194407735128854 0.949999988079071
v 3.1200000041532245 2.159999995236127 0.949999988079071
v 3.169153918285691 2.194407735128854 -0.949999988079071
v 3.1200000041532245 2.159999995236127 -0.949999988079071
v 3.5891539110779176 1.5944077454256729 0.949999988079071
v 3.539999996945451 1.5600000055329462 0.949999988079071
v 3.169153918285691 2.194407735128854 0.949999988079071
v 3.1200000041532245 2.159999995236127 0.949999988079071
v 3.539999996945451 1.5600000055329462 -0.949999988079071
v 3.5891539110779176 1.5944077454256729 -0.949999988079071
v 3.1200000041532245 2.159999995236127 -0.949999988079071
v 3.169153918285691 2.194407735128854 -0.949999988079071
vt 0 1
vt 1 1
vt 0 0
vt 1 0
vt 0 1
vt 1 1
vt 0 0
vt 1 0
vt 0 1
vt 1 1
vt 0 0
vt 1 0
vt 0 1
vt 1 1
vt 0 0
vt 1 0
vt 0 1
vt 1 1
vt 0 0
vt 1 0
vt 0 1
vt 1 1
vt 0 0
vt 1 0
vn -0.8192319205190404 -0.5734623443633283 0
vn -0.8192319205190404 -0.5734623443633283 0
vn -0.8192319205190404 -0.5734623443633283 0
vn -0.8192319205190404 -0.5734623443633283 0
vn 0.8192319205190404 0.5734623443633283 0
vn 0.8192319205190404 0.5734623443633283 0
vn 0.8192319205190404 0.5734623443633283 0
vn 0.8192319205190404 0.5734623443633283 0
vn 0.5734623443633283 -0.8192319205190404 0
vn 0.5734623443633283 -0.8192319205190404 0
vn 0.5734623443633283 -0.8192319205190404 0
vn 0.5734623443633283 -0.8192319205190404 0
vn -0.5734623443633283 0.8192319205190404 0
vn -0.5734623443633283 0.8192319205190404 0
vn -0.5734623443633283 0.8192319205190404 0
vn -0.5734623443633283 0.8192319205190404 0
vn 0 0 1
vn 0 0 1
vn 0 0 1
vn 0 0 1
vn 0 0 -1
vn 0 0 -1
vn 0 0 -1
vn 0 0 -1
f 2917/2917/2917 2919/2919/2919 2918/2918/2918
f 2919/2919/2919 2920/2920/2920 2918/2918/2918
f 2921/2921/2921 2923/2923/2923 2922/2922/2922
f 2923/2923/2923 2924/2924/2924 2922/2922/2922
f 2925/2925/2925 2927/2927/2927 2926/2926/2926
f 2927/2927/2927 2928/2928/2928 2926/2926/2926
f 2929/2929/2929 2931/2931/2931 2930/2930/2930
f 2931/2931/2931 2932/2932/2932 2930/2930/2930
f 2933/2933/2933 2935/2935/2935 2934/2934/2934
f 2935/2935/2935 2936/2936/2936 2934/2934/2934
f 2937/2937/2937 2939/2939/2939 2938/2938/2938
f 2939/2939/2939 2940/2940/2940 2938/2938/2938
o grille
usemtl ink
v 4.475000000149011 1.379999997317791 0.8299999833106995
v 4.475000000149011 1.379999997317791 -0.8299999833106995
v 4.475000000149011 1.140000002682209 0.8299999833106995
v 4.475000000149011 1.140000002682209 -0.8299999833106995
v 4.404999999850988 1.379999997317791 -0.8299999833106995
v 4.404999999850988 1.379999997317791 0.8299999833106995
v 4.404999999850988 1.140000002682209 -0.8299999833106995
v 4.404999999850988 1.140000002682209 0.8299999833106995
v 4.404999999850988 1.379999997317791 -0.8299999833106995
v 4.475000000149011 1.379999997317791 -0.8299999833106995
v 4.404999999850988 1.379999997317791 0.8299999833106995
v 4.475000000149011 1.379999997317791 0.8299999833106995
v 4.404999999850988 1.140000002682209 0.8299999833106995
v 4.475000000149011 1.140000002682209 0.8299999833106995
v 4.404999999850988 1.140000002682209 -0.8299999833106995
v 4.475000000149011 1.140000002682209 -0.8299999833106995
v 4.404999999850988 1.379999997317791 0.8299999833106995
v 4.475000000149011 1.379999997317791 0.8299999833106995
v 4.404999999850988 1.140000002682209 0.8299999833106995
v 4.475000000149011 1.140000002682209 0.8299999833106995
v 4.475000000149011 1.379999997317791 -0.8299999833106995
v 4.404999999850988 1.379999997317791 -0.8299999833106995
v 4.475000000149011 1.140000002682209 -0.8299999833106995
v 4.404999999850988 1.140000002682209 -0.8299999833106995
vt 0 1
vt 1 1
vt 0 0
vt 1 0
vt 0 1
vt 1 1
vt 0 0
vt 1 0
vt 0 1
vt 1 1
vt 0 0
vt 1 0
vt 0 1
vt 1 1
vt 0 0
vt 1 0
vt 0 1
vt 1 1
vt 0 0
vt 1 0
vt 0 1
vt 1 1
vt 0 0
vt 1 0
vn 1 0 0
vn 1 0 0
vn 1 0 0
vn 1 0 0
vn -1 0 0
vn -1 0 0
vn -1 0 0
vn -1 0 0
vn 0 1 0
vn 0 1 0
vn 0 1 0
vn 0 1 0
vn 0 -1 0
vn 0 -1 0
vn 0 -1 0
vn 0 -1 0
vn 0 0 1
vn 0 0 1
vn 0 0 1
vn 0 0 1
vn 0 0 -1
vn 0 0 -1
vn 0 0 -1
vn 0 0 -1
f 2941/2941/2941 2943/2943/2943 2942/2942/2942
f 2943/2943/2943 2944/2944/2944 2942/2942/2942
f 2945/2945/2945 2947/2947/2947 2946/2946/2946
f 2947/2947/2947 2948/2948/2948 2946/2946/2946
f 2949/2949/2949 2951/2951/2951 2950/2950/2950
f 2951/2951/2951 2952/2952/2952 2950/2950/2950
f 2953/2953/2953 2955/2955/2955 2954/2954/2954
f 2955/2955/2955 2956/2956/2956 2954/2954/2954
f 2957/2957/2957 2959/2959/2959 2958/2958/2958
f 2959/2959/2959 2960/2960/2960 2958/2958/2958
f 2961/2961/2961 2963/2963/2963 2962/2962/2962
f 2963/2963/2963 2964/2964/2964 2962/2962/2962
o front_bumper
usemtl body_mid
v 4.629999999403953 0.9299999952316285 1.0099999904632568
v 4.629999999403953 0.9299999952316285 -1.0099999904632568
v 4.629999999403953 0.6700000047683716 1.0099999904632568
v 4.629999999403953 0.6700000047683716 -1.0099999904632568
v 4.410000000596046 0.9299999952316285 -1.0099999904632568
v 4.410000000596046 0.9299999952316285 1.0099999904632568
v 4.410000000596046 0.6700000047683716 -1.0099999904632568
v 4.410000000596046 0.6700000047683716 1.0099999904632568
v 4.410000000596046 0.9299999952316285 -1.0099999904632568
v 4.629999999403953 0.9299999952316285 -1.0099999904632568
v 4.410000000596046 0.9299999952316285 1.0099999904632568
v 4.629999999403953 0.9299999952316285 1.0099999904632568
v 4.410000000596046 0.6700000047683716 1.0099999904632568
v 4.629999999403953 0.6700000047683716 1.0099999904632568
v 4.410000000596046 0.6700000047683716 -1.0099999904632568
v 4.629999999403953 0.6700000047683716 -1.0099999904632568
v 4.410000000596046 0.9299999952316285 1.0099999904632568
v 4.629999999403953 0.9299999952316285 1.0099999904632568
v 4.410000000596046 0.6700000047683716 1.0099999904632568
v 4.629999999403953 0.6700000047683716 1.0099999904632568
v 4.629999999403953 0.9299999952316285 -1.0099999904632568
v 4.410000000596046 0.9299999952316285 -1.0099999904632568
v 4.629999999403953 0.6700000047683716 -1.0099999904632568
v 4.410000000596046 0.6700000047683716 -1.0099999904632568
vt 0 1
vt 1 1
vt 0 0
vt 1 0
vt 0 1
vt 1 1
vt 0 0
vt 1 0
vt 0 1
vt 1 1
vt 0 0
vt 1 0
vt 0 1
vt 1 1
vt 0 0
vt 1 0
vt 0 1
vt 1 1
vt 0 0
vt 1 0
vt 0 1
vt 1 1
vt 0 0
vt 1 0
vn 1 0 0
vn 1 0 0
vn 1 0 0
vn 1 0 0
vn -1 0 0
vn -1 0 0
vn -1 0 0
vn -1 0 0
vn 0 1 0
vn 0 1 0
vn 0 1 0
vn 0 1 0
vn 0 -1 0
vn 0 -1 0
vn 0 -1 0
vn 0 -1 0
vn 0 0 1
vn 0 0 1
vn 0 0 1
vn 0 0 1
vn 0 0 -1
vn 0 0 -1
vn 0 0 -1
vn 0 0 -1
f 2965/2965/2965 2967/2967/2967 2966/2966/2966
f 2967/2967/2967 2968/2968/2968 2966/2966/2966
f 2969/2969/2969 2971/2971/2971 2970/2970/2970
f 2971/2971/2971 2972/2972/2972 2970/2970/2970
f 2973/2973/2973 2975/2975/2975 2974/2974/2974
f 2975/2975/2975 2976/2976/2976 2974/2974/2974
f 2977/2977/2977 2979/2979/2979 2978/2978/2978
f 2979/2979/2979 2980/2980/2980 2978/2978/2978
f 2981/2981/2981 2983/2983/2983 2982/2982/2982
f 2983/2983/2983 2984/2984/2984 2982/2982/2982
f 2985/2985/2985 2987/2987/2987 2986/2986/2986
f 2987/2987/2987 2988/2988/2988 2986/2986/2986
o skid_plate
usemtl body_dark
v 4.610000005960464 0.6699999993294478 0.44999998807907104
v 4.610000005960464 0.6699999993294478 -0.44999998807907104
v 4.610000005960464 0.6100000006705523 0.44999998807907104
v 4.610000005960464 0.6100000006705523 -0.44999998807907104
v 4.3099999940395355 0.6699999993294478 -0.44999998807907104
v 4.3099999940395355 0.6699999993294478 0.44999998807907104
v 4.3099999940395355 0.6100000006705523 -0.44999998807907104
v 4.3099999940395355 0.6100000006705523 0.44999998807907104
v 4.3099999940395355 0.6699999993294478 -0.44999998807907104
v 4.610000005960464 0.6699999993294478 -0.44999998807907104
v 4.3099999940395355 0.6699999993294478 0.44999998807907104
v 4.610000005960464 0.6699999993294478 0.44999998807907104
v 4.3099999940395355 0.6100000006705523 0.44999998807907104
v 4.610000005960464 0.6100000006705523 0.44999998807907104
v 4.3099999940395355 0.6100000006705523 -0.44999998807907104
v 4.610000005960464 0.6100000006705523 -0.44999998807907104
v 4.3099999940395355 0.6699999993294478 0.44999998807907104
v 4.610000005960464 0.6699999993294478 0.44999998807907104
v 4.3099999940395355 0.6100000006705523 0.44999998807907104
v 4.610000005960464 0.6100000006705523 0.44999998807907104
v 4.610000005960464 0.6699999993294478 -0.44999998807907104
v 4.3099999940395355 0.6699999993294478 -0.44999998807907104
v 4.610000005960464 0.6100000006705523 -0.44999998807907104
v 4.3099999940395355 0.6100000006705523 -0.44999998807907104
vt 0 1
vt 1 1
vt 0 0
vt 1 0
vt 0 1
vt 1 1
vt 0 0
vt 1 0
vt 0 1
vt 1 1
vt 0 0
vt 1 0
vt 0 1
vt 1 1
vt 0 0
vt 1 0
vt 0 1
vt 1 1
vt 0 0
vt 1 0
vt 0 1
vt 1 1
vt 0 0
vt 1 0
vn 1 0 0
vn 1 0 0
vn 1 0 0
vn 1 0 0
vn -1 0 0
vn -1 0 0
vn -1 0 0
vn -1 0 0
vn 0 1 0
vn 0 1 0
vn 0 1 0
vn 0 1 0
vn 0 -1 0
vn 0 -1 0
vn 0 -1 0
vn 0 -1 0
vn 0 0 1
vn 0 0 1
vn 0 0 1
vn 0 0 1
vn 0 0 -1
vn 0 0 -1
vn 0 0 -1
vn 0 0 -1
f 2989/2989/2989 2991/2991/2991 2990/2990/2990
f 2991/2991/2991 2992/2992/2992 2990/2990/2990
f 2993/2993/2993 2995/2995/2995 2994/2994/2994
f 2995/2995/2995 2996/2996/2996 2994/2994/2994
f 2997/2997/2997 2999/2999/2999 2998/2998/2998
f 2999/2999/2999 3000/3000/3000 2998/2998/2998
f 3001/3001/3001 3003/3003/3003 3002/3002/3002
f 3003/3003/3003 3004/3004/3004 3002/3002/3002
f 3005/3005/3005 3007/3007/3007 3006/3006/3006
f 3007/3007/3007 3008/3008/3008 3006/3006/3006
f 3009/3009/3009 3011/3011/3011 3010/3010/3010
f 3011/3011/3011 3012/3012/3012 3010/3010/3010
o headlight_l
usemtl body_light
v 4.475000000149011 1.4900000035762786 0.8600000029802323
v 4.475000000149011 1.4900000035762786 0.4599999970197678
v 4.475000000149011 1.3099999964237212 0.8600000029802323
v 4.475000000149011 1.3099999964237212 0.4599999970197678
v 4.404999999850988 1.4900000035762786 0.4599999970197678
v 4.404999999850988 1.4900000035762786 0.8600000029802323
v 4.404999999850988 1.3099999964237212 0.4599999970197678
v 4.404999999850988 1.3099999964237212 0.8600000029802323
v 4.404999999850988 1.4900000035762786 0.4599999970197678
v 4.475000000149011 1.4900000035762786 0.4599999970197678
v 4.404999999850988 1.4900000035762786 0.8600000029802323
v 4.475000000149011 1.4900000035762786 0.8600000029802323
v 4.404999999850988 1.3099999964237212 0.8600000029802323
v 4.475000000149011 1.3099999964237212 0.8600000029802323
v 4.404999999850988 1.3099999964237212 0.4599999970197678
v 4.475000000149011 1.3099999964237212 0.4599999970197678
v 4.404999999850988 1.4900000035762786 0.8600000029802323
v 4.475000000149011 1.4900000035762786 0.8600000029802323
v 4.404999999850988 1.3099999964237212 0.8600000029802323
v 4.475000000149011 1.3099999964237212 0.8600000029802323
v 4.475000000149011 1.4900000035762786 0.4599999970197678
v 4.404999999850988 1.4900000035762786 0.4599999970197678
v 4.475000000149011 1.3099999964237212 0.4599999970197678
v 4.404999999850988 1.3099999964237212 0.4599999970197678
vt 0 1
vt 1 1
vt 0 0
vt 1 0
vt 0 1
vt 1 1
vt 0 0
vt 1 0
vt 0 1
vt 1 1
vt 0 0
vt 1 0
vt 0 1
vt 1 1
vt 0 0
vt 1 0
vt 0 1
vt 1 1
vt 0 0
vt 1 0
vt 0 1
vt 1 1
vt 0 0
vt 1 0
vn 1 0 0
vn 1 0 0
vn 1 0 0
vn 1 0 0
vn -1 0 0
vn -1 0 0
vn -1 0 0
vn -1 0 0
vn 0 1 0
vn 0 1 0
vn 0 1 0
vn 0 1 0
vn 0 -1 0
vn 0 -1 0
vn 0 -1 0
vn 0 -1 0
vn 0 0 1
vn 0 0 1
vn 0 0 1
vn 0 0 1
vn 0 0 -1
vn 0 0 -1
vn 0 0 -1
vn 0 0 -1
f 3013/3013/3013 3015/3015/3015 3014/3014/3014
f 3015/3015/3015 3016/3016/3016 3014/3014/3014
f 3017/3017/3017 3019/3019/3019 3018/3018/3018
f 3019/3019/3019 3020/3020/3020 3018/3018/3018
f 3021/3021/3021 3023/3023/3023 3022/3022/3022
f 3023/3023/3023 3024/3024/3024 3022/3022/3022
f 3025/3025/3025 3027/3027/3027 3026/3026/3026
f 3027/3027/3027 3028/3028/3028 3026/3026/3026
f 3029/3029/3029 3031/3031/3031 3030/3030/3030
f 3031/3031/3031 3032/3032/3032 3030/3030/3030
f 3033/3033/3033 3035/3035/3035 3034/3034/3034
f 3035/3035/3035 3036/3036/3036 3034/3034/3034
o mirror_arm_l
usemtl ink
v 3.3050000003725293 1.8850000003725291 1.219999997317791
v 3.3050000003725293 1.8850000003725291 0.9800000026822091
v 3.3050000003725293 1.834999999627471 1.219999997317791
v 3.3050000003725293 1.834999999627471 0.9800000026822091
v 3.254999999627471 1.8850000003725291 0.9800000026822091
v 3.254999999627471 1.8850000003725291 1.219999997317791
v 3.254999999627471 1.834999999627471 0.9800000026822091
v 3.254999999627471 1.834999999627471 1.219999997317791
v 3.254999999627471 1.8850000003725291 0.9800000026822091
v 3.3050000003725293 1.8850000003725291 0.9800000026822091
v 3.254999999627471 1.8850000003725291 1.219999997317791
v 3.3050000003725293 1.8850000003725291 1.219999997317791
v 3.254999999627471 1.834999999627471 1.219999997317791
v 3.3050000003725293 1.834999999627471 1.219999997317791
v 3.254999999627471 1.834999999627471 0.9800000026822091
v 3.3050000003725293 1.834999999627471 0.9800000026822091
v 3.254999999627471 1.8850000003725291 1.219999997317791
v 3.3050000003725293 1.8850000003725291 1.219999997317791
v 3.254999999627471 1.834999999627471 1.219999997317791
v 3.3050000003725293 1.834999999627471 1.219999997317791
v 3.3050000003725293 1.8850000003725291 0.9800000026822091
v 3.254999999627471 1.8850000003725291 0.9800000026822091
v 3.3050000003725293 1.834999999627471 0.9800000026822091
v 3.254999999627471 1.834999999627471 0.9800000026822091
vt 0 1
vt 1 1
vt 0 0
vt 1 0
vt 0 1
vt 1 1
vt 0 0
vt 1 0
vt 0 1
vt 1 1
vt 0 0
vt 1 0
vt 0 1
vt 1 1
vt 0 0
vt 1 0
vt 0 1
vt 1 1
vt 0 0
vt 1 0
vt 0 1
vt 1 1
vt 0 0
vt 1 0
vn 1 0 0
vn 1 0 0
vn 1 0 0
vn 1 0 0
vn -1 0 0
vn -1 0 0
vn -1 0 0
vn -1 0 0
vn 0 1 0
vn 0 1 0
vn 0 1 0
vn 0 1 0
vn 0 -1 0
vn 0 -1 0
vn 0 -1 0
vn 0 -1 0
vn 0 0 1
vn 0 0 1
vn 0 0 1
vn 0 0 1
vn 0 0 -1
vn 0 0 -1
vn 0 0 -1
vn 0 0 -1
f 3037/3037/3037 3039/3039/3039 3038/3038/3038
f 3039/3039/3039 3040/3040/3040 3038/3038/3038
f 3041/3041/3041 3043/3043/3043 3042/3042/3042
f 3043/3043/3043 3044/3044/3044 3042/3042/3042
f 3045/3045/3045 3047/3047/3047 3046/3046/3046
f 3047/3047/3047 3048/3048/3048 3046/3046/3046
f 3049/3049/3049 3051/3051/3051 3050/3050/3050
f 3051/3051/3051 3052/3052/3052 3050/3050/3050
f 3053/3053/3053 3055/3055/3055 3054/3054/3054
f 3055/3055/3055 3056/3056/3056 3054/3054/3054
f 3057/3057/3057 3059/3059/3059 3058/3058/3058
f 3059/3059/3059 3060/3060/3060 3058/3058/3058
o mirror_l
usemtl body_dark
v 3.339999999329448 1.9100000017881393 1.2749999976158142
v 3.339999999329448 1.9100000017881393 1.1450000023841858
v 3.339999999329448 1.5699999982118606 1.2749999976158142
v 3.339999999329448 1.5699999982118606 1.1450000023841858
v 3.2800000006705523 1.9100000017881393 1.1450000023841858
v 3.2800000006705523 1.9100000017881393 1.2749999976158142
v 3.2800000006705523 1.5699999982118606 1.1450000023841858
v 3.2800000006705523 1.5699999982118606 1.2749999976158142
v 3.2800000006705523 1.9100000017881393 1.1450000023841858
v 3.339999999329448 1.9100000017881393 1.1450000023841858
v 3.2800000006705523 1.9100000017881393 1.2749999976158142
v 3.339999999329448 1.9100000017881393 1.2749999976158142
v 3.2800000006705523 1.5699999982118606 1.2749999976158142
v 3.339999999329448 1.5699999982118606 1.2749999976158142
v 3.2800000006705523 1.5699999982118606 1.1450000023841858
v 3.339999999329448 1.5699999982118606 1.1450000023841858
v 3.2800000006705523 1.9100000017881393 1.2749999976158142
v 3.339999999329448 1.9100000017881393 1.2749999976158142
v 3.2800000006705523 1.5699999982118606 1.2749999976158142
v 3.339999999329448 1.5699999982118606 1.2749999976158142
v 3.339999999329448 1.9100000017881393 1.1450000023841858
v 3.2800000006705523 1.9100000017881393 1.1450000023841858
v 3.339999999329448 1.5699999982118606 1.1450000023841858
v 3.2800000006705523 1.5699999982118606 1.1450000023841858
vt 0 1
vt 1 1
vt 0 0
vt 1 0
vt 0 1
vt 1 1
vt 0 0
vt 1 0
vt 0 1
vt 1 1
vt 0 0
vt 1 0
vt 0 1
vt 1 1
vt 0 0
vt 1 0
vt 0 1
vt 1 1
vt 0 0
vt 1 0
vt 0 1
vt 1 1
vt 0 0
vt 1 0
vn 1 0 0
vn 1 0 0
vn 1 0 0
vn 1 0 0
vn -1 0 0
vn -1 0 0
vn -1 0 0
vn -1 0 0
vn 0 1 0
vn 0 1 0
vn 0 1 0
vn 0 1 0
vn 0 -1 0
vn 0 -1 0
vn 0 -1 0
vn 0 -1 0
vn 0 0 1
vn 0 0 1
vn 0 0 1
vn 0 0 1
vn 0 0 -1
vn 0 0 -1
vn 0 0 -1
vn 0 0 -1
f 3061/3061/3061 3063/3063/3063 3062/3062/3062
f 3063/3063/3063 3064/3064/3064 3062/3062/3062
f 3065/3065/3065 3067/3067/3067 3066/3066/3066
f 3067/3067/3067 3068/3068/3068 3066/3066/3066
f 3069/3069/3069 3071/3071/3071 3070/3070/3070
f 3071/3071/3071 3072/3072/3072 3070/3070/3070
f 3073/3073/3073 3075/3075/3075 3074/3074/3074
f 3075/3075/3075 3076/3076/3076 3074/3074/3074
f 3077/3077/3077 3079/3079/3079 3078/3078/3078
f 3079/3079/3079 3080/3080/3080 3078/3078/3078
f 3081/3081/3081 3083/3083/3083 3082/3082/3082
f 3083/3083/3083 3084/3084/3084 3082/3082/3082
o running_board_l
usemtl body_dark
v 2.54 0.7550000001490116 1.119999997317791
v 2.54 0.7550000001490116 0.880000002682209
v 2.54 0.6849999998509884 1.119999997317791
v 2.54 0.6849999998509884 0.880000002682209
v 1.54 0.7550000001490116 0.880000002682209
v 1.54 0.7550000001490116 1.119999997317791
v 1.54 0.6849999998509884 0.880000002682209
v 1.54 0.6849999998509884 1.119999997317791
v 1.54 0.7550000001490116 0.880000002682209
v 2.54 0.7550000001490116 0.880000002682209
v 1.54 0.7550000001490116 1.119999997317791
v 2.54 0.7550000001490116 1.119999997317791
v 1.54 0.6849999998509884 1.119999997317791
v 2.54 0.6849999998509884 1.119999997317791
v 1.54 0.6849999998509884 0.880000002682209
v 2.54 0.6849999998509884 0.880000002682209
v 1.54 0.7550000001490116 1.119999997317791
v 2.54 0.7550000001490116 1.119999997317791
v 1.54 0.6849999998509884 1.119999997317791
v 2.54 0.6849999998509884 1.119999997317791
v 2.54 0.7550000001490116 0.880000002682209
v 1.54 0.7550000001490116 0.880000002682209
v 2.54 0.6849999998509884 0.880000002682209
v 1.54 0.6849999998509884 0.880000002682209
vt 0 1
vt 1 1
vt 0 0
vt 1 0
vt 0 1
vt 1 1
vt 0 0
vt 1 0
vt 0 1
vt 1 1
vt 0 0
vt 1 0
vt 0 1
vt 1 1
vt 0 0
vt 1 0
vt 0 1
vt 1 1
vt 0 0
vt 1 0
vt 0 1
vt 1 1
vt 0 0
vt 1 0
vn 1 0 0
vn 1 0 0
vn 1 0 0
vn 1 0 0
vn -1 0 0
vn -1 0 0
vn -1 0 0
vn -1 0 0
vn 0 1 0
vn 0 1 0
vn 0 1 0
vn 0 1 0
vn 0 -1 0
vn 0 -1 0
vn 0 -1 0
vn 0 -1 0
vn 0 0 1
vn 0 0 1
vn 0 0 1
vn 0 0 1
vn 0 0 -1
vn 0 0 -1
vn 0 0 -1
vn 0 0 -1
f 3085/3085/3085 3087/3087/3087 3086/3086/3086
f 3087/3087/3087 3088/3088/3088 3086/3086/3086
f 3089/3089/3089 3091/3091/3091 3090/3090/3090
f 3091/3091/3091 3092/3092/3092 3090/3090/3090
f 3093/3093/3093 3095/3095/3095 3094/3094/3094
f 3095/3095/3095 3096/3096/3096 3094/3094/3094
f 3097/3097/3097 3099/3099/3099 3098/3098/3098
f 3099/3099/3099 3100/3100/3100 3098/3098/3098
f 3101/3101/3101 3103/3103/3103 3102/3102/3102
f 3103/3103/3103 3104/3104/3104 3102/3102/3102
f 3105/3105/3105 3107/3107/3107 3106/3106/3106
f 3107/3107/3107 3108/3108/3108 3106/3106/3106
o door_line_l
usemtl body_dark
v 2.3549999996647237 1.5200000011920929 1.0699999997764826
v 2.3549999996647237 1.5200000011920929 1.0500000002235175
v 2.3549999996647237 0.9599999988079071 1.0699999997764826
v 2.3549999996647237 0.9599999988079071 1.0500000002235175
v 2.325000000335276 1.5200000011920929 1.0500000002235175
v 2.325000000335276 1.5200000011920929 1.0699999997764826
v 2.325000000335276 0.9599999988079071 1.0500000002235175
v 2.325000000335276 0.9599999988079071 1.0699999997764826
v 2.325000000335276 1.5200000011920929 1.0500000002235175
v 2.3549999996647237 1.5200000011920929 1.0500000002235175
v 2.325000000335276 1.5200000011920929 1.0699999997764826
v 2.3549999996647237 1.5200000011920929 1.0699999997764826
v 2.325000000335276 0.9599999988079071 1.0699999997764826
v 2.3549999996647237 0.9599999988079071 1.0699999997764826
v 2.325000000335276 0.9599999988079071 1.0500000002235175
v 2.3549999996647237 0.9599999988079071 1.0500000002235175
v 2.325000000335276 1.5200000011920929 1.0699999997764826
v 2.3549999996647237 1.5200000011920929 1.0699999997764826
v 2.325000000335276 0.9599999988079071 1.0699999997764826
v 2.3549999996647237 0.9599999988079071 1.0699999997764826
v 2.3549999996647237 1.5200000011920929 1.0500000002235175
v 2.325000000335276 1.5200000011920929 1.0500000002235175
v 2.3549999996647237 0.9599999988079071 1.0500000002235175
v 2.325000000335276 0.9599999988079071 1.0500000002235175
vt 0 1
vt 1 1
vt 0 0
vt 1 0
vt 0 1
vt 1 1
vt 0 0
vt 1 0
vt 0 1
vt 1 1
vt 0 0
vt 1 0
vt 0 1
vt 1 1
vt 0 0
vt 1 0
vt 0 1
vt 1 1
vt 0 0
vt 1 0
vt 0 1
vt 1 1
vt 0 0
vt 1 0
vn 1 0 0
vn 1 0 0
vn 1 0 0
vn 1 0 0
vn -1 0 0
vn -1 0 0
vn -1 0 0
vn -1 0 0
vn 0 1 0
vn 0 1 0
vn 0 1 0
vn 0 1 0
vn 0 -1 0
vn 0 -1 0
vn 0 -1 0
vn 0 -1 0
vn 0 0 1
vn 0 0 1
vn 0 0 1
vn 0 0 1
vn 0 0 -1
vn 0 0 -1
vn 0 0 -1
vn 0 0 -1
f 3109/3109/3109 3111/3111/3111 3110/3110/3110
f 3111/3111/3111 3112/3112/3112 3110/3110/3110
f 3113/3113/3113 3115/3115/3115 3114/3114/3114
f 3115/3115/3115 3116/3116/3116 3114/3114/3114
f 3117/3117/3117 3119/3119/3119 3118/3118/3118
f 3119/3119/3119 3120/3120/3120 3118/3118/3118
f 3121/3121/3121 3123/3123/3123 3122/3122/3122
f 3123/3123/3123 3124/3124/3124 3122/3122/3122
f 3125/3125/3125 3127/3127/3127 3126/3126/3126
f 3127/3127/3127 3128/3128/3128 3126/3126/3126
f 3129/3129/3129 3131/3131/3131 3130/3130/3130
f 3131/3131/3131 3132/3132/3132 3130/3130/3130
o headlight_r
usemtl body_light
v 4.475000000149011 1.4900000035762786 -0.4599999970197678
v 4.475000000149011 1.4900000035762786 -0.8600000029802323
v 4.475000000149011 1.3099999964237212 -0.4599999970197678
v 4.475000000149011 1.3099999964237212 -0.8600000029802323
v 4.404999999850988 1.4900000035762786 -0.8600000029802323
v 4.404999999850988 1.4900000035762786 -0.4599999970197678
v 4.404999999850988 1.3099999964237212 -0.8600000029802323
v 4.404999999850988 1.3099999964237212 -0.4599999970197678
v 4.404999999850988 1.4900000035762786 -0.8600000029802323
v 4.475000000149011 1.4900000035762786 -0.8600000029802323
v 4.404999999850988 1.4900000035762786 -0.4599999970197678
v 4.475000000149011 1.4900000035762786 -0.4599999970197678
v 4.404999999850988 1.3099999964237212 -0.4599999970197678
v 4.475000000149011 1.3099999964237212 -0.4599999970197678
v 4.404999999850988 1.3099999964237212 -0.8600000029802323
v 4.475000000149011 1.3099999964237212 -0.8600000029802323
v 4.404999999850988 1.4900000035762786 -0.4599999970197678
v 4.475000000149011 1.4900000035762786 -0.4599999970197678
v 4.404999999850988 1.3099999964237212 -0.4599999970197678
v 4.475000000149011 1.3099999964237212 -0.4599999970197678
v 4.475000000149011 1.4900000035762786 -0.8600000029802323
v 4.404999999850988 1.4900000035762786 -0.8600000029802323
v 4.475000000149011 1.3099999964237212 -0.8600000029802323
v 4.404999999850988 1.3099999964237212 -0.8600000029802323
vt 0 1
vt 1 1
vt 0 0
vt 1 0
vt 0 1
vt 1 1
vt 0 0
vt 1 0
vt 0 1
vt 1 1
vt 0 0
vt 1 0
vt 0 1
vt 1 1
vt 0 0
vt 1 0
vt 0 1
vt 1 1
vt 0 0
vt 1 0
vt 0 1
vt 1 1
vt 0 0
vt 1 0
vn 1 0 0
vn 1 0 0
vn 1 0 0
vn 1 0 0
vn -1 0 0
vn -1 0 0
vn -1 0 0
vn -1 0 0
vn 0 1 0
vn 0 1 0
vn 0 1 0
vn 0 1 0
vn 0 -1 0
vn 0 -1 0
vn 0 -1 0
vn 0 -1 0
vn 0 0 1
vn 0 0 1
vn 0 0 1
vn 0 0 1
vn 0 0 -1
vn 0 0 -1
vn 0 0 -1
vn 0 0 -1
f 3133/3133/3133 3135/3135/3135 3134/3134/3134
f 3135/3135/3135 3136/3136/3136 3134/3134/3134
f 3137/3137/3137 3139/3139/3139 3138/3138/3138
f 3139/3139/3139 3140/3140/3140 3138/3138/3138
f 3141/3141/3141 3143/3143/3143 3142/3142/3142
f 3143/3143/3143 3144/3144/3144 3142/3142/3142
f 3145/3145/3145 3147/3147/3147 3146/3146/3146
f 3147/3147/3147 3148/3148/3148 3146/3146/3146
f 3149/3149/3149 3151/3151/3151 3150/3150/3150
f 3151/3151/3151 3152/3152/3152 3150/3150/3150
f 3153/3153/3153 3155/3155/3155 3154/3154/3154
f 3155/3155/3155 3156/3156/3156 3154/3154/3154
o mirror_arm_r
usemtl ink
v 3.3050000003725293 1.8850000003725291 -0.9800000026822091
v 3.3050000003725293 1.8850000003725291 -1.219999997317791
v 3.3050000003725293 1.834999999627471 -0.9800000026822091
v 3.3050000003725293 1.834999999627471 -1.219999997317791
v 3.254999999627471 1.8850000003725291 -1.219999997317791
v 3.254999999627471 1.8850000003725291 -0.9800000026822091
v 3.254999999627471 1.834999999627471 -1.219999997317791
v 3.254999999627471 1.834999999627471 -0.9800000026822091
v 3.254999999627471 1.8850000003725291 -1.219999997317791
v 3.3050000003725293 1.8850000003725291 -1.219999997317791
v 3.254999999627471 1.8850000003725291 -0.9800000026822091
v 3.3050000003725293 1.8850000003725291 -0.9800000026822091
v 3.254999999627471 1.834999999627471 -0.9800000026822091
v 3.3050000003725293 1.834999999627471 -0.9800000026822091
v 3.254999999627471 1.834999999627471 -1.219999997317791
v 3.3050000003725293 1.834999999627471 -1.219999997317791
v 3.254999999627471 1.8850000003725291 -0.9800000026822091
v 3.3050000003725293 1.8850000003725291 -0.9800000026822091
v 3.254999999627471 1.834999999627471 -0.9800000026822091
v 3.3050000003725293 1.834999999627471 -0.9800000026822091
v 3.3050000003725293 1.8850000003725291 -1.219999997317791
v 3.254999999627471 1.8850000003725291 -1.219999997317791
v 3.3050000003725293 1.834999999627471 -1.219999997317791
v 3.254999999627471 1.834999999627471 -1.219999997317791
vt 0 1
vt 1 1
vt 0 0
vt 1 0
vt 0 1
vt 1 1
vt 0 0
vt 1 0
vt 0 1
vt 1 1
vt 0 0
vt 1 0
vt 0 1
vt 1 1
vt 0 0
vt 1 0
vt 0 1
vt 1 1
vt 0 0
vt 1 0
vt 0 1
vt 1 1
vt 0 0
vt 1 0
vn 1 0 0
vn 1 0 0
vn 1 0 0
vn 1 0 0
vn -1 0 0
vn -1 0 0
vn -1 0 0
vn -1 0 0
vn 0 1 0
vn 0 1 0
vn 0 1 0
vn 0 1 0
vn 0 -1 0
vn 0 -1 0
vn 0 -1 0
vn 0 -1 0
vn 0 0 1
vn 0 0 1
vn 0 0 1
vn 0 0 1
vn 0 0 -1
vn 0 0 -1
vn 0 0 -1
vn 0 0 -1
f 3157/3157/3157 3159/3159/3159 3158/3158/3158
f 3159/3159/3159 3160/3160/3160 3158/3158/3158
f 3161/3161/3161 3163/3163/3163 3162/3162/3162
f 3163/3163/3163 3164/3164/3164 3162/3162/3162
f 3165/3165/3165 3167/3167/3167 3166/3166/3166
f 3167/3167/3167 3168/3168/3168 3166/3166/3166
f 3169/3169/3169 3171/3171/3171 3170/3170/3170
f 3171/3171/3171 3172/3172/3172 3170/3170/3170
f 3173/3173/3173 3175/3175/3175 3174/3174/3174
f 3175/3175/3175 3176/3176/3176 3174/3174/3174
f 3177/3177/3177 3179/3179/3179 3178/3178/3178
f 3179/3179/3179 3180/3180/3180 3178/3178/3178
o mirror_r
usemtl body_dark
v 3.339999999329448 1.9100000017881393 -1.1450000023841858
v 3.339999999329448 1.9100000017881393 -1.2749999976158142
v 3.339999999329448 1.5699999982118606 -1.1450000023841858
v 3.339999999329448 1.5699999982118606 -1.2749999976158142
v 3.2800000006705523 1.9100000017881393 -1.2749999976158142
v 3.2800000006705523 1.9100000017881393 -1.1450000023841858
v 3.2800000006705523 1.5699999982118606 -1.2749999976158142
v 3.2800000006705523 1.5699999982118606 -1.1450000023841858
v 3.2800000006705523 1.9100000017881393 -1.2749999976158142
v 3.339999999329448 1.9100000017881393 -1.2749999976158142
v 3.2800000006705523 1.9100000017881393 -1.1450000023841858
v 3.339999999329448 1.9100000017881393 -1.1450000023841858
v 3.2800000006705523 1.5699999982118606 -1.1450000023841858
v 3.339999999329448 1.5699999982118606 -1.1450000023841858
v 3.2800000006705523 1.5699999982118606 -1.2749999976158142
v 3.339999999329448 1.5699999982118606 -1.2749999976158142
v 3.2800000006705523 1.9100000017881393 -1.1450000023841858
v 3.339999999329448 1.9100000017881393 -1.1450000023841858
v 3.2800000006705523 1.5699999982118606 -1.1450000023841858
v 3.339999999329448 1.5699999982118606 -1.1450000023841858
v 3.339999999329448 1.9100000017881393 -1.2749999976158142
v 3.2800000006705523 1.9100000017881393 -1.2749999976158142
v 3.339999999329448 1.5699999982118606 -1.2749999976158142
v 3.2800000006705523 1.5699999982118606 -1.2749999976158142
vt 0 1
vt 1 1
vt 0 0
vt 1 0
vt 0 1
vt 1 1
vt 0 0
vt 1 0
vt 0 1
vt 1 1
vt 0 0
vt 1 0
vt 0 1
vt 1 1
vt 0 0
vt 1 0
vt 0 1
vt 1 1
vt 0 0
vt 1 0
vt 0 1
vt 1 1
vt 0 0
vt 1 0
vn 1 0 0
vn 1 0 0
vn 1 0 0
vn 1 0 0
vn -1 0 0
vn -1 0 0
vn -1 0 0
vn -1 0 0
vn 0 1 0
vn 0 1 0
vn 0 1 0
vn 0 1 0
vn 0 -1 0
vn 0 -1 0
vn 0 -1 0
vn 0 -1 0
vn 0 0 1
vn 0 0 1
vn 0 0 1
vn 0 0 1
vn 0 0 -1
vn 0 0 -1
vn 0 0 -1
vn 0 0 -1
f 3181/3181/3181 3183/3183/3183 3182/3182/3182
f 3183/3183/3183 3184/3184/3184 3182/3182/3182
f 3185/3185/3185 3187/3187/3187 3186/3186/3186
f 3187/3187/3187 3188/3188/3188 3186/3186/3186
f 3189/3189/3189 3191/3191/3191 3190/3190/3190
f 3191/3191/3191 3192/3192/3192 3190/3190/3190
f 3193/3193/3193 3195/3195/3195 3194/3194/3194
f 3195/3195/3195 3196/3196/3196 3194/3194/3194
f 3197/3197/3197 3199/3199/3199 3198/3198/3198
f 3199/3199/3199 3200/3200/3200 3198/3198/3198
f 3201/3201/3201 3203/3203/3203 3202/3202/3202
f 3203/3203/3203 3204/3204/3204 3202/3202/3202
o running_board_r
usemtl body_dark
v 2.54 0.7550000001490116 -0.880000002682209
v 2.54 0.7550000001490116 -1.119999997317791
v 2.54 0.6849999998509884 -0.880000002682209
v 2.54 0.6849999998509884 -1.119999997317791
v 1.54 0.7550000001490116 -1.119999997317791
v 1.54 0.7550000001490116 -0.880000002682209
v 1.54 0.6849999998509884 -1.119999997317791
v 1.54 0.6849999998509884 -0.880000002682209
v 1.54 0.7550000001490116 -1.119999997317791
v 2.54 0.7550000001490116 -1.119999997317791
v 1.54 0.7550000001490116 -0.880000002682209
v 2.54 0.7550000001490116 -0.880000002682209
v 1.54 0.6849999998509884 -0.880000002682209
v 2.54 0.6849999998509884 -0.880000002682209
v 1.54 0.6849999998509884 -1.119999997317791
v 2.54 0.6849999998509884 -1.119999997317791
v 1.54 0.7550000001490116 -0.880000002682209
v 2.54 0.7550000001490116 -0.880000002682209
v 1.54 0.6849999998509884 -0.880000002682209
v 2.54 0.6849999998509884 -0.880000002682209
v 2.54 0.7550000001490116 -1.119999997317791
v 1.54 0.7550000001490116 -1.119999997317791
v 2.54 0.6849999998509884 -1.119999997317791
v 1.54 0.6849999998509884 -1.119999997317791
vt 0 1
vt 1 1
vt 0 0
vt 1 0
vt 0 1
vt 1 1
vt 0 0
vt 1 0
vt 0 1
vt 1 1
vt 0 0
vt 1 0
vt 0 1
vt 1 1
vt 0 0
vt 1 0
vt 0 1
vt 1 1
vt 0 0
vt 1 0
vt 0 1
vt 1 1
vt 0 0
vt 1 0
vn 1 0 0
vn 1 0 0
vn 1 0 0
vn 1 0 0
vn -1 0 0
vn -1 0 0
vn -1 0 0
vn -1 0 0
vn 0 1 0
vn 0 1 0
vn 0 1 0
vn 0 1 0
vn 0 -1 0
vn 0 -1 0
vn 0 -1 0
vn 0 -1 0
vn 0 0 1
vn 0 0 1
vn 0 0 1
vn 0 0 1
vn 0 0 -1
vn 0 0 -1
vn 0 0 -1
vn 0 0 -1
f 3205/3205/3205 3207/3207/3207 3206/3206/3206
f 3207/3207/3207 3208/3208/3208 3206/3206/3206
f 3209/3209/3209 3211/3211/3211 3210/3210/3210
f 3211/3211/3211 3212/3212/3212 3210/3210/3210
f 3213/3213/3213 3215/3215/3215 3214/3214/3214
f 3215/3215/3215 3216/3216/3216 3214/3214/3214
f 3217/3217/3217 3219/3219/3219 3218/3218/3218
f 3219/3219/3219 3220/3220/3220 3218/3218/3218
f 3221/3221/3221 3223/3223/3223 3222/3222/3222
f 3223/3223/3223 3224/3224/3224 3222/3222/3222
f 3225/3225/3225 3227/3227/3227 3226/3226/3226
f 3227/3227/3227 3228/3228/3228 3226/3226/3226
o door_line_r
usemtl body_dark
v 2.3549999996647237 1.5200000011920929 -1.0500000002235175
v 2.3549999996647237 1.5200000011920929 -1.0699999997764826
v 2.3549999996647237 0.9599999988079071 -1.0500000002235175
v 2.3549999996647237 0.9599999988079071 -1.0699999997764826
v 2.325000000335276 1.5200000011920929 -1.0699999997764826
v 2.325000000335276 1.5200000011920929 -1.0500000002235175
v 2.325000000335276 0.9599999988079071 -1.0699999997764826
v 2.325000000335276 0.9599999988079071 -1.0500000002235175
v 2.325000000335276 1.5200000011920929 -1.0699999997764826
v 2.3549999996647237 1.5200000011920929 -1.0699999997764826
v 2.325000000335276 1.5200000011920929 -1.0500000002235175
v 2.3549999996647237 1.5200000011920929 -1.0500000002235175
v 2.325000000335276 0.9599999988079071 -1.0500000002235175
v 2.3549999996647237 0.9599999988079071 -1.0500000002235175
v 2.325000000335276 0.9599999988079071 -1.0699999997764826
v 2.3549999996647237 0.9599999988079071 -1.0699999997764826
v 2.325000000335276 1.5200000011920929 -1.0500000002235175
v 2.3549999996647237 1.5200000011920929 -1.0500000002235175
v 2.325000000335276 0.9599999988079071 -1.0500000002235175
v 2.3549999996647237 0.9599999988079071 -1.0500000002235175
v 2.3549999996647237 1.5200000011920929 -1.0699999997764826
v 2.325000000335276 1.5200000011920929 -1.0699999997764826
v 2.3549999996647237 0.9599999988079071 -1.0699999997764826
v 2.325000000335276 0.9599999988079071 -1.0699999997764826
vt 0 1
vt 1 1
vt 0 0
vt 1 0
vt 0 1
vt 1 1
vt 0 0
vt 1 0
vt 0 1
vt 1 1
vt 0 0
vt 1 0
vt 0 1
vt 1 1
vt 0 0
vt 1 0
vt 0 1
vt 1 1
vt 0 0
vt 1 0
vt 0 1
vt 1 1
vt 0 0
vt 1 0
vn 1 0 0
vn 1 0 0
vn 1 0 0
vn 1 0 0
vn -1 0 0
vn -1 0 0
vn -1 0 0
vn -1 0 0
vn 0 1 0
vn 0 1 0
vn 0 1 0
vn 0 1 0
vn 0 -1 0
vn 0 -1 0
vn 0 -1 0
vn 0 -1 0
vn 0 0 1
vn 0 0 1
vn 0 0 1
vn 0 0 1
vn 0 0 -1
vn 0 0 -1
vn 0 0 -1
vn 0 0 -1
f 3229/3229/3229 3231/3231/3231 3230/3230/3230
f 3231/3231/3231 3232/3232/3232 3230/3230/3230
f 3233/3233/3233 3235/3235/3235 3234/3234/3234
f 3235/3235/3235 3236/3236/3236 3234/3234/3234
f 3237/3237/3237 3239/3239/3239 3238/3238/3238
f 3239/3239/3239 3240/3240/3240 3238/3238/3238
f 3241/3241/3241 3243/3243/3243 3242/3242/3242
f 3243/3243/3243 3244/3244/3244 3242/3242/3242
f 3245/3245/3245 3247/3247/3247 3246/3246/3246
f 3247/3247/3247 3248/3248/3248 3246/3246/3246
f 3249/3249/3249 3251/3251/3251 3250/3250/3250
f 3251/3251/3251 3252/3252/3252 3250/3250/3250
o light_bar_base
usemtl ink
v 2.5799999976158143 2.209999999329448 0.6299999952316284
v 2.5799999976158143 2.209999999329448 -0.6299999952316284
v 2.5799999976158143 2.1500000006705524 0.6299999952316284
v 2.5799999976158143 2.1500000006705524 -0.6299999952316284
v 2.200000002384186 2.209999999329448 -0.6299999952316284
v 2.200000002384186 2.209999999329448 0.6299999952316284
v 2.200000002384186 2.1500000006705524 -0.6299999952316284
v 2.200000002384186 2.1500000006705524 0.6299999952316284
v 2.200000002384186 2.209999999329448 -0.6299999952316284
v 2.5799999976158143 2.209999999329448 -0.6299999952316284
v 2.200000002384186 2.209999999329448 0.6299999952316284
v 2.5799999976158143 2.209999999329448 0.6299999952316284
v 2.200000002384186 2.1500000006705524 0.6299999952316284
v 2.5799999976158143 2.1500000006705524 0.6299999952316284
v 2.200000002384186 2.1500000006705524 -0.6299999952316284
v 2.5799999976158143 2.1500000006705524 -0.6299999952316284
v 2.200000002384186 2.209999999329448 0.6299999952316284
v 2.5799999976158143 2.209999999329448 0.6299999952316284
v 2.200000002384186 2.1500000006705524 0.6299999952316284
v 2.5799999976158143 2.1500000006705524 0.6299999952316284
v 2.5799999976158143 2.209999999329448 -0.6299999952316284
v 2.200000002384186 2.209999999329448 -0.6299999952316284
v 2.5799999976158143 2.1500000006705524 -0.6299999952316284
v 2.200000002384186 2.1500000006705524 -0.6299999952316284
vt 0 1
vt 1 1
vt 0 0
vt 1 0
vt 0 1
vt 1 1
vt 0 0
vt 1 0
vt 0 1
vt 1 1
vt 0 0
vt 1 0
vt 0 1
vt 1 1
vt 0 0
vt 1 0
vt 0 1
vt 1 1
vt 0 0
vt 1 0
vt 0 1
vt 1 1
vt 0 0
vt 1 0
vn 1 0 0
vn 1 0 0
vn 1 0 0
vn 1 0 0
vn -1 0 0
vn -1 0 0
vn -1 0 0
vn -1 0 0
vn 0 1 0
vn 0 1 0
vn 0 1 0
vn 0 1 0
vn 0 -1 0
vn 0 -1 0
vn 0 -1 0
vn 0 -1 0
vn 0 0 1
vn 0 0 1
vn 0 0 1
vn 0 0 1
vn 0 0 -1
vn 0 0 -1
vn 0 0 -1
vn 0 0 -1
f 3253/3253/3253 3255/3255/3255 3254/3254/3254
f 3255/3255/3255 3256/3256/3256 3254/3254/3254
f 3257/3257/3257 3259/3259/3259 3258/3258/3258
f 3259/3259/3259 3260/3260/3260 3258/3258/3258
f 3261/3261/3261 3263/3263/3263 3262/3262/3262
f 3263/3263/3263 3264/3264/3264 3262/3262/3262
f 3265/3265/3265 3267/3267/3267 3266/3266/3266
f 3267/3267/3267 3268/3268/3268 3266/3266/3266
f 3269/3269/3269 3271/3271/3271 3270/3270/3270
f 3271/3271/3271 3272/3272/3272 3270/3270/3270
f 3273/3273/3273 3275/3275/3275 3274/3274/3274
f 3275/3275/3275 3276/3276/3276 3274/3274/3274
o light_bar
usemtl accent_yellow
v 2.5499999964237214 2.344999997615814 0.6000000238418579
v 2.5499999964237214 2.344999997615814 -0.6000000238418579
v 2.5499999964237214 2.2150000023841856 0.6000000238418579
v 2.5499999964237214 2.2150000023841856 -0.6000000238418579
v 2.230000003576279 2.344999997615814 -0.6000000238418579
v 2.230000003576279 2.344999997615814 0.6000000238418579
v 2.230000003576279 2.2150000023841856 -0.6000000238418579
v 2.230000003576279 2.2150000023841856 0.6000000238418579
v 2.230000003576279 2.344999997615814 -0.6000000238418579
v 2.5499999964237214 2.344999997615814 -0.6000000238418579
v 2.230000003576279 2.344999997615814 0.6000000238418579
v 2.5499999964237214 2.344999997615814 0.6000000238418579
v 2.230000003576279 2.2150000023841856 0.6000000238418579
v 2.5499999964237214 2.2150000023841856 0.6000000238418579
v 2.230000003576279 2.2150000023841856 -0.6000000238418579
v 2.5499999964237214 2.2150000023841856 -0.6000000238418579
v 2.230000003576279 2.344999997615814 0.6000000238418579
v 2.5499999964237214 2.344999997615814 0.6000000238418579
v 2.230000003576279 2.2150000023841856 0.6000000238418579
v 2.5499999964237214 2.2150000023841856 0.6000000238418579
v 2.5499999964237214 2.344999997615814 -0.6000000238418579
v 2.230000003576279 2.344999997615814 -0.6000000238418579
v 2.5499999964237214 2.2150000023841856 -0.6000000238418579
v 2.230000003576279 2.2150000023841856 -0.6000000238418579
vt 0 1
vt 1 1
vt 0 0
vt 1 0
vt 0 1
vt 1 1
vt 0 0
vt 1 0
vt 0 1
vt 1 1
vt 0 0
vt 1 0
vt 0 1
vt 1 1
vt 0 0
vt 1 0
vt 0 1
vt 1 1
vt 0 0
vt 1 0
vt 0 1
vt 1 1
vt 0 0
vt 1 0
vn 1 0 0
vn 1 0 0
vn 1 0 0
vn 1 0 0
vn -1 0 0
vn -1 0 0
vn -1 0 0
vn -1 0 0
vn 0 1 0
vn 0 1 0
vn 0 1 0
vn 0 1 0
vn 0 -1 0
vn 0 -1 0
vn 0 -1 0
vn 0 -1 0
vn 0 0 1
vn 0 0 1
vn 0 0 1
vn 0 0 1
vn 0 0 -1
vn 0 0 -1
vn 0 0 -1
vn 0 0 -1
f 3277/3277/3277 3279/3279/3279 3278/3278/3278
f 3279/3279/3279 3280/3280/3280 3278/3278/3278
f 3281/3281/3281 3283/3283/3283 3282/3282/3282
f 3283/3283/3283 3284/3284/3284 3282/3282/3282
f 3285/3285/3285 3287/3287/3287 3286/3286/3286
f 3287/3287/3287 3288/3288/3288 3286/3286/3286
f 3289/3289/3289 3291/3291/3291 3290/3290/3290
f 3291/3291/3291 3292/3292/3292 3290/3290/3290
f 3293/3293/3293 3295/3295/3295 3294/3294/3294
f 3295/3295/3295 3296/3296/3296 3294/3294/3294
f 3297/3297/3297 3299/3299/3299 3298/3298/3298
f 3299/3299/3299 3300/3300/3300 3298/3298/3298
o bed_floor
usemtl body_mid
v 1.340000047683716 1.0499999986588955 0.8999999761581421
v 1.340000047683716 1.0499999986588955 -0.8999999761581421
v 1.340000047683716 0.9300000013411045 0.8999999761581421
v 1.340000047683716 0.9300000013411045 -0.8999999761581421
v -2.0600000476837157 1.0499999986588955 -0.8999999761581421
v -2.0600000476837157 1.0499999986588955 0.8999999761581421
v -2.0600000476837157 0.9300000013411045 -0.8999999761581421
v -2.0600000476837157 0.9300000013411045 0.8999999761581421
v -2.0600000476837157 1.0499999986588955 -0.8999999761581421
v 1.340000047683716 1.0499999986588955 -0.8999999761581421
v -2.0600000476837157 1.0499999986588955 0.8999999761581421
v 1.340000047683716 1.0499999986588955 0.8999999761581421
v -2.0600000476837157 0.9300000013411045 0.8999999761581421
v 1.340000047683716 0.9300000013411045 0.8999999761581421
v -2.0600000476837157 0.9300000013411045 -0.8999999761581421
v 1.340000047683716 0.9300000013411045 -0.8999999761581421
v -2.0600000476837157 1.0499999986588955 0.8999999761581421
v 1.340000047683716 1.0499999986588955 0.8999999761581421
v -2.0600000476837157 0.9300000013411045 0.8999999761581421
v 1.340000047683716 0.9300000013411045 0.8999999761581421
v 1.340000047683716 1.0499999986588955 -0.8999999761581421
v -2.0600000476837157 1.0499999986588955 -0.8999999761581421
v 1.340000047683716 0.9300000013411045 -0.8999999761581421
v -2.0600000476837157 0.9300000013411045 -0.8999999761581421
vt 0 1
vt 1 1
vt 0 0
vt 1 0
vt 0 1
vt 1 1
vt 0 0
vt 1 0
vt 0 1
vt 1 1
vt 0 0
vt 1 0
vt 0 1
vt 1 1
vt 0 0
vt 1 0
vt 0 1
vt 1 1
vt 0 0
vt 1 0
vt 0 1
vt 1 1
vt 0 0
vt 1 0
vn 1 0 0
vn 1 0 0
vn 1 0 0
vn 1 0 0
vn -1 0 0
vn -1 0 0
vn -1 0 0
vn -1 0 0
vn 0 1 0
vn 0 1 0
vn 0 1 0
vn 0 1 0
vn 0 -1 0
vn 0 -1 0
vn 0 -1 0
vn 0 -1 0
vn 0 0 1
vn 0 0 1
vn 0 0 1
vn 0 0 1
vn 0 0 -1
vn 0 0 -1
vn 0 0 -1
vn 0 0 -1
f 3301/3301/3301 3303/3303/3303 3302/3302/3302
f 3303/3303/3303 3304/3304/3304 3302/3302/3302
f 3305/3305/3305 3307/3307/3307 3306/3306/3306
f 3307/3307/3307 3308/3308/3308 3306/3306/3306
f 3309/3309/3309 3311/3311/3311 3310/3310/3310
f 3311/3311/3311 3312/3312/3312 3310/3310/3310
f 3313/3313/3313 3315/3315/3315 3314/3314/3314
f 3315/3315/3315 3316/3316/3316 3314/3314/3314
f 3317/3317/3317 3319/3319/3319 3318/3318/3318
f 3319/3319/3319 3320/3320/3320 3318/3318/3318
f 3321/3321/3321 3323/3323/3323 3322/3322/3322
f 3323/3323/3323 3324/3324/3324 3322/3322/3322
o bed_bulkhead
usemtl body_light
v 1.350000000745058 1.5100000041723252 0.8999999761581421
v 1.350000000745058 1.5100000041723252 -0.8999999761581421
v 1.350000000745058 1.049999995827675 0.8999999761581421
v 1.350000000745058 1.049999995827675 -0.8999999761581421
v 1.249999999254942 1.5100000041723252 -0.8999999761581421
v 1.249999999254942 1.5100000041723252 0.8999999761581421
v 1.249999999254942 1.049999995827675 -0.8999999761581421
v 1.249999999254942 1.049999995827675 0.8999999761581421
v 1.249999999254942 1.5100000041723252 -0.8999999761581421
v 1.350000000745058 1.5100000041723252 -0.8999999761581421
v 1.249999999254942 1.5100000041723252 0.8999999761581421
v 1.350000000745058 1.5100000041723252 0.8999999761581421
v 1.249999999254942 1.049999995827675 0.8999999761581421
v 1.350000000745058 1.049999995827675 0.8999999761581421
v 1.249999999254942 1.049999995827675 -0.8999999761581421
v 1.350000000745058 1.049999995827675 -0.8999999761581421
v 1.249999999254942 1.5100000041723252 0.8999999761581421
v 1.350000000745058 1.5100000041723252 0.8999999761581421
v 1.249999999254942 1.049999995827675 0.8999999761581421
v 1.350000000745058 1.049999995827675 0.8999999761581421
v 1.350000000745058 1.5100000041723252 -0.8999999761581421
v 1.249999999254942 1.5100000041723252 -0.8999999761581421
v 1.350000000745058 1.049999995827675 -0.8999999761581421
v 1.249999999254942 1.049999995827675 -0.8999999761581421
vt 0 1
vt 1 1
vt 0 0
vt 1 0
vt 0 1
vt 1 1
vt 0 0
vt 1 0
vt 0 1
vt 1 1
vt 0 0
vt 1 0
vt 0 1
vt 1 1
vt 0 0
vt 1 0
vt 0 1
vt 1 1
vt 0 0
vt 1 0
vt 0 1
vt 1 1
vt 0 0
vt 1 0
vn 1 0 0
vn 1 0 0
vn 1 0 0
vn 1 0 0
vn -1 0 0
vn -1 0 0
vn -1 0 0
vn -1 0 0
vn 0 1 0
vn 0 1 0
vn 0 1 0
vn 0 1 0
vn 0 -1 0
vn 0 -1 0
vn 0 -1 0
vn 0 -1 0
vn 0 0 1
vn 0 0 1
vn 0 0 1
vn 0 0 1
vn 0 0 -1
vn 0 0 -1
vn 0 0 -1
vn 0 0 -1
f 3325/3325/3325 3327/3327/3327 3326/3326/3326
f 3327/3327/3327 3328/3328/3328 3326/3326/3326
f 3329/3329/3329 3331/3331/3331 3330/3330/3330
f 3331/3331/3331 3332/3332/3332 3330/3330/3330
f 3333/3333/3333 3335/3335/3335 3334/3334/3334
f 3335/3335/3335 3336/3336/3336 3334/3334/3334
f 3337/3337/3337 3339/3339/3339 3338/3338/3338
f 3339/3339/3339 3340/3340/3340 3338/3338/3338
f 3341/3341/3341 3343/3343/3343 3342/3342/3342
f 3343/3343/3343 3344/3344/3344 3342/3342/3342
f 3345/3345/3345 3347/3347/3347 3346/3346/3346
f 3347/3347/3347 3348/3348/3348 3346/3346/3346
o bed_bulkhead_cap
usemtl body_dark
v 1.3799999982118607 1.555000000372529 0.9200000166893005
v 1.3799999982118607 1.555000000372529 -0.9200000166893005
v 1.3799999982118607 1.504999999627471 0.9200000166893005
v 1.3799999982118607 1.504999999627471 -0.9200000166893005
v 1.2200000017881394 1.555000000372529 -0.9200000166893005
v 1.2200000017881394 1.555000000372529 0.9200000166893005
v 1.2200000017881394 1.504999999627471 -0.9200000166893005
v 1.2200000017881394 1.504999999627471 0.9200000166893005
v 1.2200000017881394 1.555000000372529 -0.9200000166893005
v 1.3799999982118607 1.555000000372529 -0.9200000166893005
v 1.2200000017881394 1.555000000372529 0.9200000166893005
v 1.3799999982118607 1.555000000372529 0.9200000166893005
v 1.2200000017881394 1.504999999627471 0.9200000166893005
v 1.3799999982118607 1.504999999627471 0.9200000166893005
v 1.2200000017881394 1.504999999627471 -0.9200000166893005
v 1.3799999982118607 1.504999999627471 -0.9200000166893005
v 1.2200000017881394 1.555000000372529 0.9200000166893005
v 1.3799999982118607 1.555000000372529 0.9200000166893005
v 1.2200000017881394 1.504999999627471 0.9200000166893005
v 1.3799999982118607 1.504999999627471 0.9200000166893005
v 1.3799999982118607 1.555000000372529 -0.9200000166893005
v 1.2200000017881394 1.555000000372529 -0.9200000166893005
v 1.3799999982118607 1.504999999627471 -0.9200000166893005
v 1.2200000017881394 1.504999999627471 -0.9200000166893005
vt 0 1
vt 1 1
vt 0 0
vt 1 0
vt 0 1
vt 1 1
vt 0 0
vt 1 0
vt 0 1
vt 1 1
vt 0 0
vt 1 0
vt 0 1
vt 1 1
vt 0 0
vt 1 0
vt 0 1
vt 1 1
vt 0 0
vt 1 0
vt 0 1
vt 1 1
vt 0 0
vt 1 0
vn 1 0 0
vn 1 0 0
vn 1 0 0
vn 1 0 0
vn -1 0 0
vn -1 0 0
vn -1 0 0
vn -1 0 0
vn 0 1 0
vn 0 1 0
vn 0 1 0
vn 0 1 0
vn 0 -1 0
vn 0 -1 0
vn 0 -1 0
vn 0 -1 0
vn 0 0 1
vn 0 0 1
vn 0 0 1
vn 0 0 1
vn 0 0 -1
vn 0 0 -1
vn 0 0 -1
vn 0 0 -1
f 3349/3349/3349 3351/3351/3351 3350/3350/3350
f 3351/3351/3351 3352/3352/3352 3350/3350/3350
f 3353/3353/3353 3355/3355/3355 3354/3354/3354
f 3355/3355/3355 3356/3356/3356 3354/3354/3354
f 3357/3357/3357 3359/3359/3359 3358/3358/3358
f 3359/3359/3359 3360/3360/3360 3358/3358/3358
f 3361/3361/3361 3363/3363/3363 3362/3362/3362
f 3363/3363/3363 3364/3364/3364 3362/3362/3362
f 3365/3365/3365 3367/3367/3367 3366/3366/3366
f 3367/3367/3367 3368/3368/3368 3366/3366/3366
f 3369/3369/3369 3371/3371/3371 3370/3370/3370
f 3371/3371/3371 3372/3372/3372 3370/3370/3370
o wheel_track
usemtl body_dark
v 1.0400000238418579 1.1099999993294478 0.2199999988079071
v 1.0400000238418579 1.1099999993294478 -0.2199999988079071
v 1.0400000238418579 1.0500000006705523 0.2199999988079071
v 1.0400000238418579 1.0500000006705523 -0.2199999988079071
v -2.160000023841858 1.1099999993294478 -0.2199999988079071
v -2.160000023841858 1.1099999993294478 0.2199999988079071
v -2.160000023841858 1.0500000006705523 -0.2199999988079071
v -2.160000023841858 1.0500000006705523 0.2199999988079071
v -2.160000023841858 1.1099999993294478 -0.2199999988079071
v 1.0400000238418579 1.1099999993294478 -0.2199999988079071
v -2.160000023841858 1.1099999993294478 0.2199999988079071
v 1.0400000238418579 1.1099999993294478 0.2199999988079071
v -2.160000023841858 1.0500000006705523 0.2199999988079071
v 1.0400000238418579 1.0500000006705523 0.2199999988079071
v -2.160000023841858 1.0500000006705523 -0.2199999988079071
v 1.0400000238418579 1.0500000006705523 -0.2199999988079071
v -2.160000023841858 1.1099999993294478 0.2199999988079071
v 1.0400000238418579 1.1099999993294478 0.2199999988079071
v -2.160000023841858 1.0500000006705523 0.2199999988079071
v 1.0400000238418579 1.0500000006705523 0.2199999988079071
v 1.0400000238418579 1.1099999993294478 -0.2199999988079071
v -2.160000023841858 1.1099999993294478 -0.2199999988079071
v 1.0400000238418579 1.0500000006705523 -0.2199999988079071
v -2.160000023841858 1.0500000006705523 -0.2199999988079071
vt 0 1
vt 1 1
vt 0 0
vt 1 0
vt 0 1
vt 1 1
vt 0 0
vt 1 0
vt 0 1
vt 1 1
vt 0 0
vt 1 0
vt 0 1
vt 1 1
vt 0 0
vt 1 0
vt 0 1
vt 1 1
vt 0 0
vt 1 0
vt 0 1
vt 1 1
vt 0 0
vt 1 0
vn 1 0 0
vn 1 0 0
vn 1 0 0
vn 1 0 0
vn -1 0 0
vn -1 0 0
vn -1 0 0
vn -1 0 0
vn 0 1 0
vn 0 1 0
vn 0 1 0
vn 0 1 0
vn 0 -1 0
vn 0 -1 0
vn 0 -1 0
vn 0 -1 0
vn 0 0 1
vn 0 0 1
vn 0 0 1
vn 0 0 1
vn 0 0 -1
vn 0 0 -1
vn 0 0 -1
vn 0 0 -1
f 3373/3373/3373 3375/3375/3375 3374/3374/3374
f 3375/3375/3375 3376/3376/3376 3374/3374/3374
f 3377/3377/3377 3379/3379/3379 3378/3378/3378
f 3379/3379/3379 3380/3380/3380 3378/3378/3378
f 3381/3381/3381 3383/3383/3383 3382/3382/3382
f 3383/3383/3383 3384/3384/3384 3382/3382/3382
f 3385/3385/3385 3387/3387/3387 3386/3386/3386
f 3387/3387/3387 3388/3388/3388 3386/3386/3386
f 3389/3389/3389 3391/3391/3391 3390/3390/3390
f 3391/3391/3391 3392/3392/3392 3390/3390/3390
f 3393/3393/3393 3395/3395/3395 3394/3394/3394
f 3395/3395/3395 3396/3396/3396 3394/3394/3394
o bed_side_l
usemtl body_light
v 1.340000047683716 1.5100000041723252 0.900000000745058
v 1.340000047683716 1.5100000041723252 0.7999999992549419
v 1.340000047683716 1.049999995827675 0.900000000745058
v 1.340000047683716 1.049999995827675 0.7999999992549419
v -2.0600000476837157 1.5100000041723252 0.7999999992549419
v -2.0600000476837157 1.5100000041723252 0.900000000745058
v -2.0600000476837157 1.049999995827675 0.7999999992549419
v -2.0600000476837157 1.049999995827675 0.900000000745058
v -2.0600000476837157 1.5100000041723252 0.7999999992549419
v 1.340000047683716 1.5100000041723252 0.7999999992549419
v -2.0600000476837157 1.5100000041723252 0.900000000745058
v 1.340000047683716 1.5100000041723252 0.900000000745058
v -2.0600000476837157 1.049999995827675 0.900000000745058
v 1.340000047683716 1.049999995827675 0.900000000745058
v -2.0600000476837157 1.049999995827675 0.7999999992549419
v 1.340000047683716 1.049999995827675 0.7999999992549419
v -2.0600000476837157 1.5100000041723252 0.900000000745058
v 1.340000047683716 1.5100000041723252 0.900000000745058
v -2.0600000476837157 1.049999995827675 0.900000000745058
v 1.340000047683716 1.049999995827675 0.900000000745058
v 1.340000047683716 1.5100000041723252 0.7999999992549419
v -2.0600000476837157 1.5100000041723252 0.7999999992549419
v 1.340000047683716 1.049999995827675 0.7999999992549419
v -2.0600000476837157 1.049999995827675 0.7999999992549419
vt 0 1
vt 1 1
vt 0 0
vt 1 0
vt 0 1
vt 1 1
vt 0 0
vt 1 0
vt 0 1
vt 1 1
vt 0 0
vt 1 0
vt 0 1
vt 1 1
vt 0 0
vt 1 0
vt 0 1
vt 1 1
vt 0 0
vt 1 0
vt 0 1
vt 1 1
vt 0 0
vt 1 0
vn 1 0 0
vn 1 0 0
vn 1 0 0
vn 1 0 0
vn -1 0 0
vn -1 0 0
vn -1 0 0
vn -1 0 0
vn 0 1 0
vn 0 1 0
vn 0 1 0
vn 0 1 0
vn 0 -1 0
vn 0 -1 0
vn 0 -1 0
vn 0 -1 0
vn 0 0 1
vn 0 0 1
vn 0 0 1
vn 0 0 1
vn 0 0 -1
vn 0 0 -1
vn 0 0 -1
vn 0 0 -1
f 3397/3397/3397 3399/3399/3399 3398/3398/3398
f 3399/3399/3399 3400/3400/3400 3398/3398/3398
f 3401/3401/3401 3403/3403/3403 3402/3402/3402
f 3403/3403/3403 3404/3404/3404 3402/3402/3402
f 3405/3405/3405 3407/3407/3407 3406/3406/3406
f 3407/3407/3407 3408/3408/3408 3406/3406/3406
f 3409/3409/3409 3411/3411/3411 3410/3410/3410
f 3411/3411/3411 3412/3412/3412 3410/3410/3410
f 3413/3413/3413 3415/3415/3415 3414/3414/3414
f 3415/3415/3415 3416/3416/3416 3414/3414/3414
f 3417/3417/3417 3419/3419/3419 3418/3418/3418
f 3419/3419/3419 3420/3420/3420 3418/3418/3418
o bed_rail_cap_l
usemtl body_dark
v 1.3600000286102296 1.555000000372529 0.9299999982118606
v 1.3600000286102296 1.555000000372529 0.7700000017881393
v 1.3600000286102296 1.504999999627471 0.9299999982118606
v 1.3600000286102296 1.504999999627471 0.7700000017881393
v -2.0800000286102294 1.555000000372529 0.7700000017881393
v -2.0800000286102294 1.555000000372529 0.9299999982118606
v -2.0800000286102294 1.504999999627471 0.7700000017881393
v -2.0800000286102294 1.504999999627471 0.9299999982118606
v -2.0800000286102294 1.555000000372529 0.7700000017881393
v 1.3600000286102296 1.555000000372529 0.7700000017881393
v -2.0800000286102294 1.555000000372529 0.9299999982118606
v 1.3600000286102296 1.555000000372529 0.9299999982118606
v -2.0800000286102294 1.504999999627471 0.9299999982118606
v 1.3600000286102296 1.504999999627471 0.9299999982118606
v -2.0800000286102294 1.504999999627471 0.7700000017881393
v 1.3600000286102296 1.504999999627471 0.7700000017881393
v -2.0800000286102294 1.555000000372529 0.9299999982118606
v 1.3600000286102296 1.555000000372529 0.9299999982118606
v -2.0800000286102294 1.504999999627471 0.9299999982118606
v 1.3600000286102296 1.504999999627471 0.9299999982118606
v 1.3600000286102296 1.555000000372529 0.7700000017881393
v -2.0800000286102294 1.555000000372529 0.7700000017881393
v 1.3600000286102296 1.504999999627471 0.7700000017881393
v -2.0800000286102294 1.504999999627471 0.7700000017881393
vt 0 1
vt 1 1
vt 0 0
vt 1 0
vt 0 1
vt 1 1
vt 0 0
vt 1 0
vt 0 1
vt 1 1
vt 0 0
vt 1 0
vt 0 1
vt 1 1
vt 0 0
vt 1 0
vt 0 1
vt 1 1
vt 0 0
vt 1 0
vt 0 1
vt 1 1
vt 0 0
vt 1 0
vn 1 0 0
vn 1 0 0
vn 1 0 0
vn 1 0 0
vn -1 0 0
vn -1 0 0
vn -1 0 0
vn -1 0 0
vn 0 1 0
vn 0 1 0
vn 0 1 0
vn 0 1 0
vn 0 -1 0
vn 0 -1 0
vn 0 -1 0
vn 0 -1 0
vn 0 0 1
vn 0 0 1
vn 0 0 1
vn 0 0 1
vn 0 0 -1
vn 0 0 -1
vn 0 0 -1
vn 0 0 -1
f 3421/3421/3421 3423/3423/3423 3422/3422/3422
f 3423/3423/3423 3424/3424/3424 3422/3422/3422
f 3425/3425/3425 3427/3427/3427 3426/3426/3426
f 3427/3427/3427 3428/3428/3428 3426/3426/3426
f 3429/3429/3429 3431/3431/3431 3430/3430/3430
f 3431/3431/3431 3432/3432/3432 3430/3430/3430
f 3433/3433/3433 3435/3435/3435 3434/3434/3434
f 3435/3435/3435 3436/3436/3436 3434/3434/3434
f 3437/3437/3437 3439/3439/3439 3438/3438/3438
f 3439/3439/3439 3440/3440/3440 3438/3438/3438
f 3441/3441/3441 3443/3443/3443 3442/3442/3442
f 3443/3443/3443 3444/3444/3444 3442/3442/3442
o wheel_well_l
usemtl body_mid
v -0.10999999999999988 1.3099999952316284 0.839999997317791
v -0.10999999999999988 1.3099999952316284 0.600000002682209
v -0.10999999999999988 1.0500000047683715 0.839999997317791
v -0.10999999999999988 1.0500000047683715 0.600000002682209
v -1.1099999999999999 1.3099999952316284 0.600000002682209
v -1.1099999999999999 1.3099999952316284 0.839999997317791
v -1.1099999999999999 1.0500000047683715 0.600000002682209
v -1.1099999999999999 1.0500000047683715 0.839999997317791
v -1.1099999999999999 1.3099999952316284 0.600000002682209
v -0.10999999999999988 1.3099999952316284 0.600000002682209
v -1.1099999999999999 1.3099999952316284 0.839999997317791
v -0.10999999999999988 1.3099999952316284 0.839999997317791
v -1.1099999999999999 1.0500000047683715 0.839999997317791
v -0.10999999999999988 1.0500000047683715 0.839999997317791
v -1.1099999999999999 1.0500000047683715 0.600000002682209
v -0.10999999999999988 1.0500000047683715 0.600000002682209
v -1.1099999999999999 1.3099999952316284 0.839999997317791
v -0.10999999999999988 1.3099999952316284 0.839999997317791
v -1.1099999999999999 1.0500000047683715 0.839999997317791
v -0.10999999999999988 1.0500000047683715 0.839999997317791
v -0.10999999999999988 1.3099999952316284 0.600000002682209
v -1.1099999999999999 1.3099999952316284 0.600000002682209
v -0.10999999999999988 1.0500000047683715 0.600000002682209
v -1.1099999999999999 1.0500000047683715 0.600000002682209
vt 0 1
vt 1 1
vt 0 0
vt 1 0
vt 0 1
vt 1 1
vt 0 0
vt 1 0
vt 0 1
vt 1 1
vt 0 0
vt 1 0
vt 0 1
vt 1 1
vt 0 0
vt 1 0
vt 0 1
vt 1 1
vt 0 0
vt 1 0
vt 0 1
vt 1 1
vt 0 0
vt 1 0
vn 1 0 0
vn 1 0 0
vn 1 0 0
vn 1 0 0
vn -1 0 0
vn -1 0 0
vn -1 0 0
vn -1 0 0
vn 0 1 0
vn 0 1 0
vn 0 1 0
vn 0 1 0
vn 0 -1 0
vn 0 -1 0
vn 0 -1 0
vn 0 -1 0
vn 0 0 1
vn 0 0 1
vn 0 0 1
vn 0 0 1
vn 0 0 -1
vn 0 0 -1
vn 0 0 -1
vn 0 0 -1
f 3445/3445/3445 3447/3447/3447 3446/3446/3446
f 3447/3447/3447 3448/3448/3448 3446/3446/3446
f 3449/3449/3449 3451/3451/3451 3450/3450/3450
f 3451/3451/3451 3452/3452/3452 3450/3450/3450
f 3453/3453/3453 3455/3455/3455 3454/3454/3454
f 3455/3455/3455 3456/3456/3456 3454/3454/3454
f 3457/3457/3457 3459/3459/3459 3458/3458/3458
f 3459/3459/3459 3460/3460/3460 3458/3458/3458
f 3461/3461/3461 3463/3463/3463 3462/3462/3462
f 3463/3463/3463 3464/3464/3464 3462/3462/3462
f 3465/3465/3465 3467/3467/3467 3466/3466/3466
f 3467/3467/3467 3468/3468/3468 3466/3466/3466
o tie_anchor_l_0
usemtl accent_yellow
v 0.7400000014901161 1.1199999993294478 0.7699999993294477
v 0.7400000014901161 1.1199999993294478 0.7100000006705522
v 0.7400000014901161 1.0600000006705523 0.7699999993294477
v 0.7400000014901161 1.0600000006705523 0.7100000006705522
v 0.5399999985098839 1.1199999993294478 0.7100000006705522
v 0.5399999985098839 1.1199999993294478 0.7699999993294477
v 0.5399999985098839 1.0600000006705523 0.7100000006705522
v 0.5399999985098839 1.0600000006705523 0.7699999993294477
v 0.5399999985098839 1.1199999993294478 0.7100000006705522
v 0.7400000014901161 1.1199999993294478 0.7100000006705522
v 0.5399999985098839 1.1199999993294478 0.7699999993294477
v 0.7400000014901161 1.1199999993294478 0.7699999993294477
v 0.5399999985098839 1.0600000006705523 0.7699999993294477
v 0.7400000014901161 1.0600000006705523 0.7699999993294477
v 0.5399999985098839 1.0600000006705523 0.7100000006705522
v 0.7400000014901161 1.0600000006705523 0.7100000006705522
v 0.5399999985098839 1.1199999993294478 0.7699999993294477
v 0.7400000014901161 1.1199999993294478 0.7699999993294477
v 0.5399999985098839 1.0600000006705523 0.7699999993294477
v 0.7400000014901161 1.0600000006705523 0.7699999993294477
v 0.7400000014901161 1.1199999993294478 0.7100000006705522
v 0.5399999985098839 1.1199999993294478 0.7100000006705522
v 0.7400000014901161 1.0600000006705523 0.7100000006705522
v 0.5399999985098839 1.0600000006705523 0.7100000006705522
vt 0 1
vt 1 1
vt 0 0
vt 1 0
vt 0 1
vt 1 1
vt 0 0
vt 1 0
vt 0 1
vt 1 1
vt 0 0
vt 1 0
vt 0 1
vt 1 1
vt 0 0
vt 1 0
vt 0 1
vt 1 1
vt 0 0
vt 1 0
vt 0 1
vt 1 1
vt 0 0
vt 1 0
vn 1 0 0
vn 1 0 0
vn 1 0 0
vn 1 0 0
vn -1 0 0
vn -1 0 0
vn -1 0 0
vn -1 0 0
vn 0 1 0
vn 0 1 0
vn 0 1 0
vn 0 1 0
vn 0 -1 0
vn 0 -1 0
vn 0 -1 0
vn 0 -1 0
vn 0 0 1
vn 0 0 1
vn 0 0 1
vn 0 0 1
vn 0 0 -1
vn 0 0 -1
vn 0 0 -1
vn 0 0 -1
f 3469/3469/3469 3471/3471/3471 3470/3470/3470
f 3471/3471/3471 3472/3472/3472 3470/3470/3470
f 3473/3473/3473 3475/3475/3475 3474/3474/3474
f 3475/3475/3475 3476/3476/3476 3474/3474/3474
f 3477/3477/3477 3479/3479/3479 3478/3478/3478
f 3479/3479/3479 3480/3480/3480 3478/3478/3478
f 3481/3481/3481 3483/3483/3483 3482/3482/3482
f 3483/3483/3483 3484/3484/3484 3482/3482/3482
f 3485/3485/3485 3487/3487/3487 3486/3486/3486
f 3487/3487/3487 3488/3488/3488 3486/3486/3486
f 3489/3489/3489 3491/3491/3491 3490/3490/3490
f 3491/3491/3491 3492/3492/3492 3490/3490/3490
o tie_anchor_l_1
usemtl accent_yellow
v -0.45999999850988393 1.1199999993294478 0.7699999993294477
v -0.45999999850988393 1.1199999993294478 0.7100000006705522
v -0.45999999850988393 1.0600000006705523 0.7699999993294477
v -0.45999999850988393 1.0600000006705523 0.7100000006705522
v -0.6600000014901162 1.1199999993294478 0.7100000006705522
v -0.6600000014901162 1.1199999993294478 0.7699999993294477
v -0.6600000014901162 1.0600000006705523 0.7100000006705522
v -0.6600000014901162 1.0600000006705523 0.7699999993294477
v -0.6600000014901162 1.1199999993294478 0.7100000006705522
v -0.45999999850988393 1.1199999993294478 0.7100000006705522
v -0.6600000014901162 1.1199999993294478 0.7699999993294477
v -0.45999999850988393 1.1199999993294478 0.7699999993294477
v -0.6600000014901162 1.0600000006705523 0.7699999993294477
v -0.45999999850988393 1.0600000006705523 0.7699999993294477
v -0.6600000014901162 1.0600000006705523 0.7100000006705522
v -0.45999999850988393 1.0600000006705523 0.7100000006705522
v -0.6600000014901162 1.1199999993294478 0.7699999993294477
v -0.45999999850988393 1.1199999993294478 0.7699999993294477
v -0.6600000014901162 1.0600000006705523 0.7699999993294477
v -0.45999999850988393 1.0600000006705523 0.7699999993294477
v -0.45999999850988393 1.1199999993294478 0.7100000006705522
v -0.6600000014901162 1.1199999993294478 0.7100000006705522
v -0.45999999850988393 1.0600000006705523 0.7100000006705522
v -0.6600000014901162 1.0600000006705523 0.7100000006705522
vt 0 1
vt 1 1
vt 0 0
vt 1 0
vt 0 1
vt 1 1
vt 0 0
vt 1 0
vt 0 1
vt 1 1
vt 0 0
vt 1 0
vt 0 1
vt 1 1
vt 0 0
vt 1 0
vt 0 1
vt 1 1
vt 0 0
vt 1 0
vt 0 1
vt 1 1
vt 0 0
vt 1 0
vn 1 0 0
vn 1 0 0
vn 1 0 0
vn 1 0 0
vn -1 0 0
vn -1 0 0
vn -1 0 0
vn -1 0 0
vn 0 1 0
vn 0 1 0
vn 0 1 0
vn 0 1 0
vn 0 -1 0
vn 0 -1 0
vn 0 -1 0
vn 0 -1 0
vn 0 0 1
vn 0 0 1
vn 0 0 1
vn 0 0 1
vn 0 0 -1
vn 0 0 -1
vn 0 0 -1
vn 0 0 -1
f 3493/3493/3493 3495/3495/3495 3494/3494/3494
f 3495/3495/3495 3496/3496/3496 3494/3494/3494
f 3497/3497/3497 3499/3499/3499 3498/3498/3498
f 3499/3499/3499 3500/3500/3500 3498/3498/3498
f 3501/3501/3501 3503/3503/3503 3502/3502/3502
f 3503/3503/3503 3504/3504/3504 3502/3502/3502
f 3505/3505/3505 3507/3507/3507 3506/3506/3506
f 3507/3507/3507 3508/3508/3508 3506/3506/3506
f 3509/3509/3509 3511/3511/3511 3510/3510/3510
f 3511/3511/3511 3512/3512/3512 3510/3510/3510
f 3513/3513/3513 3515/3515/3515 3514/3514/3514
f 3515/3515/3515 3516/3516/3516 3514/3514/3514
o tie_anchor_l_2
usemtl accent_yellow
v -1.6599999985098837 1.1199999993294478 0.7699999993294477
v -1.6599999985098837 1.1199999993294478 0.7100000006705522
v -1.6599999985098837 1.0600000006705523 0.7699999993294477
v -1.6599999985098837 1.0600000006705523 0.7100000006705522
v -1.860000001490116 1.1199999993294478 0.7100000006705522
v -1.860000001490116 1.1199999993294478 0.7699999993294477
v -1.860000001490116 1.0600000006705523 0.7100000006705522
v -1.860000001490116 1.0600000006705523 0.7699999993294477
v -1.860000001490116 1.1199999993294478 0.7100000006705522
v -1.6599999985098837 1.1199999993294478 0.7100000006705522
v -1.860000001490116 1.1199999993294478 0.7699999993294477
v -1.6599999985098837 1.1199999993294478 0.7699999993294477
v -1.860000001490116 1.0600000006705523 0.7699999993294477
v -1.6599999985098837 1.0600000006705523 0.7699999993294477
v -1.860000001490116 1.0600000006705523 0.7100000006705522
v -1.6599999985098837 1.0600000006705523 0.7100000006705522
v -1.860000001490116 1.1199999993294478 0.7699999993294477
v -1.6599999985098837 1.1199999993294478 0.7699999993294477
v -1.860000001490116 1.0600000006705523 0.7699999993294477
v -1.6599999985098837 1.0600000006705523 0.7699999993294477
v -1.6599999985098837 1.1199999993294478 0.7100000006705522
v -1.860000001490116 1.1199999993294478 0.7100000006705522
v -1.6599999985098837 1.0600000006705523 0.7100000006705522
v -1.860000001490116 1.0600000006705523 0.7100000006705522
vt 0 1
vt 1 1
vt 0 0
vt 1 0
vt 0 1
vt 1 1
vt 0 0
vt 1 0
vt 0 1
vt 1 1
vt 0 0
vt 1 0
vt 0 1
vt 1 1
vt 0 0
vt 1 0
vt 0 1
vt 1 1
vt 0 0
vt 1 0
vt 0 1
vt 1 1
vt 0 0
vt 1 0
vn 1 0 0
vn 1 0 0
vn 1 0 0
vn 1 0 0
vn -1 0 0
vn -1 0 0
vn -1 0 0
vn -1 0 0
vn 0 1 0
vn 0 1 0
vn 0 1 0
vn 0 1 0
vn 0 -1 0
vn 0 -1 0
vn 0 -1 0
vn 0 -1 0
vn 0 0 1
vn 0 0 1
vn 0 0 1
vn 0 0 1
vn 0 0 -1
vn 0 0 -1
vn 0 0 -1
vn 0 0 -1
f 3517/3517/3517 3519/3519/3519 3518/3518/3518
f 3519/3519/3519 3520/3520/3520 3518/3518/3518
f 3521/3521/3521 3523/3523/3523 3522/3522/3522
f 3523/3523/3523 3524/3524/3524 3522/3522/3522
f 3525/3525/3525 3527/3527/3527 3526/3526/3526
f 3527/3527/3527 3528/3528/3528 3526/3526/3526
f 3529/3529/3529 3531/3531/3531 3530/3530/3530
f 3531/3531/3531 3532/3532/3532 3530/3530/3530
f 3533/3533/3533 3535/3535/3535 3534/3534/3534
f 3535/3535/3535 3536/3536/3536 3534/3534/3534
f 3537/3537/3537 3539/3539/3539 3538/3538/3538
f 3539/3539/3539 3540/3540/3540 3538/3538/3538
o tail_light_l
usemtl ink
v -2.0649999998509885 1.279999997317791 0.8400000005960464
v -2.0649999998509885 1.279999997317791 0.5599999994039535
v -2.0649999998509885 1.040000002682209 0.8400000005960464
v -2.0649999998509885 1.040000002682209 0.5599999994039535
v -2.1350000001490117 1.279999997317791 0.5599999994039535
v -2.1350000001490117 1.279999997317791 0.8400000005960464
v -2.1350000001490117 1.040000002682209 0.5599999994039535
v -2.1350000001490117 1.040000002682209 0.8400000005960464
v -2.1350000001490117 1.279999997317791 0.5599999994039535
v -2.0649999998509885 1.279999997317791 0.5599999994039535
v -2.1350000001490117 1.279999997317791 0.8400000005960464
v -2.0649999998509885 1.279999997317791 0.8400000005960464
v -2.1350000001490117 1.040000002682209 0.8400000005960464
v -2.0649999998509885 1.040000002682209 0.8400000005960464
v -2.1350000001490117 1.040000002682209 0.5599999994039535
v -2.0649999998509885 1.040000002682209 0.5599999994039535
v -2.1350000001490117 1.279999997317791 0.8400000005960464
v -2.0649999998509885 1.279999997317791 0.8400000005960464
v -2.1350000001490117 1.040000002682209 0.8400000005960464
v -2.0649999998509885 1.040000002682209 0.8400000005960464
v -2.0649999998509885 1.279999997317791 0.5599999994039535
v -2.1350000001490117 1.279999997317791 0.5599999994039535
v -2.0649999998509885 1.040000002682209 0.5599999994039535
v -2.1350000001490117 1.040000002682209 0.5599999994039535
vt 0 1
vt 1 1
vt 0 0
vt 1 0
vt 0 1
vt 1 1
vt 0 0
vt 1 0
vt 0 1
vt 1 1
vt 0 0
vt 1 0
vt 0 1
vt 1 1
vt 0 0
vt 1 0
vt 0 1
vt 1 1
vt 0 0
vt 1 0
vt 0 1
vt 1 1
vt 0 0
vt 1 0
vn 1 0 0
vn 1 0 0
vn 1 0 0
vn 1 0 0
vn -1 0 0
vn -1 0 0
vn -1 0 0
vn -1 0 0
vn 0 1 0
vn 0 1 0
vn 0 1 0
vn 0 1 0
vn 0 -1 0
vn 0 -1 0
vn 0 -1 0
vn 0 -1 0
vn 0 0 1
vn 0 0 1
vn 0 0 1
vn 0 0 1
vn 0 0 -1
vn 0 0 -1
vn 0 0 -1
vn 0 0 -1
f 3541/3541/3541 3543/3543/3543 3542/3542/3542
f 3543/3543/3543 3544/3544/3544 3542/3542/3542
f 3545/3545/3545 3547/3547/3547 3546/3546/3546
f 3547/3547/3547 3548/3548/3548 3546/3546/3546
f 3549/3549/3549 3551/3551/3551 3550/3550/3550
f 3551/3551/3551 3552/3552/3552 3550/3550/3550
f 3553/3553/3553 3555/3555/3555 3554/3554/3554
f 3555/3555/3555 3556/3556/3556 3554/3554/3554
f 3557/3557/3557 3559/3559/3559 3558/3558/3558
f 3559/3559/3559 3560/3560/3560 3558/3558/3558
f 3561/3561/3561 3563/3563/3563 3562/3562/3562
f 3563/3563/3563 3564/3564/3564 3562/3562/3562
o bed_side_r
usemtl body_light
v 1.340000047683716 1.5100000041723252 -0.7999999992549419
v 1.340000047683716 1.5100000041723252 -0.900000000745058
v 1.340000047683716 1.049999995827675 -0.7999999992549419
v 1.340000047683716 1.049999995827675 -0.900000000745058
v -2.0600000476837157 1.5100000041723252 -0.900000000745058
v -2.0600000476837157 1.5100000041723252 -0.7999999992549419
v -2.0600000476837157 1.049999995827675 -0.900000000745058
v -2.0600000476837157 1.049999995827675 -0.7999999992549419
v -2.0600000476837157 1.5100000041723252 -0.900000000745058
v 1.340000047683716 1.5100000041723252 -0.900000000745058
v -2.0600000476837157 1.5100000041723252 -0.7999999992549419
v 1.340000047683716 1.5100000041723252 -0.7999999992549419
v -2.0600000476837157 1.049999995827675 -0.7999999992549419
v 1.340000047683716 1.049999995827675 -0.7999999992549419
v -2.0600000476837157 1.049999995827675 -0.900000000745058
v 1.340000047683716 1.049999995827675 -0.900000000745058
v -2.0600000476837157 1.5100000041723252 -0.7999999992549419
v 1.340000047683716 1.5100000041723252 -0.7999999992549419
v -2.0600000476837157 1.049999995827675 -0.7999999992549419
v 1.340000047683716 1.049999995827675 -0.7999999992549419
v 1.340000047683716 1.5100000041723252 -0.900000000745058
v -2.0600000476837157 1.5100000041723252 -0.900000000745058
v 1.340000047683716 1.049999995827675 -0.900000000745058
v -2.0600000476837157 1.049999995827675 -0.900000000745058
vt 0 1
vt 1 1
vt 0 0
vt 1 0
vt 0 1
vt 1 1
vt 0 0
vt 1 0
vt 0 1
vt 1 1
vt 0 0
vt 1 0
vt 0 1
vt 1 1
vt 0 0
vt 1 0
vt 0 1
vt 1 1
vt 0 0
vt 1 0
vt 0 1
vt 1 1
vt 0 0
vt 1 0
vn 1 0 0
vn 1 0 0
vn 1 0 0
vn 1 0 0
vn -1 0 0
vn -1 0 0
vn -1 0 0
vn -1 0 0
vn 0 1 0
vn 0 1 0
vn 0 1 0
vn 0 1 0
vn 0 -1 0
vn 0 -1 0
vn 0 -1 0
vn 0 -1 0
vn 0 0 1
vn 0 0 1
vn 0 0 1
vn 0 0 1
vn 0 0 -1
vn 0 0 -1
vn 0 0 -1
vn 0 0 -1
f 3565/3565/3565 3567/3567/3567 3566/3566/3566
f 3567/3567/3567 3568/3568/3568 3566/3566/3566
f 3569/3569/3569 3571/3571/3571 3570/3570/3570
f 3571/3571/3571 3572/3572/3572 3570/3570/3570
f 3573/3573/3573 3575/3575/3575 3574/3574/3574
f 3575/3575/3575 3576/3576/3576 3574/3574/3574
f 3577/3577/3577 3579/3579/3579 3578/3578/3578
f 3579/3579/3579 3580/3580/3580 3578/3578/3578
f 3581/3581/3581 3583/3583/3583 3582/3582/3582
f 3583/3583/3583 3584/3584/3584 3582/3582/3582
f 3585/3585/3585 3587/3587/3587 3586/3586/3586
f 3587/3587/3587 3588/3588/3588 3586/3586/3586
o bed_rail_cap_r
usemtl body_dark
v 1.3600000286102296 1.555000000372529 -0.7700000017881393
v 1.3600000286102296 1.555000000372529 -0.9299999982118606
v 1.3600000286102296 1.504999999627471 -0.7700000017881393
v 1.3600000286102296 1.504999999627471 -0.9299999982118606
v -2.0800000286102294 1.555000000372529 -0.9299999982118606
v -2.0800000286102294 1.555000000372529 -0.7700000017881393
v -2.0800000286102294 1.504999999627471 -0.9299999982118606
v -2.0800000286102294 1.504999999627471 -0.7700000017881393
v -2.0800000286102294 1.555000000372529 -0.9299999982118606
v 1.3600000286102296 1.555000000372529 -0.9299999982118606
v -2.0800000286102294 1.555000000372529 -0.7700000017881393
v 1.3600000286102296 1.555000000372529 -0.7700000017881393
v -2.0800000286102294 1.504999999627471 -0.7700000017881393
v 1.3600000286102296 1.504999999627471 -0.7700000017881393
v -2.0800000286102294 1.504999999627471 -0.9299999982118606
v 1.3600000286102296 1.504999999627471 -0.9299999982118606
v -2.0800000286102294 1.555000000372529 -0.7700000017881393
v 1.3600000286102296 1.555000000372529 -0.7700000017881393
v -2.0800000286102294 1.504999999627471 -0.7700000017881393
v 1.3600000286102296 1.504999999627471 -0.7700000017881393
v 1.3600000286102296 1.555000000372529 -0.9299999982118606
v -2.0800000286102294 1.555000000372529 -0.9299999982118606
v 1.3600000286102296 1.504999999627471 -0.9299999982118606
v -2.0800000286102294 1.504999999627471 -0.9299999982118606
vt 0 1
vt 1 1
vt 0 0
vt 1 0
vt 0 1
vt 1 1
vt 0 0
vt 1 0
vt 0 1
vt 1 1
vt 0 0
vt 1 0
vt 0 1
vt 1 1
vt 0 0
vt 1 0
vt 0 1
vt 1 1
vt 0 0
vt 1 0
vt 0 1
vt 1 1
vt 0 0
vt 1 0
vn 1 0 0
vn 1 0 0
vn 1 0 0
vn 1 0 0
vn -1 0 0
vn -1 0 0
vn -1 0 0
vn -1 0 0
vn 0 1 0
vn 0 1 0
vn 0 1 0
vn 0 1 0
vn 0 -1 0
vn 0 -1 0
vn 0 -1 0
vn 0 -1 0
vn 0 0 1
vn 0 0 1
vn 0 0 1
vn 0 0 1
vn 0 0 -1
vn 0 0 -1
vn 0 0 -1
vn 0 0 -1
f 3589/3589/3589 3591/3591/3591 3590/3590/3590
f 3591/3591/3591 3592/3592/3592 3590/3590/3590
f 3593/3593/3593 3595/3595/3595 3594/3594/3594
f 3595/3595/3595 3596/3596/3596 3594/3594/3594
f 3597/3597/3597 3599/3599/3599 3598/3598/3598
f 3599/3599/3599 3600/3600/3600 3598/3598/3598
f 3601/3601/3601 3603/3603/3603 3602/3602/3602
f 3603/3603/3603 3604/3604/3604 3602/3602/3602
f 3605/3605/3605 3607/3607/3607 3606/3606/3606
f 3607/3607/3607 3608/3608/3608 3606/3606/3606
f 3609/3609/3609 3611/3611/3611 3610/3610/3610
f 3611/3611/3611 3612/3612/3612 3610/3610/3610
o wheel_well_r
usemtl body_mid
v -0.10999999999999988 1.3099999952316284 -0.600000002682209
v -0.10999999999999988 1.3099999952316284 -0.839999997317791
v -0.10999999999999988 1.0500000047683715 -0.600000002682209
v -0.10999999999999988 1.0500000047683715 -0.839999997317791
v -1.1099999999999999 1.3099999952316284 -0.839999997317791
v -1.1099999999999999 1.3099999952316284 -0.600000002682209
v -1.1099999999999999 1.0500000047683715 -0.839999997317791
v -1.1099999999999999 1.0500000047683715 -0.600000002682209
v -1.1099999999999999 1.3099999952316284 -0.839999997317791
v -0.10999999999999988 1.3099999952316284 -0.839999997317791
v -1.1099999999999999 1.3099999952316284 -0.600000002682209
v -0.10999999999999988 1.3099999952316284 -0.600000002682209
v -1.1099999999999999 1.0500000047683715 -0.600000002682209
v -0.10999999999999988 1.0500000047683715 -0.600000002682209
v -1.1099999999999999 1.0500000047683715 -0.839999997317791
v -0.10999999999999988 1.0500000047683715 -0.839999997317791
v -1.1099999999999999 1.3099999952316284 -0.600000002682209
v -0.10999999999999988 1.3099999952316284 -0.600000002682209
v -1.1099999999999999 1.0500000047683715 -0.600000002682209
v -0.10999999999999988 1.0500000047683715 -0.600000002682209
v -0.10999999999999988 1.3099999952316284 -0.839999997317791
v -1.1099999999999999 1.3099999952316284 -0.839999997317791
v -0.10999999999999988 1.0500000047683715 -0.839999997317791
v -1.1099999999999999 1.0500000047683715 -0.839999997317791
vt 0 1
vt 1 1
vt 0 0
vt 1 0
vt 0 1
vt 1 1
vt 0 0
vt 1 0
vt 0 1
vt 1 1
vt 0 0
vt 1 0
vt 0 1
vt 1 1
vt 0 0
vt 1 0
vt 0 1
vt 1 1
vt 0 0
vt 1 0
vt 0 1
vt 1 1
vt 0 0
vt 1 0
vn 1 0 0
vn 1 0 0
vn 1 0 0
vn 1 0 0
vn -1 0 0
vn -1 0 0
vn -1 0 0
vn -1 0 0
vn 0 1 0
vn 0 1 0
vn 0 1 0
vn 0 1 0
vn 0 -1 0
vn 0 -1 0
vn 0 -1 0
vn 0 -1 0
vn 0 0 1
vn 0 0 1
vn 0 0 1
vn 0 0 1
vn 0 0 -1
vn 0 0 -1
vn 0 0 -1
vn 0 0 -1
f 3613/3613/3613 3615/3615/3615 3614/3614/3614
f 3615/3615/3615 3616/3616/3616 3614/3614/3614
f 3617/3617/3617 3619/3619/3619 3618/3618/3618
f 3619/3619/3619 3620/3620/3620 3618/3618/3618
f 3621/3621/3621 3623/3623/3623 3622/3622/3622
f 3623/3623/3623 3624/3624/3624 3622/3622/3622
f 3625/3625/3625 3627/3627/3627 3626/3626/3626
f 3627/3627/3627 3628/3628/3628 3626/3626/3626
f 3629/3629/3629 3631/3631/3631 3630/3630/3630
f 3631/3631/3631 3632/3632/3632 3630/3630/3630
f 3633/3633/3633 3635/3635/3635 3634/3634/3634
f 3635/3635/3635 3636/3636/3636 3634/3634/3634
o tie_anchor_r_0
usemtl accent_yellow
v 0.7400000014901161 1.1199999993294478 -0.7100000006705522
v 0.7400000014901161 1.1199999993294478 -0.7699999993294477
v 0.7400000014901161 1.0600000006705523 -0.7100000006705522
v 0.7400000014901161 1.0600000006705523 -0.7699999993294477
v 0.5399999985098839 1.1199999993294478 -0.7699999993294477
v 0.5399999985098839 1.1199999993294478 -0.7100000006705522
v 0.5399999985098839 1.0600000006705523 -0.7699999993294477
v 0.5399999985098839 1.0600000006705523 -0.7100000006705522
v 0.5399999985098839 1.1199999993294478 -0.7699999993294477
v 0.7400000014901161 1.1199999993294478 -0.7699999993294477
v 0.5399999985098839 1.1199999993294478 -0.7100000006705522
v 0.7400000014901161 1.1199999993294478 -0.7100000006705522
v 0.5399999985098839 1.0600000006705523 -0.7100000006705522
v 0.7400000014901161 1.0600000006705523 -0.7100000006705522
v 0.5399999985098839 1.0600000006705523 -0.7699999993294477
v 0.7400000014901161 1.0600000006705523 -0.7699999993294477
v 0.5399999985098839 1.1199999993294478 -0.7100000006705522
v 0.7400000014901161 1.1199999993294478 -0.7100000006705522
v 0.5399999985098839 1.0600000006705523 -0.7100000006705522
v 0.7400000014901161 1.0600000006705523 -0.7100000006705522
v 0.7400000014901161 1.1199999993294478 -0.7699999993294477
v 0.5399999985098839 1.1199999993294478 -0.7699999993294477
v 0.7400000014901161 1.0600000006705523 -0.7699999993294477
v 0.5399999985098839 1.0600000006705523 -0.7699999993294477
vt 0 1
vt 1 1
vt 0 0
vt 1 0
vt 0 1
vt 1 1
vt 0 0
vt 1 0
vt 0 1
vt 1 1
vt 0 0
vt 1 0
vt 0 1
vt 1 1
vt 0 0
vt 1 0
vt 0 1
vt 1 1
vt 0 0
vt 1 0
vt 0 1
vt 1 1
vt 0 0
vt 1 0
vn 1 0 0
vn 1 0 0
vn 1 0 0
vn 1 0 0
vn -1 0 0
vn -1 0 0
vn -1 0 0
vn -1 0 0
vn 0 1 0
vn 0 1 0
vn 0 1 0
vn 0 1 0
vn 0 -1 0
vn 0 -1 0
vn 0 -1 0
vn 0 -1 0
vn 0 0 1
vn 0 0 1
vn 0 0 1
vn 0 0 1
vn 0 0 -1
vn 0 0 -1
vn 0 0 -1
vn 0 0 -1
f 3637/3637/3637 3639/3639/3639 3638/3638/3638
f 3639/3639/3639 3640/3640/3640 3638/3638/3638
f 3641/3641/3641 3643/3643/3643 3642/3642/3642
f 3643/3643/3643 3644/3644/3644 3642/3642/3642
f 3645/3645/3645 3647/3647/3647 3646/3646/3646
f 3647/3647/3647 3648/3648/3648 3646/3646/3646
f 3649/3649/3649 3651/3651/3651 3650/3650/3650
f 3651/3651/3651 3652/3652/3652 3650/3650/3650
f 3653/3653/3653 3655/3655/3655 3654/3654/3654
f 3655/3655/3655 3656/3656/3656 3654/3654/3654
f 3657/3657/3657 3659/3659/3659 3658/3658/3658
f 3659/3659/3659 3660/3660/3660 3658/3658/3658
o tie_anchor_r_1
usemtl accent_yellow
v -0.45999999850988393 1.1199999993294478 -0.7100000006705522
v -0.45999999850988393 1.1199999993294478 -0.7699999993294477
v -0.45999999850988393 1.0600000006705523 -0.7100000006705522
v -0.45999999850988393 1.0600000006705523 -0.7699999993294477
v -0.6600000014901162 1.1199999993294478 -0.7699999993294477
v -0.6600000014901162 1.1199999993294478 -0.7100000006705522
v -0.6600000014901162 1.0600000006705523 -0.7699999993294477
v -0.6600000014901162 1.0600000006705523 -0.7100000006705522
v -0.6600000014901162 1.1199999993294478 -0.7699999993294477
v -0.45999999850988393 1.1199999993294478 -0.7699999993294477
v -0.6600000014901162 1.1199999993294478 -0.7100000006705522
v -0.45999999850988393 1.1199999993294478 -0.7100000006705522
v -0.6600000014901162 1.0600000006705523 -0.7100000006705522
v -0.45999999850988393 1.0600000006705523 -0.7100000006705522
v -0.6600000014901162 1.0600000006705523 -0.7699999993294477
v -0.45999999850988393 1.0600000006705523 -0.7699999993294477
v -0.6600000014901162 1.1199999993294478 -0.7100000006705522
v -0.45999999850988393 1.1199999993294478 -0.7100000006705522
v -0.6600000014901162 1.0600000006705523 -0.7100000006705522
v -0.45999999850988393 1.0600000006705523 -0.7100000006705522
v -0.45999999850988393 1.1199999993294478 -0.7699999993294477
v -0.6600000014901162 1.1199999993294478 -0.7699999993294477
v -0.45999999850988393 1.0600000006705523 -0.7699999993294477
v -0.6600000014901162 1.0600000006705523 -0.7699999993294477
vt 0 1
vt 1 1
vt 0 0
vt 1 0
vt 0 1
vt 1 1
vt 0 0
vt 1 0
vt 0 1
vt 1 1
vt 0 0
vt 1 0
vt 0 1
vt 1 1
vt 0 0
vt 1 0
vt 0 1
vt 1 1
vt 0 0
vt 1 0
vt 0 1
vt 1 1
vt 0 0
vt 1 0
vn 1 0 0
vn 1 0 0
vn 1 0 0
vn 1 0 0
vn -1 0 0
vn -1 0 0
vn -1 0 0
vn -1 0 0
vn 0 1 0
vn 0 1 0
vn 0 1 0
vn 0 1 0
vn 0 -1 0
vn 0 -1 0
vn 0 -1 0
vn 0 -1 0
vn 0 0 1
vn 0 0 1
vn 0 0 1
vn 0 0 1
vn 0 0 -1
vn 0 0 -1
vn 0 0 -1
vn 0 0 -1
f 3661/3661/3661 3663/3663/3663 3662/3662/3662
f 3663/3663/3663 3664/3664/3664 3662/3662/3662
f 3665/3665/3665 3667/3667/3667 3666/3666/3666
f 3667/3667/3667 3668/3668/3668 3666/3666/3666
f 3669/3669/3669 3671/3671/3671 3670/3670/3670
f 3671/3671/3671 3672/3672/3672 3670/3670/3670
f 3673/3673/3673 3675/3675/3675 3674/3674/3674
f 3675/3675/3675 3676/3676/3676 3674/3674/3674
f 3677/3677/3677 3679/3679/3679 3678/3678/3678
f 3679/3679/3679 3680/3680/3680 3678/3678/3678
f 3681/3681/3681 3683/3683/3683 3682/3682/3682
f 3683/3683/3683 3684/3684/3684 3682/3682/3682
o tie_anchor_r_2
usemtl accent_yellow
v -1.6599999985098837 1.1199999993294478 -0.7100000006705522
v -1.6599999985098837 1.1199999993294478 -0.7699999993294477
v -1.6599999985098837 1.0600000006705523 -0.7100000006705522
v -1.6599999985098837 1.0600000006705523 -0.7699999993294477
v -1.860000001490116 1.1199999993294478 -0.7699999993294477
v -1.860000001490116 1.1199999993294478 -0.7100000006705522
v -1.860000001490116 1.0600000006705523 -0.7699999993294477
v -1.860000001490116 1.0600000006705523 -0.7100000006705522
v -1.860000001490116 1.1199999993294478 -0.7699999993294477
v -1.6599999985098837 1.1199999993294478 -0.7699999993294477
v -1.860000001490116 1.1199999993294478 -0.7100000006705522
v -1.6599999985098837 1.1199999993294478 -0.7100000006705522
v -1.860000001490116 1.0600000006705523 -0.7100000006705522
v -1.6599999985098837 1.0600000006705523 -0.7100000006705522
v -1.860000001490116 1.0600000006705523 -0.7699999993294477
v -1.6599999985098837 1.0600000006705523 -0.7699999993294477
v -1.860000001490116 1.1199999993294478 -0.7100000006705522
v -1.6599999985098837 1.1199999993294478 -0.7100000006705522
v -1.860000001490116 1.0600000006705523 -0.7100000006705522
v -1.6599999985098837 1.0600000006705523 -0.7100000006705522
v -1.6599999985098837 1.1199999993294478 -0.7699999993294477
v -1.860000001490116 1.1199999993294478 -0.7699999993294477
v -1.6599999985098837 1.0600000006705523 -0.7699999993294477
v -1.860000001490116 1.0600000006705523 -0.7699999993294477
vt 0 1
vt 1 1
vt 0 0
vt 1 0
vt 0 1
vt 1 1
vt 0 0
vt 1 0
vt 0 1
vt 1 1
vt 0 0
vt 1 0
vt 0 1
vt 1 1
vt 0 0
vt 1 0
vt 0 1
vt 1 1
vt 0 0
vt 1 0
vt 0 1
vt 1 1
vt 0 0
vt 1 0
vn 1 0 0
vn 1 0 0
vn 1 0 0
vn 1 0 0
vn -1 0 0
vn -1 0 0
vn -1 0 0
vn -1 0 0
vn 0 1 0
vn 0 1 0
vn 0 1 0
vn 0 1 0
vn 0 -1 0
vn 0 -1 0
vn 0 -1 0
vn 0 -1 0
vn 0 0 1
vn 0 0 1
vn 0 0 1
vn 0 0 1
vn 0 0 -1
vn 0 0 -1
vn 0 0 -1
vn 0 0 -1
f 3685/3685/3685 3687/3687/3687 3686/3686/3686
f 3687/3687/3687 3688/3688/3688 3686/3686/3686
f 3689/3689/3689 3691/3691/3691 3690/3690/3690
f 3691/3691/3691 3692/3692/3692 3690/3690/3690
f 3693/3693/3693 3695/3695/3695 3694/3694/3694
f 3695/3695/3695 3696/3696/3696 3694/3694/3694
f 3697/3697/3697 3699/3699/3699 3698/3698/3698
f 3699/3699/3699 3700/3700/3700 3698/3698/3698
f 3701/3701/3701 3703/3703/3703 3702/3702/3702
f 3703/3703/3703 3704/3704/3704 3702/3702/3702
f 3705/3705/3705 3707/3707/3707 3706/3706/3706
f 3707/3707/3707 3708/3708/3708 3706/3706/3706
o tail_light_r
usemtl ink
v -2.0649999998509885 1.279999997317791 -0.5599999994039535
v -2.0649999998509885 1.279999997317791 -0.8400000005960464
v -2.0649999998509885 1.040000002682209 -0.5599999994039535
v -2.0649999998509885 1.040000002682209 -0.8400000005960464
v -2.1350000001490117 1.279999997317791 -0.8400000005960464
v -2.1350000001490117 1.279999997317791 -0.5599999994039535
v -2.1350000001490117 1.040000002682209 -0.8400000005960464
v -2.1350000001490117 1.040000002682209 -0.5599999994039535
v -2.1350000001490117 1.279999997317791 -0.8400000005960464
v -2.0649999998509885 1.279999997317791 -0.8400000005960464
v -2.1350000001490117 1.279999997317791 -0.5599999994039535
v -2.0649999998509885 1.279999997317791 -0.5599999994039535
v -2.1350000001490117 1.040000002682209 -0.5599999994039535
v -2.0649999998509885 1.040000002682209 -0.5599999994039535
v -2.1350000001490117 1.040000002682209 -0.8400000005960464
v -2.0649999998509885 1.040000002682209 -0.8400000005960464
v -2.1350000001490117 1.279999997317791 -0.5599999994039535
v -2.0649999998509885 1.279999997317791 -0.5599999994039535
v -2.1350000001490117 1.040000002682209 -0.5599999994039535
v -2.0649999998509885 1.040000002682209 -0.5599999994039535
v -2.0649999998509885 1.279999997317791 -0.8400000005960464
v -2.1350000001490117 1.279999997317791 -0.8400000005960464
v -2.0649999998509885 1.040000002682209 -0.8400000005960464
v -2.1350000001490117 1.040000002682209 -0.8400000005960464
vt 0 1
vt 1 1
vt 0 0
vt 1 0
vt 0 1
vt 1 1
vt 0 0
vt 1 0
vt 0 1
vt 1 1
vt 0 0
vt 1 0
vt 0 1
vt 1 1
vt 0 0
vt 1 0
vt 0 1
vt 1 1
vt 0 0
vt 1 0
vt 0 1
vt 1 1
vt 0 0
vt 1 0
vn 1 0 0
vn 1 0 0
vn 1 0 0
vn 1 0 0
vn -1 0 0
vn -1 0 0
vn -1 0 0
vn -1 0 0
vn 0 1 0
vn 0 1 0
vn 0 1 0
vn 0 1 0
vn 0 -1 0
vn 0 -1 0
vn 0 -1 0
vn 0 -1 0
vn 0 0 1
vn 0 0 1
vn 0 0 1
vn 0 0 1
vn 0 0 -1
vn 0 0 -1
vn 0 0 -1
vn 0 0 -1
f 3709/3709/3709 3711/3711/3711 3710/3710/3710
f 3711/3711/3711 3712/3712/3712 3710/3710/3710
f 3713/3713/3713 3715/3715/3715 3714/3714/3714
f 3715/3715/3715 3716/3716/3716 3714/3714/3714
f 3717/3717/3717 3719/3719/3719 3718/3718/3718
f 3719/3719/3719 3720/3720/3720 3718/3718/3718
f 3721/3721/3721 3723/3723/3723 3722/3722/3722
f 3723/3723/3723 3724/3724/3724 3722/3722/3722
f 3725/3725/3725 3727/3727/3727 3726/3726/3726
f 3727/3727/3727 3728/3728/3728 3726/3726/3726
f 3729/3729/3729 3731/3731/3731 3730/3730/3730
f 3731/3731/3731 3732/3732/3732 3730/3730/3730
o tailgate
usemtl body_light
v -2.4602088042091816 0.6097195581826771 0.8600000143051147
v -2.4602088042091816 0.6097195581826771 -0.8600000143051147
v -2.120208811135767 1.0697195488114153 0.8600000143051147
v -2.120208811135767 1.0697195488114153 -0.8600000143051147
v -2.379791188864233 0.5502804511885848 -0.8600000143051147
v -2.379791188864233 0.5502804511885848 0.8600000143051147
v -2.0397911957908184 1.010280441817323 -0.8600000143051147
v -2.0397911957908184 1.010280441817323 0.8600000143051147
v -2.379791188864233 0.5502804511885848 -0.8600000143051147
v -2.4602088042091816 0.6097195581826771 -0.8600000143051147
v -2.379791188864233 0.5502804511885848 0.8600000143051147
v -2.4602088042091816 0.6097195581826771 0.8600000143051147
v -2.0397911957908184 1.010280441817323 0.8600000143051147
v -2.120208811135767 1.0697195488114153 0.8600000143051147
v -2.0397911957908184 1.010280441817323 -0.8600000143051147
v -2.120208811135767 1.0697195488114153 -0.8600000143051147
v -2.379791188864233 0.5502804511885848 0.8600000143051147
v -2.4602088042091816 0.6097195581826771 0.8600000143051147
v -2.0397911957908184 1.010280441817323 0.8600000143051147
v -2.120208811135767 1.0697195488114153 0.8600000143051147
v -2.4602088042091816 0.6097195581826771 -0.8600000143051147
v -2.379791188864233 0.5502804511885848 -0.8600000143051147
v -2.120208811135767 1.0697195488114153 -0.8600000143051147
v -2.0397911957908184 1.010280441817323 -0.8600000143051147
vt 0 1
vt 1 1
vt 0 0
vt 1 0
vt 0 1
vt 1 1
vt 0 0
vt 1 0
vt 0 1
vt 1 1
vt 0 0
vt 1 0
vt 0 1
vt 1 1
vt 0 0
vt 1 0
vt 0 1
vt 1 1
vt 0 0
vt 1 0
vt 0 1
vt 1 1
vt 0 0
vt 1 0
vn -0.8041761414663257 0.5943910610838055 0
vn -0.8041761414663257 0.5943910610838055 0
vn -0.8041761414663257 0.5943910610838055 0
vn -0.8041761414663257 0.5943910610838055 0
vn 0.8041761414663257 -0.5943910610838055 0
vn 0.8041761414663257 -0.5943910610838055 0
vn 0.8041761414663257 -0.5943910610838055 0
vn 0.8041761414663257 -0.5943910610838055 0
vn -0.5943910610838055 -0.8041761414663257 0
vn -0.5943910610838055 -0.8041761414663257 0
vn -0.5943910610838055 -0.8041761414663257 0
vn -0.5943910610838055 -0.8041761414663257 0
vn 0.5943910610838055 0.8041761414663257 0
vn 0.5943910610838055 0.8041761414663257 0
vn 0.5943910610838055 0.8041761414663257 0
vn 0.5943910610838055 0.8041761414663257 0
vn 0 0 1
vn 0 0 1
vn 0 0 1
vn 0 0 1
vn 0 0 -1
vn 0 0 -1
vn 0 0 -1
vn 0 0 -1
f 3733/3733/3733 3735/3735/3735 3734/3734/3734
f 3735/3735/3735 3736/3736/3736 3734/3734/3734
f 3737/3737/3737 3739/3739/3739 3738/3738/3738
f 3739/3739/3739 3740/3740/3740 3738/3738/3738
f 3741/3741/3741 3743/3743/3743 3742/3742/3742
f 3743/3743/3743 3744/3744/3744 3742/3742/3742
f 3745/3745/3745 3747/3747/3747 3746/3746/3746
f 3747/3747/3747 3748/3748/3748 3746/3746/3746
f 3749/3749/3749 3751/3751/3751 3750/3750/3750
f 3751/3751/3751 3752/3752/3752 3750/3750/3750
f 3753/3753/3753 3755/3755/3755 3754/3754/3754
f 3755/3755/3755 3756/3756/3756 3754/3754/3754
o rear_hazard_stripe
usemtl accent_yellow
v -2.124999999627471 1.4799999986588954 0.8399999737739563
v -2.124999999627471 1.4799999986588954 -0.8399999737739563
v -2.124999999627471 1.3600000013411044 0.8399999737739563
v -2.124999999627471 1.3600000013411044 -0.8399999737739563
v -2.175000000372529 1.4799999986588954 -0.8399999737739563
v -2.175000000372529 1.4799999986588954 0.8399999737739563
v -2.175000000372529 1.3600000013411044 -0.8399999737739563
v -2.175000000372529 1.3600000013411044 0.8399999737739563
v -2.175000000372529 1.4799999986588954 -0.8399999737739563
v -2.124999999627471 1.4799999986588954 -0.8399999737739563
v -2.175000000372529 1.4799999986588954 0.8399999737739563
v -2.124999999627471 1.4799999986588954 0.8399999737739563
v -2.175000000372529 1.3600000013411044 0.8399999737739563
v -2.124999999627471 1.3600000013411044 0.8399999737739563
v -2.175000000372529 1.3600000013411044 -0.8399999737739563
v -2.124999999627471 1.3600000013411044 -0.8399999737739563
v -2.175000000372529 1.4799999986588954 0.8399999737739563
v -2.124999999627471 1.4799999986588954 0.8399999737739563
v -2.175000000372529 1.3600000013411044 0.8399999737739563
v -2.124999999627471 1.3600000013411044 0.8399999737739563
v -2.124999999627471 1.4799999986588954 -0.8399999737739563
v -2.175000000372529 1.4799999986588954 -0.8399999737739563
v -2.124999999627471 1.3600000013411044 -0.8399999737739563
v -2.175000000372529 1.3600000013411044 -0.8399999737739563
vt 0 1
vt 1 1
vt 0 0
vt 1 0
vt 0 1
vt 1 1
vt 0 0
vt 1 0
vt 0 1
vt 1 1
vt 0 0
vt 1 0
vt 0 1
vt 1 1
vt 0 0
vt 1 0
vt 0 1
vt 1 1
vt 0 0
vt 1 0
vt 0 1
vt 1 1
vt 0 0
vt 1 0
vn 1 0 0
vn 1 0 0
vn 1 0 0
vn 1 0 0
vn -1 0 0
vn -1 0 0
vn -1 0 0
vn -1 0 0
vn 0 1 0
vn 0 1 0
vn 0 1 0
vn 0 1 0
vn 0 -1 0
vn 0 -1 0
vn 0 -1 0
vn 0 -1 0
vn 0 0 1
vn 0 0 1
vn 0 0 1
vn 0 0 1
vn 0 0 -1
vn 0 0 -1
vn 0 0 -1
vn 0 0 -1
f 3757/3757/3757 3759/3759/3759 3758/3758/3758
f 3759/3759/3759 3760/3760/3760 3758/3758/3758
f 3761/3761/3761 3763/3763/3763 3762/3762/3762
f 3763/3763/3763 3764/3764/3764 3762/3762/3762
f 3765/3765/3765 3767/3767/3767 3766/3766/3766
f 3767/3767/3767 3768/3768/3768 3766/3766/3766
f 3769/3769/3769 3771/3771/3771 3770/3770/3770
f 3771/3771/3771 3772/3772/3772 3770/3770/3770
f 3773/3773/3773 3775/3775/3775 3774/3774/3774
f 3775/3775/3775 3776/3776/3776 3774/3774/3774
f 3777/3777/3777 3779/3779/3779 3778/3778/3778
f 3779/3779/3779 3780/3780/3780 3778/3778/3778
o loading_ramp
usemtl body_mid
v -4.577597231516297 0.10680104184170475 -0.21999999582767488
v -4.577597231516297 0.10680104184170475 -0.6800000041723251
v -2.077597161804272 1.0468010680534268 -0.21999999582767488
v -2.077597161804272 1.0468010680534268 -0.6800000041723251
v -4.542402838195727 0.013198931946573178 -0.6800000041723251
v -4.542402838195727 0.013198931946573178 -0.21999999582767488
v -2.0424027684837025 0.9531989581582954 -0.6800000041723251
v -2.0424027684837025 0.9531989581582954 -0.21999999582767488
v -4.542402838195727 0.013198931946573178 -0.6800000041723251
v -4.577597231516297 0.10680104184170475 -0.6800000041723251
v -4.542402838195727 0.013198931946573178 -0.21999999582767488
v -4.577597231516297 0.10680104184170475 -0.21999999582767488
v -2.0424027684837025 0.9531989581582954 -0.21999999582767488
v -2.077597161804272 1.0468010680534268 -0.21999999582767488
v -2.0424027684837025 0.9531989581582954 -0.6800000041723251
v -2.077597161804272 1.0468010680534268 -0.6800000041723251
v -4.542402838195727 0.013198931946573178 -0.21999999582767488
v -4.577597231516297 0.10680104184170475 -0.21999999582767488
v -2.0424027684837025 0.9531989581582954 -0.21999999582767488
v -2.077597161804272 1.0468010680534268 -0.21999999582767488
v -4.577597231516297 0.10680104184170475 -0.6800000041723251
v -4.542402838195727 0.013198931946573178 -0.6800000041723251
v -2.077597161804272 1.0468010680534268 -0.6800000041723251
v -2.0424027684837025 0.9531989581582954 -0.6800000041723251
vt 0 1
vt 1 1
vt 0 0
vt 1 0
vt 0 1
vt 1 1
vt 0 0
vt 1 0
vt 0 1
vt 1 1
vt 0 0
vt 1 0
vt 0 1
vt 1 1
vt 0 0
vt 1 0
vt 0 1
vt 1 1
vt 0 0
vt 1 0
vt 0 1
vt 1 1
vt 0 0
vt 1 0
vn -0.3519439279613217 0.9360210850035142 0
vn -0.3519439279613217 0.9360210850035142 0
vn -0.3519439279613217 0.9360210850035142 0
vn -0.3519439279613217 0.9360210850035142 0
vn 0.3519439279613217 -0.9360210850035142 0
vn 0.3519439279613217 -0.9360210850035142 0
vn 0.3519439279613217 -0.9360210850035142 0
vn 0.3519439279613217 -0.9360210850035142 0
vn -0.9360210850035142 -0.3519439279613217 0
vn -0.9360210850035142 -0.3519439279613217 0
vn -0.9360210850035142 -0.3519439279613217 0
vn -0.9360210850035142 -0.3519439279613217 0
vn 0.9360210850035142 0.3519439279613217 0
vn 0.9360210850035142 0.3519439279613217 0
vn 0.9360210850035142 0.3519439279613217 0
vn 0.9360210850035142 0.3519439279613217 0
vn 0 0 1
vn 0 0 1
vn 0 0 1
vn 0 0 1
vn 0 0 -1
vn 0 0 -1
vn 0 0 -1
vn 0 0 -1
f 3781/3781/3781 3783/3783/3783 3782/3782/3782
f 3783/3783/3783 3784/3784/3784 3782/3782/3782
f 3785/3785/3785 3787/3787/3787 3786/3786/3786
f 3787/3787/3787 3788/3788/3788 3786/3786/3786
f 3789/3789/3789 3791/3791/3791 3790/3790/3790
f 3791/3791/3791 3792/3792/3792 3790/3790/3790
f 3793/3793/3793 3795/3795/3795 3794/3794/3794
f 3795/3795/3795 3796/3796/3796 3794/3794/3794
f 3797/3797/3797 3799/3799/3799 3798/3798/3798
f 3799/3799/3799 3800/3800/3800 3798/3798/3798
f 3801/3801/3801 3803/3803/3803 3802/3802/3802
f 3803/3803/3803 3804/3804/3804 3802/3802/3802
o ramp_cleat
usemtl accent_yellow
v -4.269999999254942 0.21999999910593032 -0.21999999582767488
v -4.269999999254942 0.21999999910593032 -0.6800000041723251
v -4.269999999254942 0.14000000089406966 -0.21999999582767488
v -4.269999999254942 0.14000000089406966 -0.6800000041723251
v -4.370000000745058 0.21999999910593032 -0.6800000041723251
v -4.370000000745058 0.21999999910593032 -0.21999999582767488
v -4.370000000745058 0.14000000089406966 -0.6800000041723251
v -4.370000000745058 0.14000000089406966 -0.21999999582767488
v -4.370000000745058 0.21999999910593032 -0.6800000041723251
v -4.269999999254942 0.21999999910593032 -0.6800000041723251
v -4.370000000745058 0.21999999910593032 -0.21999999582767488
v -4.269999999254942 0.21999999910593032 -0.21999999582767488
v -4.370000000745058 0.14000000089406966 -0.21999999582767488
v -4.269999999254942 0.14000000089406966 -0.21999999582767488
v -4.370000000745058 0.14000000089406966 -0.6800000041723251
v -4.269999999254942 0.14000000089406966 -0.6800000041723251
v -4.370000000745058 0.21999999910593032 -0.21999999582767488
v -4.269999999254942 0.21999999910593032 -0.21999999582767488
v -4.370000000745058 0.14000000089406966 -0.21999999582767488
v -4.269999999254942 0.14000000089406966 -0.21999999582767488
v -4.269999999254942 0.21999999910593032 -0.6800000041723251
v -4.370000000745058 0.21999999910593032 -0.6800000041723251
v -4.269999999254942 0.14000000089406966 -0.6800000041723251
v -4.370000000745058 0.14000000089406966 -0.6800000041723251
vt 0 1
vt 1 1
vt 0 0
vt 1 0
vt 0 1
vt 1 1
vt 0 0
vt 1 0
vt 0 1
vt 1 1
vt 0 0
vt 1 0
vt 0 1
vt 1 1
vt 0 0
vt 1 0
vt 0 1
vt 1 1
vt 0 0
vt 1 0
vt 0 1
vt 1 1
vt 0 0
vt 1 0
vn 1 0 0
vn 1 0 0
vn 1 0 0
vn 1 0 0
vn -1 0 0
vn -1 0 0
vn -1 0 0
vn -1 0 0
vn 0 1 0
vn 0 1 0
vn 0 1 0
vn 0 1 0
vn 0 -1 0
vn 0 -1 0
vn 0 -1 0
vn 0 -1 0
vn 0 0 1
vn 0 0 1
vn 0 0 1
vn 0 0 1
vn 0 0 -1
vn 0 0 -1
vn 0 0 -1
vn 0 0 -1
f 3805/3805/3805 3807/3807/3807 3806/3806/3806
f 3807/3807/3807 3808/3808/3808 3806/3806/3806
f 3809/3809/3809 3811/3811/3811 3810/3810/3810
f 3811/3811/3811 3812/3812/3812 3810/3810/3810
f 3813/3813/3813 3815/3815/3815 3814/3814/3814
f 3815/3815/3815 3816/3816/3816 3814/3814/3814
f 3817/3817/3817 3819/3819/3819 3818/3818/3818
f 3819/3819/3819 3820/3820/3820 3818/3818/3818
f 3821/3821/3821 3823/3823/3823 3822/3822/3822
f 3823/3823/3823 3824/3824/3824 3822/3822/3822
f 3825/3825/3825 3827/3827/3827 3826/3826/3826
f 3827/3827/3827 3828/3828/3828 3826/3826/3826
o strap_bag
usemtl ink
v 0.09000000596046442 1.289999997317791 0.6200000017881393
v 0.09000000596046442 1.289999997317791 0.27999999821186067
v 0.09000000596046442 1.050000002682209 0.6200000017881393
v 0.09000000596046442 1.050000002682209 0.27999999821186067
v -0.21000000596046453 1.289999997317791 0.27999999821186067
v -0.21000000596046453 1.289999997317791 0.6200000017881393
v -0.21000000596046453 1.050000002682209 0.27999999821186067
v -0.21000000596046453 1.050000002682209 0.6200000017881393
v -0.21000000596046453 1.289999997317791 0.27999999821186067
v 0.09000000596046442 1.289999997317791 0.27999999821186067
v -0.21000000596046453 1.289999997317791 0.6200000017881393
v 0.09000000596046442 1.289999997317791 0.6200000017881393
v -0.21000000596046453 1.050000002682209 0.6200000017881393
v 0.09000000596046442 1.050000002682209 0.6200000017881393
v -0.21000000596046453 1.050000002682209 0.27999999821186067
v 0.09000000596046442 1.050000002682209 0.27999999821186067
v -0.21000000596046453 1.289999997317791 0.6200000017881393
v 0.09000000596046442 1.289999997317791 0.6200000017881393
v -0.21000000596046453 1.050000002682209 0.6200000017881393
v 0.09000000596046442 1.050000002682209 0.6200000017881393
v 0.09000000596046442 1.289999997317791 0.27999999821186067
v -0.21000000596046453 1.289999997317791 0.27999999821186067
v 0.09000000596046442 1.050000002682209 0.27999999821186067
v -0.21000000596046453 1.050000002682209 0.27999999821186067
vt 0 1
vt 1 1
vt 0 0
vt 1 0
vt 0 1
vt 1 1
vt 0 0
vt 1 0
vt 0 1
vt 1 1
vt 0 0
vt 1 0
vt 0 1
vt 1 1
vt 0 0
vt 1 0
vt 0 1
vt 1 1
vt 0 0
vt 1 0
vt 0 1
vt 1 1
vt 0 0
vt 1 0
vn 1 0 0
vn 1 0 0
vn 1 0 0
vn 1 0 0
vn -1 0 0
vn -1 0 0
vn -1 0 0
vn -1 0 0
vn 0 1 0
vn 0 1 0
vn 0 1 0
vn 0 1 0
vn 0 -1 0
vn 0 -1 0
vn 0 -1 0
vn 0 -1 0
vn 0 0 1
vn 0 0 1
vn 0 0 1
vn 0 0 1
vn 0 0 -1
vn 0 0 -1
vn 0 0 -1
vn 0 0 -1
f 3829/3829/3829 3831/3831/3831 3830/3830/3830
f 3831/3831/3831 3832/3832/3832 3830/3830/3830
f 3833/3833/3833 3835/3835/3835 3834/3834/3834
f 3835/3835/3835 3836/3836/3836 3834/3834/3834
f 3837/3837/3837 3839/3839/3839 3838/3838/3838
f 3839/3839/3839 3840/3840/3840 3838/3838/3838
f 3841/3841/3841 3843/3843/3843 3842/3842/3842
f 3843/3843/3843 3844/3844/3844 3842/3842/3842
f 3845/3845/3845 3847/3847/3847 3846/3846/3846
f 3847/3847/3847 3848/3848/3848 3846/3846/3846
f 3849/3849/3849 3851/3851/3851 3850/3850/3850
f 3851/3851/3851 3852/3852/3852 3850/3850/3850
o chock_base
usemtl ink
v 0.9099999988079072 1.1099999993294478 0.20000000298023224
v 0.9099999988079072 1.1099999993294478 -0.20000000298023224
v 0.9099999988079072 1.0500000006705523 0.20000000298023224
v 0.9099999988079072 1.0500000006705523 -0.20000000298023224
v 0.47000000119209295 1.1099999993294478 -0.20000000298023224
v 0.47000000119209295 1.1099999993294478 0.20000000298023224
v 0.47000000119209295 1.0500000006705523 -0.20000000298023224
v 0.47000000119209295 1.0500000006705523 0.20000000298023224
v 0.47000000119209295 1.1099999993294478 -0.20000000298023224
v 0.9099999988079072 1.1099999993294478 -0.20000000298023224
v 0.47000000119209295 1.1099999993294478 0.20000000298023224
v 0.9099999988079072 1.1099999993294478 0.20000000298023224
v 0.47000000119209295 1.0500000006705523 0.20000000298023224
v 0.9099999988079072 1.0500000006705523 0.20000000298023224
v 0.47000000119209295 1.0500000006705523 -0.20000000298023224
v 0.9099999988079072 1.0500000006705523 -0.20000000298023224
v 0.47000000119209295 1.1099999993294478 0.20000000298023224
v 0.9099999988079072 1.1099999993294478 0.20000000298023224
v 0.47000000119209295 1.0500000006705523 0.20000000298023224
v 0.9099999988079072 1.0500000006705523 0.20000000298023224
v 0.9099999988079072 1.1099999993294478 -0.20000000298023224
v 0.47000000119209295 1.1099999993294478 -0.20000000298023224
v 0.9099999988079072 1.0500000006705523 -0.20000000298023224
v 0.47000000119209295 1.0500000006705523 -0.20000000298023224
vt 0 1
vt 1 1
vt 0 0
vt 1 0
vt 0 1
vt 1 1
vt 0 0
vt 1 0
vt 0 1
vt 1 1
vt 0 0
vt 1 0
vt 0 1
vt 1 1
vt 0 0
vt 1 0
vt 0 1
vt 1 1
vt 0 0
vt 1 0
vt 0 1
vt 1 1
vt 0 0
vt 1 0
vn 1 0 0
vn 1 0 0
vn 1 0 0
vn 1 0 0
vn -1 0 0
vn -1 0 0
vn -1 0 0
vn -1 0 0
vn 0 1 0
vn 0 1 0
vn 0 1 0
vn 0 1 0
vn 0 -1 0
vn 0 -1 0
vn 0 -1 0
vn 0 -1 0
vn 0 0 1
vn 0 0 1
vn 0 0 1
vn 0 0 1
vn 0 0 -1
vn 0 0 -1
vn 0 0 -1
vn 0 0 -1
f 3853/3853/3853 3855/3855/3855 3854/3854/3854
f 3855/3855/3855 3856/3856/3856 3854/3854/3854
f 3857/3857/3857 3859/3859/3859 3858/3858/3858
f 3859/3859/3859 3860/3860/3860 3858/3858/3858
f 3861/3861/3861 3863/3863/3863 3862/3862/3862
f 3863/3863/3863 3864/3864/3864 3862/3862/3862
f 3865/3865/3865 3867/3867/3867 3866/3866/3866
f 3867/3867/3867 3868/3868/3868 3866/3866/3866
f 3869/3869/3869 3871/3871/3871 3870/3870/3870
f 3871/3871/3871 3872/3872/3872 3870/3870/3870
f 3873/3873/3873 3875/3875/3875 3874/3874/3874
f 3875/3875/3875 3876/3876/3876 3874/3874/3874
o chock_stop
usemtl ink
v 1.0899999993294478 1.3900000005960464 0.15000000596046448
v 1.0899999993294478 1.3900000005960464 -0.15000000596046448
v 1.0899999993294478 1.1099999994039536 0.15000000596046448
v 1.0899999993294478 1.1099999994039536 -0.15000000596046448
v 1.0300000006705523 1.3900000005960464 -0.15000000596046448
v 1.0300000006705523 1.3900000005960464 0.15000000596046448
v 1.0300000006705523 1.1099999994039536 -0.15000000596046448
v 1.0300000006705523 1.1099999994039536 0.15000000596046448
v 1.0300000006705523 1.3900000005960464 -0.15000000596046448
v 1.0899999993294478 1.3900000005960464 -0.15000000596046448
v 1.0300000006705523 1.3900000005960464 0.15000000596046448
v 1.0899999993294478 1.3900000005960464 0.15000000596046448
v 1.0300000006705523 1.1099999994039536 0.15000000596046448
v 1.0899999993294478 1.1099999994039536 0.15000000596046448
v 1.0300000006705523 1.1099999994039536 -0.15000000596046448
v 1.0899999993294478 1.1099999994039536 -0.15000000596046448
v 1.0300000006705523 1.3900000005960464 0.15000000596046448
v 1.0899999993294478 1.3900000005960464 0.15000000596046448
v 1.0300000006705523 1.1099999994039536 0.15000000596046448
v 1.0899999993294478 1.1099999994039536 0.15000000596046448
v 1.0899999993294478 1.3900000005960464 -0.15000000596046448
v 1.0300000006705523 1.3900000005960464 -0.15000000596046448
v 1.0899999993294478 1.1099999994039536 -0.15000000596046448
v 1.0300000006705523 1.1099999994039536 -0.15000000596046448
vt 0 1
vt 1 1
vt 0 0
vt 1 0
vt 0 1
vt 1 1
vt 0 0
vt 1 0
vt 0 1
vt 1 1
vt 0 0
vt 1 0
vt 0 1
vt 1 1
vt 0 0
vt 1 0
vt 0 1
vt 1 1
vt 0 0
vt 1 0
vt 0 1
vt 1 1
vt 0 0
vt 1 0
vn 1 0 0
vn 1 0 0
vn 1 0 0
vn 1 0 0
vn -1 0 0
vn -1 0 0
vn -1 0 0
vn -1 0 0
vn 0 1 0
vn 0 1 0
vn 0 1 0
vn 0 1 0
vn 0 -1 0
vn 0 -1 0
vn 0 -1 0
vn 0 -1 0
vn 0 0 1
vn 0 0 1
vn 0 0 1
vn 0 0 1
vn 0 0 -1
vn 0 0 -1
vn 0 0 -1
vn 0 0 -1
f 3877/3877/3877 3879/3879/3879 3878/3878/3878
f 3879/3879/3879 3880/3880/3880 3878/3878/3878
f 3881/3881/3881 3883/3883/3883 3882/3882/3882
f 3883/3883/3883 3884/3884/3884 3882/3882/3882
f 3885/3885/3885 3887/3887/3887 3886/3886/3886
f 3887/3887/3887 3888/3888/3888 3886/3886/3886
f 3889/3889/3889 3891/3891/3891 3890/3890/3890
f 3891/3891/3891 3892/3892/3892 3890/3890/3890
f 3893/3893/3893 3895/3895/3895 3894/3894/3894
f 3895/3895/3895 3896/3896/3896 3894/3894/3894
f 3897/3897/3897 3899/3899/3899 3898/3898/3898
f 3899/3899/3899 3900/3900/3900 3898/3898/3898
o chock_plate_l
usemtl body_dark
v 0.8600000017881394 1.4100000059604645 0.15500000037252903
v 0.8600000017881394 1.4100000059604645 0.10499999962747097
v 0.8600000017881394 1.1099999940395355 0.15500000037252903
v 0.8600000017881394 1.1099999940395355 0.10499999962747097
v 0.5199999982118607 1.4100000059604645 0.10499999962747097
v 0.5199999982118607 1.4100000059604645 0.15500000037252903
v 0.5199999982118607 1.1099999940395355 0.10499999962747097
v 0.5199999982118607 1.1099999940395355 0.15500000037252903
v 0.5199999982118607 1.4100000059604645 0.10499999962747097
v 0.8600000017881394 1.4100000059604645 0.10499999962747097
v 0.5199999982118607 1.4100000059604645 0.15500000037252903
v 0.8600000017881394 1.4100000059604645 0.15500000037252903
v 0.5199999982118607 1.1099999940395355 0.15500000037252903
v 0.8600000017881394 1.1099999940395355 0.15500000037252903
v 0.5199999982118607 1.1099999940395355 0.10499999962747097
v 0.8600000017881394 1.1099999940395355 0.10499999962747097
v 0.5199999982118607 1.4100000059604645 0.15500000037252903
v 0.8600000017881394 1.4100000059604645 0.15500000037252903
v 0.5199999982118607 1.1099999940395355 0.15500000037252903
v 0.8600000017881394 1.1099999940395355 0.15500000037252903
v 0.8600000017881394 1.4100000059604645 0.10499999962747097
v 0.5199999982118607 1.4100000059604645 0.10499999962747097
v 0.8600000017881394 1.1099999940395355 0.10499999962747097
v 0.5199999982118607 1.1099999940395355 0.10499999962747097
vt 0 1
vt 1 1
vt 0 0
vt 1 0
vt 0 1
vt 1 1
vt 0 0
vt 1 0
vt 0 1
vt 1 1
vt 0 0
vt 1 0
vt 0 1
vt 1 1
vt 0 0
vt 1 0
vt 0 1
vt 1 1
vt 0 0
vt 1 0
vt 0 1
vt 1 1
vt 0 0
vt 1 0
vn 1 0 0
vn 1 0 0
vn 1 0 0
vn 1 0 0
vn -1 0 0
vn -1 0 0
vn -1 0 0
vn -1 0 0
vn 0 1 0
vn 0 1 0
vn 0 1 0
vn 0 1 0
vn 0 -1 0
vn 0 -1 0
vn 0 -1 0
vn 0 -1 0
vn 0 0 1
vn 0 0 1
vn 0 0 1
vn 0 0 1
vn 0 0 -1
vn 0 0 -1
vn 0 0 -1
vn 0 0 -1
f 3901/3901/3901 3903/3903/3903 3902/3902/3902
f 3903/3903/3903 3904/3904/3904 3902/3902/3902
f 3905/3905/3905 3907/3907/3907 3906/3906/3906
f 3907/3907/3907 3908/3908/3908 3906/3906/3906
f 3909/3909/3909 3911/3911/3911 3910/3910/3910
f 3911/3911/3911 3912/3912/3912 3910/3910/3910
f 3913/3913/3913 3915/3915/3915 3914/3914/3914
f 3915/3915/3915 3916/3916/3916 3914/3914/3914
f 3917/3917/3917 3919/3919/3919 3918/3918/3918
f 3919/3919/3919 3920/3920/3920 3918/3918/3918
f 3921/3921/3921 3923/3923/3923 3922/3922/3922
f 3923/3923/3923 3924/3924/3924 3922/3922/3922
o chock_plate_r
usemtl body_dark
v 0.8600000017881394 1.4100000059604645 -0.10499999962747097
v 0.8600000017881394 1.4100000059604645 -0.15500000037252903
v 0.8600000017881394 1.1099999940395355 -0.10499999962747097
v 0.8600000017881394 1.1099999940395355 -0.15500000037252903
v 0.5199999982118607 1.4100000059604645 -0.15500000037252903
v 0.5199999982118607 1.4100000059604645 -0.10499999962747097
v 0.5199999982118607 1.1099999940395355 -0.15500000037252903
v 0.5199999982118607 1.1099999940395355 -0.10499999962747097
v 0.5199999982118607 1.4100000059604645 -0.15500000037252903
v 0.8600000017881394 1.4100000059604645 -0.15500000037252903
v 0.5199999982118607 1.4100000059604645 -0.10499999962747097
v 0.8600000017881394 1.4100000059604645 -0.10499999962747097
v 0.5199999982118607 1.1099999940395355 -0.10499999962747097
v 0.8600000017881394 1.1099999940395355 -0.10499999962747097
v 0.5199999982118607 1.1099999940395355 -0.15500000037252903
v 0.8600000017881394 1.1099999940395355 -0.15500000037252903
v 0.5199999982118607 1.4100000059604645 -0.10499999962747097
v 0.8600000017881394 1.4100000059604645 -0.10499999962747097
v 0.5199999982118607 1.1099999940395355 -0.10499999962747097
v 0.8600000017881394 1.1099999940395355 -0.10499999962747097
v 0.8600000017881394 1.4100000059604645 -0.15500000037252903
v 0.5199999982118607 1.4100000059604645 -0.15500000037252903
v 0.8600000017881394 1.1099999940395355 -0.15500000037252903
v 0.5199999982118607 1.1099999940395355 -0.15500000037252903
vt 0 1
vt 1 1
vt 0 0
vt 1 0
vt 0 1
vt 1 1
vt 0 0
vt 1 0
vt 0 1
vt 1 1
vt 0 0
vt 1 0
vt 0 1
vt 1 1
vt 0 0
vt 1 0
vt 0 1
vt 1 1
vt 0 0
vt 1 0
vt 0 1
vt 1 1
vt 0 0
vt 1 0
vn 1 0 0
vn 1 0 0
vn 1 0 0
vn 1 0 0
vn -1 0 0
vn -1 0 0
vn -1 0 0
vn -1 0 0
vn 0 1 0
vn 0 1 0
vn 0 1 0
vn 0 1 0
vn 0 -1 0
vn 0 -1 0
vn 0 -1 0
vn 0 -1 0
vn 0 0 1
vn 0 0 1
vn 0 0 1
vn 0 0 1
vn 0 0 -1
vn 0 0 -1
vn 0 0 -1
vn 0 0 -1
f 3925/3925/3925 3927/3927/3927 3926/3926/3926
f 3927/3927/3927 3928/3928/3928 3926/3926/3926
f 3929/3929/3929 3931/3931/3931 3930/3930/3930
f 3931/3931/3931 3932/3932/3932 3930/3930/3930
f 3933/3933/3933 3935/3935/3935 3934/3934/3934
f 3935/3935/3935 3936/3936/3936 3934/3934/3934
f 3937/3937/3937 3939/3939/3939 3938/3938/3938
f 3939/3939/3939 3940/3940/3940 3938/3938/3938
f 3941/3941/3941 3943/3943/3943 3942/3942/3942
f 3943/3943/3943 3944/3944/3944 3942/3942/3942
f 3945/3945/3945 3947/3947/3947 3946/3946/3946
f 3947/3947/3947 3948/3948/3948 3946/3946/3946
o ratchet_strap_0_l
usemtl accent_yellow
v 0.632068880648022 1.1069364629668548 0.7241746614328959
v 0.6404552434471986 1.1068826461847838 0.7223441854764253
v 0.6487722986070403 1.1088258298162774 0.723201645546361
v 0.6557538504224955 1.1124701819037486 0.7266165011860256
v 0.6603370213868743 1.117260883114526 0.7320688717982449
v 0.6618240649147867 1.1224685923134787 0.7387286830506679
v 0.6599885920677137 1.1273004826375577 0.7455820385976113
v 0.6551100368151508 1.131020942903731 0.751585577635929
v 0.6479311146561778 1.1330635670140228 0.7558253161717496
v 0.6395447518570012 1.1331173837960937 0.7576557921282203
v 0.6312276966971595 1.1311742001646004 0.7567983320582845
v 0.6242461448817044 1.127529848077129 0.75338347641862
v 0.6196629739173255 1.1227391468663517 0.7479311058064007
v 0.6181759303894131 1.1175314376673988 0.7412712945539778
v 0.6200114032364862 1.11269954734332 0.7344179390070344
v 0.624889958489049 1.1089790870771468 0.7284143999687166
v 0.632068880648022 1.1069364629668548 0.7241746614328959
v 0.5020688853438221 1.9369364329859775 0.10417468382825029
v 0.5104552481429987 1.9368826162039066 0.10234420787177967
v 0.5187723033028404 1.9388257998354 0.10320166794171542
v 0.5257538551182955 1.9424701519228713 0.10661652358137996
v 0.5303370260826744 1.9472608531336486 0.11206889419359928
v 0.5318240696105868 1.9524685623326015 0.11872870544602221
v 0.5299885967635137 1.9573004526566802 0.1255820609929656
v 0.5251100415109509 1.9610209129228535 0.1315856000312834
v 0.5179311193519779 1.9630635370331455 0.13582533856710405
v 0.5095447565528013 1.9631173538152165 0.13765581452357467
v 0.5012277013929596 1.9611741701837229 0.13679835445363892
v 0.49424614957750446 1.9575298180962517 0.13338349881397438
v 0.48966297861312563 1.9527391168854742 0.12793112820175506
v 0.4881759350852132 1.9475314076865216 0.12127131694933213
v 0.49001140793228626 1.9426995173624426 0.11441796140238875
v 0.49488996318484907 1.9389790570962693 0.10841442236407095
v 0.5020688853438221 1.9369364329859775 0.10417468382825029
v 0.6399999976520999 1.1200000149904388 0.7399999888023228
v 0.6399999976520999 1.1200000149904388 0.7399999888023228
v 0.6399999976520999 1.1200000149904388 0.7399999888023228
v 0.6399999976520999 1.1200000149904388 0.7399999888023228
v 0.6399999976520999 1.1200000149904388 0.7399999888023228
v 0.6399999976520999 1.1200000149904388 0.7399999888023228
v 0.6399999976520999 1.1200000149904388 0.7399999888023228
v 0.6399999976520999 1.1200000149904388 0.7399999888023228
v 0.6399999976520999 1.1200000149904388 0.7399999888023228
v 0.6399999976520999 1.1200000149904388 0.7399999888023228
v 0.6399999976520999 1.1200000149904388 0.7399999888023228
v 0.6399999976520999 1.1200000149904388 0.7399999888023228
v 0.6399999976520999 1.1200000149904388 0.7399999888023228
v 0.6399999976520999 1.1200000149904388 0.7399999888023228
v 0.6399999976520999 1.1200000149904388 0.7399999888023228
v 0.6399999976520999 1.1200000149904388 0.7399999888023228
v 0.632068880648022 1.1069364629668548 0.7241746614328959
v 0.6404552434471986 1.1068826461847838 0.7223441854764253
v 0.6487722986070403 1.1088258298162774 0.723201645546361
v 0.6557538504224955 1.1124701819037486 0.7266165011860256
v 0.6603370213868743 1.117260883114526 0.7320688717982449
v 0.6618240649147867 1.1224685923134787 0.7387286830506679
v 0.6599885920677137 1.1273004826375577 0.7455820385976113
v 0.6551100368151508 1.131020942903731 0.751585577635929
v 0.6479311146561778 1.1330635670140228 0.7558253161717496
v 0.6395447518570012 1.1331173837960937 0.7576557921282203
v 0.6312276966971595 1.1311742001646004 0.7567983320582845
v 0.6242461448817044 1.127529848077129 0.75338347641862
v 0.6196629739173255 1.1227391468663517 0.7479311058064007
v 0.6181759303894131 1.1175314376673988 0.7412712945539778
v 0.6200114032364862 1.11269954734332 0.7344179390070344
v 0.624889958489049 1.1089790870771468 0.7284143999687166
v 0.632068880648022 1.1069364629668548 0.7241746614328959
v 0.5100000023479 1.9499999850095615 0.12000001119767717
v 0.5100000023479 1.9499999850095615 0.12000001119767717
v 0.5100000023479 1.9499999850095615 0.12000001119767717
v 0.5100000023479 1.9499999850095615 0.12000001119767717
v 0.5100000023479 1.9499999850095615 0.12000001119767717
v 0.5100000023479 1.9499999850095615 0.12000001119767717
v 0.5100000023479 1.9499999850095615 0.12000001119767717
v 0.5100000023479 1.9499999850095615 0.12000001119767717
v 0.5100000023479 1.9499999850095615 0.12000001119767717
v 0.5100000023479 1.9499999850095615 0.12000001119767717
v 0.5100000023479 1.9499999850095615 0.12000001119767717
v 0.5100000023479 1.9499999850095615 0.12000001119767717
v 0.5100000023479 1.9499999850095615 0.12000001119767717
v 0.5100000023479 1.9499999850095615 0.12000001119767717
v 0.5100000023479 1.9499999850095615 0.12000001119767717
v 0.5100000023479 1.9499999850095615 0.12000001119767717
v 0.5020688853438221 1.9369364329859775 0.10417468382825029
v 0.5104552481429987 1.9368826162039066 0.10234420787177967
v 0.5187723033028404 1.9388257998354 0.10320166794171542
v 0.5257538551182955 1.9424701519228713 0.10661652358137996
v 0.5303370260826744 1.9472608531336486 0.11206889419359928
v 0.5318240696105868 1.9524685623326015 0.11872870544602221
v 0.5299885967635137 1.9573004526566802 0.1255820609929656
v 0.5251100415109509 1.9610209129228535 0.1315856000312834
v 0.5179311193519779 1.9630635370331455 0.13582533856710405
v 0.5095447565528013 1.9631173538152165 0.13765581452357467
v 0.5012277013929596 1.9611741701837229 0.13679835445363892
v 0.49424614957750446 1.9575298180962517 0.13338349881397438
v 0.48966297861312563 1.9527391168854742 0.12793112820175506
v 0.4881759350852132 1.9475314076865216 0.12127131694933213
v 0.49001140793228626 1.9426995173624426 0.11441796140238875
v 0.49488996318484907 1.9389790570962693 0.10841442236407095
v 0.5020688853438221 1.9369364329859775 0.10417468382825029
vt 0 1
vt 0.0625 1
vt 0.125 1
vt 0.1875 1
vt 0.25 1
vt 0.3125 1
vt 0.375 1
vt 0.4375 1
vt 0.5 1
vt 0.5625 1
vt 0.625 1
vt 0.6875 1
vt 0.75 1
vt 0.8125 1
vt 0.875 1
vt 0.9375 1
vt 1 1
vt 0 0
vt 0.0625 0
vt 0.125 0
vt 0.1875 0
vt 0.25 0
vt 0.3125 0
vt 0.375 0
vt 0.4375 0
vt 0.5 0
vt 0.5625 0
vt 0.625 0
vt 0.6875 0
vt 0.75 0
vt 0.8125 0
vt 0.875 0
vt 0.9375 0
vt 1 0
vt 0.5 0.5
vt 0.5 0.5
vt 0.5 0.5
vt 0.5 0.5
vt 0.5 0.5
vt 0.5 0.5
vt 0.5 0.5
vt 0.5 0.5
vt 0.5 0.5
vt 0.5 0.5
vt 0.5 0.5
vt 0.5 0.5
vt 0.5 0.5
vt 0.5 0.5
vt 0.5 0.5
vt 0.5 0.5
vt 1 0.5
vt 0.9619397521018982 0.6913416981697083
vt 0.8535534143447876 0.8535534143447876
vt 0.6913416981697083 0.9619397521018982
vt 0.5 1
vt 0.30865827202796936 0.9619397521018982
vt 0.1464466154575348 0.8535534143447876
vt 0.03806023299694061 0.6913416981697083
vt 0 0.5
vt 0.03806023299694061 0.30865827202796936
vt 0.1464466154575348 0.1464466154575348
vt 0.30865827202796936 0.03806023299694061
vt 0.5 0
vt 0.6913416981697083 0.03806023299694061
vt 0.8535534143447876 0.1464466154575348
vt 0.9619397521018982 0.30865827202796936
vt 1 0.5
vt 0.5 0.5
vt 0.5 0.5
vt 0.5 0.5
vt 0.5 0.5
vt 0.5 0.5
vt 0.5 0.5
vt 0.5 0.5
vt 0.5 0.5
vt 0.5 0.5
vt 0.5 0.5
vt 0.5 0.5
vt 0.5 0.5
vt 0.5 0.5
vt 0.5 0.5
vt 0.5 0.5
vt 0.5 0.5
vt 1 0.5
vt 0.9619397521018982 0.30865827202796936
vt 0.8535534143447876 0.1464466154575348
vt 0.6913416981697083 0.03806023299694061
vt 0.5 0
vt 0.30865827202796936 0.03806023299694061
vt 0.1464466154575348 0.1464466154575348
vt 0.03806023299694061 0.30865827202796936
vt 0 0.5
vt 0.03806023299694061 0.6913416981697083
vt 0.1464466154575348 0.8535534143447876
vt 0.30865827202796936 0.9619397521018982
vt 0.5 1
vt 0.6913416981697083 0.9619397521018982
vt 0.8535534143447876 0.8535534143447876
vt 0.9619397521018982 0.6913416981697083
vt 1 0.5
vn -0.360505320320612 -0.5937978224713764 -0.7193330661444565
vn 0.02069297683165699 -0.5962440355904661 -0.8025365105293587
vn 0.3987409465262253 -0.5079175003104627 -0.7635610456549895
vn 0.7160842232591581 -0.34226513186784957 -0.6083403362483965
vn 0.9244101747714846 -0.12450599503432085 -0.3605053203206119
vn 0.9920030533775379 0.11220805137791806 -0.057786635960335404
vn 0.9085724598312914 0.33183943353616896 0.2537295323499231
vn 0.6868199490403889 0.5009512713615147 0.5266176804109787
vn 0.3605053203206121 0.5937978224713764 0.7193330661444565
vn -0.02069297683165699 0.5962440355904661 0.8025365105293587
vn -0.3987409465262253 0.5079175003104627 0.7635610456549895
vn -0.7160842232591581 0.34226513186784957 0.6083403362483965
vn -0.9244101747714847 0.12450599503432094 0.360505320320612
vn -0.9920030533775379 -0.11220805137791806 0.057786635960335404
vn -0.9085724598312914 -0.33183943353616896 -0.2537295323499231
vn -0.6868199490403889 -0.5009512713615147 -0.5266176804109787
vn -0.3605053203206122 -0.5937978224713764 -0.7193330661444564
vn -0.360505320320612 -0.5937978224713764 -0.7193330661444565
vn 0.02069297683165699 -0.5962440355904661 -0.8025365105293587
vn 0.3987409465262253 -0.5079175003104627 -0.7635610456549895
vn 0.7160842232591581 -0.34226513186784957 -0.6083403362483965
vn 0.9244101747714846 -0.12450599503432085 -0.3605053203206119
vn 0.9920030533775379 0.11220805137791806 -0.057786635960335404
vn 0.9085724598312914 0.33183943353616896 0.2537295323499231
vn 0.6868199490403889 0.5009512713615147 0.5266176804109787
vn 0.3605053203206121 0.5937978224713764 0.7193330661444565
vn -0.02069297683165699 0.5962440355904661 0.8025365105293587
vn -0.3987409465262253 0.5079175003104627 0.7635610456549895
vn -0.7160842232591581 0.34226513186784957 0.6083403362483965
vn -0.9244101747714847 0.12450599503432094 0.360505320320612
vn -0.9920030533775379 -0.11220805137791806 0.057786635960335404
vn -0.9085724598312914 -0.33183943353616896 -0.2537295323499231
vn -0.6868199490403889 -0.5009512713615147 -0.5266176804109787
vn -0.3605053203206122 -0.5937978224713764 -0.7193330661444564
vn 0.12450599503432086 -0.7949228913729717 0.5937978224713764
vn 0.12450599503432086 -0.7949228913729717 0.5937978224713764
vn 0.12450599503432086 -0.7949228913729717 0.5937978224713764
vn 0.12450599503432086 -0.7949228913729717 0.5937978224713764
vn 0.12450599503432086 -0.7949228913729717 0.5937978224713764
vn 0.12450599503432086 -0.7949228913729717 0.5937978224713764
vn 0.12450599503432086 -0.7949228913729717 0.5937978224713764
vn 0.12450599503432086 -0.7949228913729717 0.5937978224713764
vn 0.12450599503432086 -0.7949228913729717 0.5937978224713764
vn 0.12450599503432086 -0.7949228913729717 0.5937978224713764
vn 0.12450599503432086 -0.7949228913729717 0.5937978224713764
vn 0.12450599503432086 -0.7949228913729717 0.5937978224713764
vn 0.12450599503432086 -0.7949228913729717 0.5937978224713764
vn 0.12450599503432086 -0.7949228913729717 0.5937978224713764
vn 0.12450599503432086 -0.7949228913729717 0.5937978224713764
vn 0.12450599503432086 -0.7949228913729717 0.5937978224713764
vn 0.12450599503432086 -0.7949228913729717 0.5937978224713764
vn 0.12450599503432086 -0.7949228913729717 0.5937978224713764
vn 0.12450599503432086 -0.7949228913729717 0.5937978224713764
vn 0.12450599503432086 -0.7949228913729717 0.5937978224713764
vn 0.12450599503432086 -0.7949228913729717 0.5937978224713764
vn 0.12450599503432086 -0.7949228913729717 0.5937978224713764
vn 0.12450599503432086 -0.7949228913729717 0.5937978224713764
vn 0.12450599503432086 -0.7949228913729717 0.5937978224713764
vn 0.12450599503432086 -0.7949228913729717 0.5937978224713764
vn 0.12450599503432086 -0.7949228913729717 0.5937978224713764
vn 0.12450599503432086 -0.7949228913729717 0.5937978224713764
vn 0.12450599503432086 -0.7949228913729717 0.5937978224713764
vn 0.12450599503432086 -0.7949228913729717 0.5937978224713764
vn 0.12450599503432086 -0.7949228913729717 0.5937978224713764
vn 0.12450599503432086 -0.7949228913729717 0.5937978224713764
vn 0.12450599503432086 -0.7949228913729717 0.5937978224713764
vn 0.12450599503432086 -0.7949228913729717 0.5937978224713764
vn -0.12450599503432086 0.7949228913729717 -0.5937978224713764
vn -0.12450599503432086 0.7949228913729717 -0.5937978224713764
vn -0.12450599503432086 0.7949228913729717 -0.5937978224713764
vn -0.12450599503432086 0.7949228913729717 -0.5937978224713764
vn -0.12450599503432086 0.7949228913729717 -0.5937978224713764
vn -0.12450599503432086 0.7949228913729717 -0.5937978224713764
vn -0.12450599503432086 0.7949228913729717 -0.5937978224713764
vn -0.12450599503432086 0.7949228913729717 -0.5937978224713764
vn -0.12450599503432086 0.7949228913729717 -0.5937978224713764
vn -0.12450599503432086 0.7949228913729717 -0.5937978224713764
vn -0.12450599503432086 0.7949228913729717 -0.5937978224713764
vn -0.12450599503432086 0.7949228913729717 -0.5937978224713764
vn -0.12450599503432086 0.7949228913729717 -0.5937978224713764
vn -0.12450599503432086 0.7949228913729717 -0.5937978224713764
vn -0.12450599503432086 0.7949228913729717 -0.5937978224713764
vn -0.12450599503432086 0.7949228913729717 -0.5937978224713764
vn -0.12450599503432086 0.7949228913729717 -0.5937978224713764
vn -0.12450599503432086 0.7949228913729717 -0.5937978224713764
vn -0.12450599503432086 0.7949228913729717 -0.5937978224713764
vn -0.12450599503432086 0.7949228913729717 -0.5937978224713764
vn -0.12450599503432086 0.7949228913729717 -0.5937978224713764
vn -0.12450599503432086 0.7949228913729717 -0.5937978224713764
vn -0.12450599503432086 0.7949228913729717 -0.5937978224713764
vn -0.12450599503432086 0.7949228913729717 -0.5937978224713764
vn -0.12450599503432086 0.7949228913729717 -0.5937978224713764
vn -0.12450599503432086 0.7949228913729717 -0.5937978224713764
vn -0.12450599503432086 0.7949228913729717 -0.5937978224713764
vn -0.12450599503432086 0.7949228913729717 -0.5937978224713764
vn -0.12450599503432086 0.7949228913729717 -0.5937978224713764
vn -0.12450599503432086 0.7949228913729717 -0.5937978224713764
vn -0.12450599503432086 0.7949228913729717 -0.5937978224713764
vn -0.12450599503432086 0.7949228913729717 -0.5937978224713764
vn -0.12450599503432086 0.7949228913729717 -0.5937978224713764
f 3949/3949/3949 3966/3966/3966 3950/3950/3950
f 3966/3966/3966 3967/3967/3967 3950/3950/3950
f 3950/3950/3950 3967/3967/3967 3951/3951/3951
f 3967/3967/3967 3968/3968/3968 3951/3951/3951
f 3951/3951/3951 3968/3968/3968 3952/3952/3952
f 3968/3968/3968 3969/3969/3969 3952/3952/3952
f 3952/3952/3952 3969/3969/3969 3953/3953/3953
f 3969/3969/3969 3970/3970/3970 3953/3953/3953
f 3953/3953/3953 3970/3970/3970 3954/3954/3954
f 3970/3970/3970 3971/3971/3971 3954/3954/3954
f 3954/3954/3954 3971/3971/3971 3955/3955/3955
f 3971/3971/3971 3972/3972/3972 3955/3955/3955
f 3955/3955/3955 3972/3972/3972 3956/3956/3956
f 3972/3972/3972 3973/3973/3973 3956/3956/3956
f 3956/3956/3956 3973/3973/3973 3957/3957/3957
f 3973/3973/3973 3974/3974/3974 3957/3957/3957
f 3957/3957/3957 3974/3974/3974 3958/3958/3958
f 3974/3974/3974 3975/3975/3975 3958/3958/3958
f 3958/3958/3958 3975/3975/3975 3959/3959/3959
f 3975/3975/3975 3976/3976/3976 3959/3959/3959
f 3959/3959/3959 3976/3976/3976 3960/3960/3960
f 3976/3976/3976 3977/3977/3977 3960/3960/3960
f 3960/3960/3960 3977/3977/3977 3961/3961/3961
f 3977/3977/3977 3978/3978/3978 3961/3961/3961
f 3961/3961/3961 3978/3978/3978 3962/3962/3962
f 3978/3978/3978 3979/3979/3979 3962/3962/3962
f 3962/3962/3962 3979/3979/3979 3963/3963/3963
f 3979/3979/3979 3980/3980/3980 3963/3963/3963
f 3963/3963/3963 3980/3980/3980 3964/3964/3964
f 3980/3980/3980 3981/3981/3981 3964/3964/3964
f 3964/3964/3964 3981/3981/3981 3965/3965/3965
f 3981/3981/3981 3982/3982/3982 3965/3965/3965
f 3999/3999/3999 4000/4000/4000 3983/3983/3983
f 4000/4000/4000 4001/4001/4001 3984/3984/3984
f 4001/4001/4001 4002/4002/4002 3985/3985/3985
f 4002/4002/4002 4003/4003/4003 3986/3986/3986
f 4003/4003/4003 4004/4004/4004 3987/3987/3987
f 4004/4004/4004 4005/4005/4005 3988/3988/3988
f 4005/4005/4005 4006/4006/4006 3989/3989/3989
f 4006/4006/4006 4007/4007/4007 3990/3990/3990
f 4007/4007/4007 4008/4008/4008 3991/3991/3991
f 4008/4008/4008 4009/4009/4009 3992/3992/3992
f 4009/4009/4009 4010/4010/4010 3993/3993/3993
f 4010/4010/4010 4011/4011/4011 3994/3994/3994
f 4011/4011/4011 4012/4012/4012 3995/3995/3995
f 4012/4012/4012 4013/4013/4013 3996/3996/3996
f 4013/4013/4013 4014/4014/4014 3997/3997/3997
f 4014/4014/4014 4015/4015/4015 3998/3998/3998
f 4033/4033/4033 4032/4032/4032 4016/4016/4016
f 4034/4034/4034 4033/4033/4033 4017/4017/4017
f 4035/4035/4035 4034/4034/4034 4018/4018/4018
f 4036/4036/4036 4035/4035/4035 4019/4019/4019
f 4037/4037/4037 4036/4036/4036 4020/4020/4020
f 4038/4038/4038 4037/4037/4037 4021/4021/4021
f 4039/4039/4039 4038/4038/4038 4022/4022/4022
f 4040/4040/4040 4039/4039/4039 4023/4023/4023
f 4041/4041/4041 4040/4040/4040 4024/4024/4024
f 4042/4042/4042 4041/4041/4041 4025/4025/4025
f 4043/4043/4043 4042/4042/4042 4026/4026/4026
f 4044/4044/4044 4043/4043/4043 4027/4027/4027
f 4045/4045/4045 4044/4044/4044 4028/4028/4028
f 4046/4046/4046 4045/4045/4045 4029/4029/4029
f 4047/4047/4047 4046/4046/4046 4030/4030/4030
f 4048/4048/4048 4047/4047/4047 4031/4031/4031
o ratchet_strap_0_r
usemtl accent_yellow
v 0.6479311146561778 1.1330635670140228 -0.7558253161717496
v 0.6551100368151508 1.131020942903731 -0.751585577635929
v 0.6599885920677137 1.1273004826375577 -0.7455820385976113
v 0.6618240649147867 1.1224685923134787 -0.7387286830506679
v 0.6603370213868743 1.117260883114526 -0.7320688717982449
v 0.6557538504224955 1.1124701819037486 -0.7266165011860256
v 0.6487722986070403 1.1088258298162774 -0.723201645546361
v 0.6404552434471986 1.1068826461847838 -0.7223441854764253
v 0.632068880648022 1.1069364629668548 -0.7241746614328959
v 0.624889958489049 1.1089790870771468 -0.7284143999687166
v 0.6200114032364862 1.11269954734332 -0.7344179390070344
v 0.6181759303894131 1.1175314376673988 -0.7412712945539778
v 0.6196629739173255 1.1227391468663517 -0.7479311058064007
v 0.6242461448817044 1.127529848077129 -0.75338347641862
v 0.6312276966971595 1.1311742001646004 -0.7567983320582845
v 0.6395447518570012 1.1331173837960937 -0.7576557921282203
v 0.6479311146561778 1.1330635670140228 -0.7558253161717496
v 0.5179311193519779 1.9630635370331455 -0.13582533856710405
v 0.5251100415109509 1.9610209129228535 -0.1315856000312834
v 0.5299885967635137 1.9573004526566802 -0.1255820609929656
v 0.5318240696105868 1.9524685623326015 -0.11872870544602221
v 0.5303370260826744 1.9472608531336486 -0.11206889419359928
v 0.5257538551182955 1.9424701519228713 -0.10661652358137996
v 0.5187723033028404 1.9388257998354 -0.10320166794171542
v 0.5104552481429987 1.9368826162039066 -0.10234420787177967
v 0.5020688853438221 1.9369364329859775 -0.10417468382825029
v 0.49488996318484907 1.9389790570962693 -0.10841442236407095
v 0.49001140793228626 1.9426995173624426 -0.11441796140238875
v 0.4881759350852132 1.9475314076865216 -0.12127131694933213
v 0.48966297861312563 1.9527391168854742 -0.12793112820175506
v 0.49424614957750446 1.9575298180962517 -0.13338349881397438
v 0.5012277013929596 1.9611741701837229 -0.13679835445363892
v 0.5095447565528013 1.9631173538152165 -0.13765581452357467
v 0.5179311193519779 1.9630635370331455 -0.13582533856710405
v 0.6399999976520999 1.1200000149904388 -0.7399999888023228
v 0.6399999976520999 1.1200000149904388 -0.7399999888023228
v 0.6399999976520999 1.1200000149904388 -0.7399999888023228
v 0.6399999976520999 1.1200000149904388 -0.7399999888023228
v 0.6399999976520999 1.1200000149904388 -0.7399999888023228
v 0.6399999976520999 1.1200000149904388 -0.7399999888023228
v 0.6399999976520999 1.1200000149904388 -0.7399999888023228
v 0.6399999976520999 1.1200000149904388 -0.7399999888023228
v 0.6399999976520999 1.1200000149904388 -0.7399999888023228
v 0.6399999976520999 1.1200000149904388 -0.7399999888023228
v 0.6399999976520999 1.1200000149904388 -0.7399999888023228
v 0.6399999976520999 1.1200000149904388 -0.7399999888023228
v 0.6399999976520999 1.1200000149904388 -0.7399999888023228
v 0.6399999976520999 1.1200000149904388 -0.7399999888023228
v 0.6399999976520999 1.1200000149904388 -0.7399999888023228
v 0.6399999976520999 1.1200000149904388 -0.7399999888023228
v 0.6479311146561778 1.1330635670140228 -0.7558253161717496
v 0.6551100368151508 1.131020942903731 -0.751585577635929
v 0.6599885920677137 1.1273004826375577 -0.7455820385976113
v 0.6618240649147867 1.1224685923134787 -0.7387286830506679
v 0.6603370213868743 1.117260883114526 -0.7320688717982449
v 0.6557538504224955 1.1124701819037486 -0.7266165011860256
v 0.6487722986070403 1.1088258298162774 -0.723201645546361
v 0.6404552434471986 1.1068826461847838 -0.7223441854764253
v 0.632068880648022 1.1069364629668548 -0.7241746614328959
v 0.624889958489049 1.1089790870771468 -0.7284143999687166
v 0.6200114032364862 1.11269954734332 -0.7344179390070344
v 0.6181759303894131 1.1175314376673988 -0.7412712945539778
v 0.6196629739173255 1.1227391468663517 -0.7479311058064007
v 0.6242461448817044 1.127529848077129 -0.75338347641862
v 0.6312276966971595 1.1311742001646004 -0.7567983320582845
v 0.6395447518570012 1.1331173837960937 -0.7576557921282203
v 0.6479311146561778 1.1330635670140228 -0.7558253161717496
v 0.5100000023479 1.9499999850095615 -0.12000001119767717
v 0.5100000023479 1.9499999850095615 -0.12000001119767717
v 0.5100000023479 1.9499999850095615 -0.12000001119767717
v 0.5100000023479 1.9499999850095615 -0.12000001119767717
v 0.5100000023479 1.9499999850095615 -0.12000001119767717
v 0.5100000023479 1.9499999850095615 -0.12000001119767717
v 0.5100000023479 1.9499999850095615 -0.12000001119767717
v 0.5100000023479 1.9499999850095615 -0.12000001119767717
v 0.5100000023479 1.9499999850095615 -0.12000001119767717
v 0.5100000023479 1.9499999850095615 -0.12000001119767717
v 0.5100000023479 1.9499999850095615 -0.12000001119767717
v 0.5100000023479 1.9499999850095615 -0.12000001119767717
v 0.5100000023479 1.9499999850095615 -0.12000001119767717
v 0.5100000023479 1.9499999850095615 -0.12000001119767717
v 0.5100000023479 1.9499999850095615 -0.12000001119767717
v 0.5100000023479 1.9499999850095615 -0.12000001119767717
v 0.5179311193519779 1.9630635370331455 -0.13582533856710405
v 0.5251100415109509 1.9610209129228535 -0.1315856000312834
v 0.5299885967635137 1.9573004526566802 -0.1255820609929656
v 0.5318240696105868 1.9524685623326015 -0.11872870544602221
v 0.5303370260826744 1.9472608531336486 -0.11206889419359928
v 0.5257538551182955 1.9424701519228713 -0.10661652358137996
v 0.5187723033028404 1.9388257998354 -0.10320166794171542
v 0.5104552481429987 1.9368826162039066 -0.10234420787177967
v 0.5020688853438221 1.9369364329859775 -0.10417468382825029
v 0.49488996318484907 1.9389790570962693 -0.10841442236407095
v 0.49001140793228626 1.9426995173624426 -0.11441796140238875
v 0.4881759350852132 1.9475314076865216 -0.12127131694933213
v 0.48966297861312563 1.9527391168854742 -0.12793112820175506
v 0.49424614957750446 1.9575298180962517 -0.13338349881397438
v 0.5012277013929596 1.9611741701837229 -0.13679835445363892
v 0.5095447565528013 1.9631173538152165 -0.13765581452357467
v 0.5179311193519779 1.9630635370331455 -0.13582533856710405
vt 0 1
vt 0.0625 1
vt 0.125 1
vt 0.1875 1
vt 0.25 1
vt 0.3125 1
vt 0.375 1
vt 0.4375 1
vt 0.5 1
vt 0.5625 1
vt 0.625 1
vt 0.6875 1
vt 0.75 1
vt 0.8125 1
vt 0.875 1
vt 0.9375 1
vt 1 1
vt 0 0
vt 0.0625 0
vt 0.125 0
vt 0.1875 0
vt 0.25 0
vt 0.3125 0
vt 0.375 0
vt 0.4375 0
vt 0.5 0
vt 0.5625 0
vt 0.625 0
vt 0.6875 0
vt 0.75 0
vt 0.8125 0
vt 0.875 0
vt 0.9375 0
vt 1 0
vt 0.5 0.5
vt 0.5 0.5
vt 0.5 0.5
vt 0.5 0.5
vt 0.5 0.5
vt 0.5 0.5
vt 0.5 0.5
vt 0.5 0.5
vt 0.5 0.5
vt 0.5 0.5
vt 0.5 0.5
vt 0.5 0.5
vt 0.5 0.5
vt 0.5 0.5
vt 0.5 0.5
vt 0.5 0.5
vt 1 0.5
vt 0.9619397521018982 0.6913416981697083
vt 0.8535534143447876 0.8535534143447876
vt 0.6913416981697083 0.9619397521018982
vt 0.5 1
vt 0.30865827202796936 0.9619397521018982
vt 0.1464466154575348 0.8535534143447876
vt 0.03806023299694061 0.6913416981697083
vt 0 0.5
vt 0.03806023299694061 0.30865827202796936
vt 0.1464466154575348 0.1464466154575348
vt 0.30865827202796936 0.03806023299694061
vt 0.5 0
vt 0.6913416981697083 0.03806023299694061
vt 0.8535534143447876 0.1464466154575348
vt 0.9619397521018982 0.30865827202796936
vt 1 0.5
vt 0.5 0.5
vt 0.5 0.5
vt 0.5 0.5
vt 0.5 0.5
vt 0.5 0.5
vt 0.5 0.5
vt 0.5 0.5
vt 0.5 0.5
vt 0.5 0.5
vt 0.5 0.5
vt 0.5 0.5
vt 0.5 0.5
vt 0.5 0.5
vt 0.5 0.5
vt 0.5 0.5
vt 0.5 0.5
vt 1 0.5
vt 0.9619397521018982 0.30865827202796936
vt 0.8535534143447876 0.1464466154575348
vt 0.6913416981697083 0.03806023299694061
vt 0.5 0
vt 0.30865827202796936 0.03806023299694061
vt 0.1464466154575348 0.1464466154575348
vt 0.03806023299694061 0.30865827202796936
vt 0 0.5
vt 0.03806023299694061 0.6913416981697083
vt 0.1464466154575348 0.8535534143447876
vt 0.30865827202796936 0.9619397521018982
vt 0.5 1
vt 0.6913416981697083 0.9619397521018982
vt 0.8535534143447876 0.8535534143447876
vt 0.9619397521018982 0.6913416981697083
vt 1 0.5
vn 0.360505320320612 0.5937978224713764 -0.7193330661444565
vn 0.6868199490403889 0.5009512713615147 -0.5266176804109787
vn 0.9085724598312914 0.33183943353616896 -0.2537295323499231
vn 0.9920030533775379 0.11220805137791806 0.057786635960335404
vn 0.9244101747714846 -0.12450599503432076 0.3605053203206118
vn 0.7160842232591581 -0.34226513186784957 0.6083403362483965
vn 0.3987409465262253 -0.5079175003104627 0.7635610456549895
vn 0.02069297683165699 -0.5962440355904661 0.8025365105293587
vn -0.3605053203206119 -0.5937978224713764 0.7193330661444565
vn -0.6868199490403889 -0.5009512713615147 0.5266176804109787
vn -0.9085724598312914 -0.33183943353616896 0.2537295323499231
vn -0.9920030533775379 -0.11220805137791806 -0.057786635960335404
vn -0.9244101747714849 0.12450599503432072 -0.3605053203206118
vn -0.7160842232591581 0.34226513186784957 -0.6083403362483965
vn -0.3987409465262253 0.5079175003104627 -0.7635610456549895
vn -0.02069297683165699 0.5962440355904661 -0.8025365105293587
vn 0.3605053203206118 0.5937978224713764 -0.7193330661444566
vn 0.360505320320612 0.5937978224713764 -0.7193330661444565
vn 0.6868199490403889 0.5009512713615147 -0.5266176804109787
vn 0.9085724598312914 0.33183943353616896 -0.2537295323499231
vn 0.9920030533775379 0.11220805137791806 0.057786635960335404
vn 0.9244101747714846 -0.12450599503432076 0.3605053203206118
vn 0.7160842232591581 -0.34226513186784957 0.6083403362483965
vn 0.3987409465262253 -0.5079175003104627 0.7635610456549895
vn 0.02069297683165699 -0.5962440355904661 0.8025365105293587
vn -0.3605053203206119 -0.5937978224713764 0.7193330661444565
vn -0.6868199490403889 -0.5009512713615147 0.5266176804109787
vn -0.9085724598312914 -0.33183943353616896 0.2537295323499231
vn -0.9920030533775379 -0.11220805137791806 -0.057786635960335404
vn -0.9244101747714849 0.12450599503432072 -0.3605053203206118
vn -0.7160842232591581 0.34226513186784957 -0.6083403362483965
vn -0.3987409465262253 0.5079175003104627 -0.7635610456549895
vn -0.02069297683165699 0.5962440355904661 -0.8025365105293587
vn 0.3605053203206118 0.5937978224713764 -0.7193330661444566
vn 0.12450599503432086 -0.7949228913729717 -0.5937978224713764
vn 0.12450599503432086 -0.7949228913729717 -0.5937978224713764
vn 0.12450599503432086 -0.7949228913729717 -0.5937978224713764
vn 0.12450599503432086 -0.7949228913729717 -0.5937978224713764
vn 0.12450599503432086 -0.7949228913729717 -0.5937978224713764
vn 0.12450599503432086 -0.7949228913729717 -0.5937978224713764
vn 0.12450599503432086 -0.7949228913729717 -0.5937978224713764
vn 0.12450599503432086 -0.7949228913729717 -0.5937978224713764
vn 0.12450599503432086 -0.7949228913729717 -0.5937978224713764
vn 0.12450599503432086 -0.7949228913729717 -0.5937978224713764
vn 0.12450599503432086 -0.7949228913729717 -0.5937978224713764
vn 0.12450599503432086 -0.7949228913729717 -0.5937978224713764
vn 0.12450599503432086 -0.7949228913729717 -0.5937978224713764
vn 0.12450599503432086 -0.7949228913729717 -0.5937978224713764
vn 0.12450599503432086 -0.7949228913729717 -0.5937978224713764
vn 0.12450599503432086 -0.7949228913729717 -0.5937978224713764
vn 0.12450599503432086 -0.7949228913729717 -0.5937978224713764
vn 0.12450599503432086 -0.7949228913729717 -0.5937978224713764
vn 0.12450599503432086 -0.7949228913729717 -0.5937978224713764
vn 0.12450599503432086 -0.7949228913729717 -0.5937978224713764
vn 0.12450599503432086 -0.7949228913729717 -0.5937978224713764
vn 0.12450599503432086 -0.7949228913729717 -0.5937978224713764
vn 0.12450599503432086 -0.7949228913729717 -0.5937978224713764
vn 0.12450599503432086 -0.7949228913729717 -0.5937978224713764
vn 0.12450599503432086 -0.7949228913729717 -0.5937978224713764
vn 0.12450599503432086 -0.7949228913729717 -0.5937978224713764
vn 0.12450599503432086 -0.7949228913729717 -0.5937978224713764
vn 0.12450599503432086 -0.7949228913729717 -0.5937978224713764
vn 0.12450599503432086 -0.7949228913729717 -0.5937978224713764
vn 0.12450599503432086 -0.7949228913729717 -0.5937978224713764
vn 0.12450599503432086 -0.7949228913729717 -0.5937978224713764
vn 0.12450599503432086 -0.7949228913729717 -0.5937978224713764
vn 0.12450599503432086 -0.7949228913729717 -0.5937978224713764
vn -0.12450599503432086 0.7949228913729717 0.5937978224713764
vn -0.12450599503432086 0.7949228913729717 0.5937978224713764
vn -0.12450599503432086 0.7949228913729717 0.5937978224713764
vn -0.12450599503432086 0.7949228913729717 0.5937978224713764
vn -0.12450599503432086 0.7949228913729717 0.5937978224713764
vn -0.12450599503432086 0.7949228913729717 0.5937978224713764
vn -0.12450599503432086 0.7949228913729717 0.5937978224713764
vn -0.12450599503432086 0.7949228913729717 0.5937978224713764
vn -0.12450599503432086 0.7949228913729717 0.5937978224713764
vn -0.12450599503432086 0.7949228913729717 0.5937978224713764
vn -0.12450599503432086 0.7949228913729717 0.5937978224713764
vn -0.12450599503432086 0.7949228913729717 0.5937978224713764
vn -0.12450599503432086 0.7949228913729717 0.5937978224713764
vn -0.12450599503432086 0.7949228913729717 0.5937978224713764
vn -0.12450599503432086 0.7949228913729717 0.5937978224713764
vn -0.12450599503432086 0.7949228913729717 0.5937978224713764
vn -0.12450599503432086 0.7949228913729717 0.5937978224713764
vn -0.12450599503432086 0.7949228913729717 0.5937978224713764
vn -0.12450599503432086 0.7949228913729717 0.5937978224713764
vn -0.12450599503432086 0.7949228913729717 0.5937978224713764
vn -0.12450599503432086 0.7949228913729717 0.5937978224713764
vn -0.12450599503432086 0.7949228913729717 0.5937978224713764
vn -0.12450599503432086 0.7949228913729717 0.5937978224713764
vn -0.12450599503432086 0.7949228913729717 0.5937978224713764
vn -0.12450599503432086 0.7949228913729717 0.5937978224713764
vn -0.12450599503432086 0.7949228913729717 0.5937978224713764
vn -0.12450599503432086 0.7949228913729717 0.5937978224713764
vn -0.12450599503432086 0.7949228913729717 0.5937978224713764
vn -0.12450599503432086 0.7949228913729717 0.5937978224713764
vn -0.12450599503432086 0.7949228913729717 0.5937978224713764
vn -0.12450599503432086 0.7949228913729717 0.5937978224713764
vn -0.12450599503432086 0.7949228913729717 0.5937978224713764
vn -0.12450599503432086 0.7949228913729717 0.5937978224713764
f 4049/4049/4049 4066/4066/4066 4050/4050/4050
f 4066/4066/4066 4067/4067/4067 4050/4050/4050
f 4050/4050/4050 4067/4067/4067 4051/4051/4051
f 4067/4067/4067 4068/4068/4068 4051/4051/4051
f 4051/4051/4051 4068/4068/4068 4052/4052/4052
f 4068/4068/4068 4069/4069/4069 4052/4052/4052
f 4052/4052/4052 4069/4069/4069 4053/4053/4053
f 4069/4069/4069 4070/4070/4070 4053/4053/4053
f 4053/4053/4053 4070/4070/4070 4054/4054/4054
f 4070/4070/4070 4071/4071/4071 4054/4054/4054
f 4054/4054/4054 4071/4071/4071 4055/4055/4055
f 4071/4071/4071 4072/4072/4072 4055/4055/4055
f 4055/4055/4055 4072/4072/4072 4056/4056/4056
f 4072/4072/4072 4073/4073/4073 4056/4056/4056
f 4056/4056/4056 4073/4073/4073 4057/4057/4057
f 4073/4073/4073 4074/4074/4074 4057/4057/4057
f 4057/4057/4057 4074/4074/4074 4058/4058/4058
f 4074/4074/4074 4075/4075/4075 4058/4058/4058
f 4058/4058/4058 4075/4075/4075 4059/4059/4059
f 4075/4075/4075 4076/4076/4076 4059/4059/4059
f 4059/4059/4059 4076/4076/4076 4060/4060/4060
f 4076/4076/4076 4077/4077/4077 4060/4060/4060
f 4060/4060/4060 4077/4077/4077 4061/4061/4061
f 4077/4077/4077 4078/4078/4078 4061/4061/4061
f 4061/4061/4061 4078/4078/4078 4062/4062/4062
f 4078/4078/4078 4079/4079/4079 4062/4062/4062
f 4062/4062/4062 4079/4079/4079 4063/4063/4063
f 4079/4079/4079 4080/4080/4080 4063/4063/4063
f 4063/4063/4063 4080/4080/4080 4064/4064/4064
f 4080/4080/4080 4081/4081/4081 4064/4064/4064
f 4064/4064/4064 4081/4081/4081 4065/4065/4065
f 4081/4081/4081 4082/4082/4082 4065/4065/4065
f 4099/4099/4099 4100/4100/4100 4083/4083/4083
f 4100/4100/4100 4101/4101/4101 4084/4084/4084
f 4101/4101/4101 4102/4102/4102 4085/4085/4085
f 4102/4102/4102 4103/4103/4103 4086/4086/4086
f 4103/4103/4103 4104/4104/4104 4087/4087/4087
f 4104/4104/4104 4105/4105/4105 4088/4088/4088
f 4105/4105/4105 4106/4106/4106 4089/4089/4089
f 4106/4106/4106 4107/4107/4107 4090/4090/4090
f 4107/4107/4107 4108/4108/4108 4091/4091/4091
f 4108/4108/4108 4109/4109/4109 4092/4092/4092
f 4109/4109/4109 4110/4110/4110 4093/4093/4093
f 4110/4110/4110 4111/4111/4111 4094/4094/4094
f 4111/4111/4111 4112/4112/4112 4095/4095/4095
f 4112/4112/4112 4113/4113/4113 4096/4096/4096
f 4113/4113/4113 4114/4114/4114 4097/4097/4097
f 4114/4114/4114 4115/4115/4115 4098/4098/4098
f 4133/4133/4133 4132/4132/4132 4116/4116/4116
f 4134/4134/4134 4133/4133/4133 4117/4117/4117
f 4135/4135/4135 4134/4134/4134 4118/4118/4118
f 4136/4136/4136 4135/4135/4135 4119/4119/4119
f 4137/4137/4137 4136/4136/4136 4120/4120/4120
f 4138/4138/4138 4137/4137/4137 4121/4121/4121
f 4139/4139/4139 4138/4138/4138 4122/4122/4122
f 4140/4140/4140 4139/4139/4139 4123/4123/4123
f 4141/4141/4141 4140/4140/4140 4124/4124/4124
f 4142/4142/4142 4141/4141/4141 4125/4125/4125
f 4143/4143/4143 4142/4142/4142 4126/4126/4126
f 4144/4144/4144 4143/4143/4143 4127/4127/4127
f 4145/4145/4145 4144/4144/4144 4128/4128/4128
f 4146/4146/4146 4145/4145/4145 4129/4129/4129
f 4147/4147/4147 4146/4146/4146 4130/4130/4130
f 4148/4148/4148 4147/4147/4147 4131/4131/4131
o ratchet_strap_1_l
usemtl accent_yellow
v -0.5451381075469084 1.1108417289757946 0.7533884360294666
v -0.547665707442934 1.1175873352890313 0.7580566962734007
v -0.552071089137082 1.124700249126931 0.7599759867132689
v -0.5576835734987102 1.1310975943071966 0.7588541128950079
v -0.5636487110302795 1.1358054334464385 0.7548618698737042
v -0.569058363219568 1.1381070403639397 0.7486070406785224
v -0.5730889592180507 1.1376520161639991 0.7410418668005754
v -0.5751268775835886 1.1345096341164993 0.7333180768803327
v -0.5748618638614413 1.129158293202776 0.7266115474034089
v -0.5723342639654158 1.1224126868895392 0.7219432871594749
v -0.5679288822712677 1.1152997730516396 0.7200239967196066
v -0.5623163979096395 1.108902427871374 0.7211458705378677
v -0.5563512603780703 1.104194588732132 0.7251381135591712
v -0.5509416081887817 1.1018929818146308 0.7313929427543531
v -0.546911012190299 1.1023480060145714 0.7389581166323002
v -0.5448730938247611 1.1054903880620712 0.7466819065525429
v -0.5451381075469084 1.1108417289757946 0.7533884360294666
v 0.5248618638614415 1.9408417067972243 0.13338845259659105
v 0.5223342639654159 1.947587313110461 0.13805671284052512
v 0.5179288822712679 1.9547002269483607 0.1399760032803934
v 0.5123163979096397 1.9610975721286263 0.13885412946213233
v 0.5063512603780704 1.9658054112678682 0.1348618864408287
v 0.5009416081887819 1.9681070181853695 0.12860705724564686
v 0.4969110121902992 1.967651993985429 0.12104188336769983
v 0.4948730938247613 1.964509611937929 0.11331809344745714
v 0.49513810754690857 1.9591582710242057 0.1066115639705334
v 0.49766570744293415 1.952412664710969 0.10194330372659932
v 0.5020710891370822 1.9452997508730694 0.10002401328673105
v 0.5076835734987104 1.9389024056928037 0.10114588710499212
v 0.5136487110302796 1.9341945665535618 0.10513813012629575
v 0.5190583632195682 1.9318929596360606 0.11139295932147758
v 0.5230889592180509 1.9323479838360011 0.11895813319942461
v 0.5251268775835888 1.935490365883501 0.1266819231196673
v 0.5248618638614415 1.9408417067972243 0.13338845259659105
v -0.5599999857041749 1.1200000110892852 0.7399999917164377
v -0.5599999857041749 1.1200000110892852 0.7399999917164377
v -0.5599999857041749 1.1200000110892852 0.7399999917164377
v -0.5599999857041749 1.1200000110892852 0.7399999917164377
v -0.5599999857041749 1.1200000110892852 0.7399999917164377
v -0.5599999857041749 1.1200000110892852 0.7399999917164377
v -0.5599999857041749 1.1200000110892852 0.7399999917164377
v -0.5599999857041749 1.1200000110892852 0.7399999917164377
v -0.5599999857041749 1.1200000110892852 0.7399999917164377
v -0.5599999857041749 1.1200000110892852 0.7399999917164377
v -0.5599999857041749 1.1200000110892852 0.7399999917164377
v -0.5599999857041749 1.1200000110892852 0.7399999917164377
v -0.5599999857041749 1.1200000110892852 0.7399999917164377
v -0.5599999857041749 1.1200000110892852 0.7399999917164377
v -0.5599999857041749 1.1200000110892852 0.7399999917164377
v -0.5599999857041749 1.1200000110892852 0.7399999917164377
v -0.5451381075469084 1.1108417289757946 0.7533884360294666
v -0.547665707442934 1.1175873352890313 0.7580566962734007
v -0.552071089137082 1.124700249126931 0.7599759867132689
v -0.5576835734987102 1.1310975943071966 0.7588541128950079
v -0.5636487110302795 1.1358054334464385 0.7548618698737042
v -0.569058363219568 1.1381070403639397 0.7486070406785224
v -0.5730889592180507 1.1376520161639991 0.7410418668005754
v -0.5751268775835886 1.1345096341164993 0.7333180768803327
v -0.5748618638614413 1.129158293202776 0.7266115474034089
v -0.5723342639654158 1.1224126868895392 0.7219432871594749
v -0.5679288822712677 1.1152997730516396 0.7200239967196066
v -0.5623163979096395 1.108902427871374 0.7211458705378677
v -0.5563512603780703 1.104194588732132 0.7251381135591712
v -0.5509416081887817 1.1018929818146308 0.7313929427543531
v -0.546911012190299 1.1023480060145714 0.7389581166323002
v -0.5448730938247611 1.1054903880620712 0.7466819065525429
v -0.5451381075469084 1.1108417289757946 0.7533884360294666
v 0.509999985704175 1.9499999889107151 0.12000000828356222
v 0.509999985704175 1.9499999889107151 0.12000000828356222
v 0.509999985704175 1.9499999889107151 0.12000000828356222
v 0.509999985704175 1.9499999889107151 0.12000000828356222
v 0.509999985704175 1.9499999889107151 0.12000000828356222
v 0.509999985704175 1.9499999889107151 0.12000000828356222
v 0.509999985704175 1.9499999889107151 0.12000000828356222
v 0.509999985704175 1.9499999889107151 0.12000000828356222
v 0.509999985704175 1.9499999889107151 0.12000000828356222
v 0.509999985704175 1.9499999889107151 0.12000000828356222
v 0.509999985704175 1.9499999889107151 0.12000000828356222
v 0.509999985704175 1.9499999889107151 0.12000000828356222
v 0.509999985704175 1.9499999889107151 0.12000000828356222
v 0.509999985704175 1.9499999889107151 0.12000000828356222
v 0.509999985704175 1.9499999889107151 0.12000000828356222
v 0.509999985704175 1.9499999889107151 0.12000000828356222
v 0.5248618638614415 1.9408417067972243 0.13338845259659105
v 0.5223342639654159 1.947587313110461 0.13805671284052512
v 0.5179288822712679 1.9547002269483607 0.1399760032803934
v 0.5123163979096397 1.9610975721286263 0.13885412946213233
v 0.5063512603780704 1.9658054112678682 0.1348618864408287
v 0.5009416081887819 1.9681070181853695 0.12860705724564686
v 0.4969110121902992 1.967651993985429 0.12104188336769983
v 0.4948730938247613 1.964509611937929 0.11331809344745714
v 0.49513810754690857 1.9591582710242057 0.1066115639705334
v 0.49766570744293415 1.952412664710969 0.10194330372659932
v 0.5020710891370822 1.9452997508730694 0.10002401328673105
v 0.5076835734987104 1.9389024056928037 0.10114588710499212
v 0.5136487110302796 1.9341945665535618 0.10513813012629575
v 0.5190583632195682 1.9318929596360606 0.11139295932147758
v 0.5230889592180509 1.9323479838360011 0.11895813319942461
v 0.5251268775835888 1.935490365883501 0.1266819231196673
v 0.5248618638614415 1.9408417067972243 0.13338845259659105
vt 0 1
vt 0.0625 1
vt 0.125 1
vt 0.1875 1
vt 0.25 1
vt 0.3125 1
vt 0.375 1
vt 0.4375 1
vt 0.5 1
vt 0.5625 1
vt 0.625 1
vt 0.6875 1
vt 0.75 1
vt 0.8125 1
vt 0.875 1
vt 0.9375 1
vt 1 1
vt 0 0
vt 0.0625 0
vt 0.125 0
vt 0.1875 0
vt 0.25 0
vt 0.3125 0
vt 0.375 0
vt 0.4375 0
vt 0.5 0
vt 0.5625 0
vt 0.625 0
vt 0.6875 0
vt 0.75 0
vt 0.8125 0
vt 0.875 0
vt 0.9375 0
vt 1 0
vt 0.5 0.5
vt 0.5 0.5
vt 0.5 0.5
vt 0.5 0.5
vt 0.5 0.5
vt 0.5 0.5
vt 0.5 0.5
vt 0.5 0.5
vt 0.5 0.5
vt 0.5 0.5
vt 0.5 0.5
vt 0.5 0.5
vt 0.5 0.5
vt 0.5 0.5
vt 0.5 0.5
vt 0.5 0.5
vt 1 0.5
vt 0.9619397521018982 0.6913416981697083
vt 0.8535534143447876 0.8535534143447876
vt 0.6913416981697083 0.9619397521018982
vt 0.5 1
vt 0.30865827202796936 0.9619397521018982
vt 0.1464466154575348 0.8535534143447876
vt 0.03806023299694061 0.6913416981697083
vt 0 0.5
vt 0.03806023299694061 0.30865827202796936
vt 0.1464466154575348 0.1464466154575348
vt 0.30865827202796936 0.03806023299694061
vt 0.5 0
vt 0.6913416981697083 0.03806023299694061
vt 0.8535534143447876 0.1464466154575348
vt 0.9619397521018982 0.30865827202796936
vt 1 0.5
vt 0.5 0.5
vt 0.5 0.5
vt 0.5 0.5
vt 0.5 0.5
vt 0.5 0.5
vt 0.5 0.5
vt 0.5 0.5
vt 0.5 0.5
vt 0.5 0.5
vt 0.5 0.5
vt 0.5 0.5
vt 0.5 0.5
vt 0.5 0.5
vt 0.5 0.5
vt 0.5 0.5
vt 0.5 0.5
vt 1 0.5
vt 0.9619397521018982 0.30865827202796936
vt 0.8535534143447876 0.1464466154575348
vt 0.6913416981697083 0.03806023299694061
vt 0.5 0
vt 0.30865827202796936 0.03806023299694061
vt 0.1464466154575348 0.1464466154575348
vt 0.03806023299694061 0.30865827202796936
vt 0 0.5
vt 0.03806023299694061 0.6913416981697083
vt 0.1464466154575348 0.8535534143447876
vt 0.30865827202796936 0.9619397521018982
vt 0.5 1
vt 0.6913416981697083 0.9619397521018982
vt 0.8535534143447876 0.8535534143447876
vt 0.9619397521018982 0.6913416981697083
vt 1 0.5
vn 0.6755399198998684 -0.4162855528688987 0.6085656538897959
vn 0.5606490151551404 -0.10966709277431494 0.8207592890537402
vn 0.36040438401632746 0.21364718033002464 0.9079997589861142
vn 0.10529145388705816 0.5044356077768244 0.8570055001837359
vn -0.16585115208525683 0.7184282928543897 0.6755399198998682
vn -0.4117444229517853 0.8230467801185222 0.3912295079676818
vn -0.5949533326305004 0.802363855017203 0.04735795766071395
vn -0.6875859929962774 0.6595283095575679 -0.3037234122148964
vn -0.6755399198998684 0.4162855528688988 -0.6085656538897958
vn -0.5606490151551404 0.10966709277431494 -0.8207592890537402
vn -0.36040438401632746 -0.21364718033002464 -0.9079997589861142
vn -0.10529145388705816 -0.5044356077768244 -0.8570055001837359
vn 0.16585115208525675 -0.7184282928543896 -0.6755399198998683
vn 0.4117444229517853 -0.8230467801185222 -0.3912295079676818
vn 0.5949533326305004 -0.802363855017203 -0.04735795766071395
vn 0.6875859929962774 -0.6595283095575679 0.3037234122148964
vn 0.6755399198998684 -0.41628555286889884 0.6085656538897958
vn 0.6755399198998684 -0.4162855528688987 0.6085656538897959
vn 0.5606490151551404 -0.10966709277431494 0.8207592890537402
vn 0.36040438401632746 0.21364718033002464 0.9079997589861142
vn 0.10529145388705816 0.5044356077768244 0.8570055001837359
vn -0.16585115208525683 0.7184282928543897 0.6755399198998682
vn -0.4117444229517853 0.8230467801185222 0.3912295079676818
vn -0.5949533326305004 0.802363855017203 0.04735795766071395
vn -0.6875859929962774 0.6595283095575679 -0.3037234122148964
vn -0.6755399198998684 0.4162855528688988 -0.6085656538897958
vn -0.5606490151551404 0.10966709277431494 -0.8207592890537402
vn -0.36040438401632746 -0.21364718033002464 -0.9079997589861142
vn -0.10529145388705816 -0.5044356077768244 -0.8570055001837359
vn 0.16585115208525675 -0.7184282928543896 -0.6755399198998683
vn 0.4117444229517853 -0.8230467801185222 -0.3912295079676818
vn 0.5949533326305004 -0.802363855017203 -0.04735795766071395
vn 0.6875859929962774 -0.6595283095575679 0.3037234122148964
vn 0.6755399198998684 -0.41628555286889884 0.6085656538897958
vn -0.7184282928543896 -0.5572854981954608 0.4162855528688985
vn -0.7184282928543896 -0.5572854981954608 0.4162855528688985
vn -0.7184282928543896 -0.5572854981954608 0.4162855528688985
vn -0.7184282928543896 -0.5572854981954608 0.4162855528688985
vn -0.7184282928543896 -0.5572854981954608 0.4162855528688985
vn -0.7184282928543896 -0.5572854981954608 0.4162855528688985
vn -0.7184282928543896 -0.5572854981954608 0.4162855528688985
vn -0.7184282928543896 -0.5572854981954608 0.4162855528688985
vn -0.7184282928543896 -0.5572854981954608 0.4162855528688985
vn -0.7184282928543896 -0.5572854981954608 0.4162855528688985
vn -0.7184282928543896 -0.5572854981954608 0.4162855528688985
vn -0.7184282928543896 -0.5572854981954608 0.4162855528688985
vn -0.7184282928543896 -0.5572854981954608 0.4162855528688985
vn -0.7184282928543896 -0.5572854981954608 0.4162855528688985
vn -0.7184282928543896 -0.5572854981954608 0.4162855528688985
vn -0.7184282928543896 -0.5572854981954608 0.4162855528688985
vn -0.7184282928543896 -0.5572854981954608 0.4162855528688985
vn -0.7184282928543896 -0.5572854981954608 0.4162855528688985
vn -0.7184282928543896 -0.5572854981954608 0.4162855528688985
vn -0.7184282928543896 -0.5572854981954608 0.4162855528688985
vn -0.7184282928543896 -0.5572854981954608 0.4162855528688985
vn -0.7184282928543896 -0.5572854981954608 0.4162855528688985
vn -0.7184282928543896 -0.5572854981954608 0.4162855528688985
vn -0.7184282928543896 -0.5572854981954608 0.4162855528688985
vn -0.7184282928543896 -0.5572854981954608 0.4162855528688985
vn -0.7184282928543896 -0.5572854981954608 0.4162855528688985
vn -0.7184282928543896 -0.5572854981954608 0.4162855528688985
vn -0.7184282928543896 -0.5572854981954608 0.4162855528688985
vn -0.7184282928543896 -0.5572854981954608 0.4162855528688985
vn -0.7184282928543896 -0.5572854981954608 0.4162855528688985
vn -0.7184282928543896 -0.5572854981954608 0.4162855528688985
vn -0.7184282928543896 -0.5572854981954608 0.4162855528688985
vn -0.7184282928543896 -0.5572854981954608 0.4162855528688985
vn 0.7184282928543896 0.5572854981954608 -0.4162855528688985
vn 0.7184282928543896 0.5572854981954608 -0.4162855528688985
vn 0.7184282928543896 0.5572854981954608 -0.4162855528688985
vn 0.7184282928543896 0.5572854981954608 -0.4162855528688985
vn 0.7184282928543896 0.5572854981954608 -0.4162855528688985
vn 0.7184282928543896 0.5572854981954608 -0.4162855528688985
vn 0.7184282928543896 0.5572854981954608 -0.4162855528688985
vn 0.7184282928543896 0.5572854981954608 -0.4162855528688985
vn 0.7184282928543896 0.5572854981954608 -0.4162855528688985
vn 0.7184282928543896 0.5572854981954608 -0.4162855528688985
vn 0.7184282928543896 0.5572854981954608 -0.4162855528688985
vn 0.7184282928543896 0.5572854981954608 -0.4162855528688985
vn 0.7184282928543896 0.5572854981954608 -0.4162855528688985
vn 0.7184282928543896 0.5572854981954608 -0.4162855528688985
vn 0.7184282928543896 0.5572854981954608 -0.4162855528688985
vn 0.7184282928543896 0.5572854981954608 -0.4162855528688985
vn 0.7184282928543896 0.5572854981954608 -0.4162855528688985
vn 0.7184282928543896 0.5572854981954608 -0.4162855528688985
vn 0.7184282928543896 0.5572854981954608 -0.4162855528688985
vn 0.7184282928543896 0.5572854981954608 -0.4162855528688985
vn 0.7184282928543896 0.5572854981954608 -0.4162855528688985
vn 0.7184282928543896 0.5572854981954608 -0.4162855528688985
vn 0.7184282928543896 0.5572854981954608 -0.4162855528688985
vn 0.7184282928543896 0.5572854981954608 -0.4162855528688985
vn 0.7184282928543896 0.5572854981954608 -0.4162855528688985
vn 0.7184282928543896 0.5572854981954608 -0.4162855528688985
vn 0.7184282928543896 0.5572854981954608 -0.4162855528688985
vn 0.7184282928543896 0.5572854981954608 -0.4162855528688985
vn 0.7184282928543896 0.5572854981954608 -0.4162855528688985
vn 0.7184282928543896 0.5572854981954608 -0.4162855528688985
vn 0.7184282928543896 0.5572854981954608 -0.4162855528688985
vn 0.7184282928543896 0.5572854981954608 -0.4162855528688985
vn 0.7184282928543896 0.5572854981954608 -0.4162855528688985
f 4149/4149/4149 4166/4166/4166 4150/4150/4150
f 4166/4166/4166 4167/4167/4167 4150/4150/4150
f 4150/4150/4150 4167/4167/4167 4151/4151/4151
f 4167/4167/4167 4168/4168/4168 4151/4151/4151
f 4151/4151/4151 4168/4168/4168 4152/4152/4152
f 4168/4168/4168 4169/4169/4169 4152/4152/4152
f 4152/4152/4152 4169/4169/4169 4153/4153/4153
f 4169/4169/4169 4170/4170/4170 4153/4153/4153
f 4153/4153/4153 4170/4170/4170 4154/4154/4154
f 4170/4170/4170 4171/4171/4171 4154/4154/4154
f 4154/4154/4154 4171/4171/4171 4155/4155/4155
f 4171/4171/4171 4172/4172/4172 4155/4155/4155
f 4155/4155/4155 4172/4172/4172 4156/4156/4156
f 4172/4172/4172 4173/4173/4173 4156/4156/4156
f 4156/4156/4156 4173/4173/4173 4157/4157/4157
f 4173/4173/4173 4174/4174/4174 4157/4157/4157
f 4157/4157/4157 4174/4174/4174 4158/4158/4158
f 4174/4174/4174 4175/4175/4175 4158/4158/4158
f 4158/4158/4158 4175/4175/4175 4159/4159/4159
f 4175/4175/4175 4176/4176/4176 4159/4159/4159
f 4159/4159/4159 4176/4176/4176 4160/4160/4160
f 4176/4176/4176 4177/4177/4177 4160/4160/4160
f 4160/4160/4160 4177/4177/4177 4161/4161/4161
f 4177/4177/4177 4178/4178/4178 4161/4161/4161
f 4161/4161/4161 4178/4178/4178 4162/4162/4162
f 4178/4178/4178 4179/4179/4179 4162/4162/4162
f 4162/4162/4162 4179/4179/4179 4163/4163/4163
f 4179/4179/4179 4180/4180/4180 4163/4163/4163
f 4163/4163/4163 4180/4180/4180 4164/4164/4164
f 4180/4180/4180 4181/4181/4181 4164/4164/4164
f 4164/4164/4164 4181/4181/4181 4165/4165/4165
f 4181/4181/4181 4182/4182/4182 4165/4165/4165
f 4199/4199/4199 4200/4200/4200 4183/4183/4183
f 4200/4200/4200 4201/4201/4201 4184/4184/4184
f 4201/4201/4201 4202/4202/4202 4185/4185/4185
f 4202/4202/4202 4203/4203/4203 4186/4186/4186
f 4203/4203/4203 4204/4204/4204 4187/4187/4187
f 4204/4204/4204 4205/4205/4205 4188/4188/4188
f 4205/4205/4205 4206/4206/4206 4189/4189/4189
f 4206/4206/4206 4207/4207/4207 4190/4190/4190
f 4207/4207/4207 4208/4208/4208 4191/4191/4191
f 4208/4208/4208 4209/4209/4209 4192/4192/4192
f 4209/4209/4209 4210/4210/4210 4193/4193/4193
f 4210/4210/4210 4211/4211/4211 4194/4194/4194
f 4211/4211/4211 4212/4212/4212 4195/4195/4195
f 4212/4212/4212 4213/4213/4213 4196/4196/4196
f 4213/4213/4213 4214/4214/4214 4197/4197/4197
f 4214/4214/4214 4215/4215/4215 4198/4198/4198
f 4233/4233/4233 4232/4232/4232 4216/4216/4216
f 4234/4234/4234 4233/4233/4233 4217/4217/4217
f 4235/4235/4235 4234/4234/4234 4218/4218/4218
f 4236/4236/4236 4235/4235/4235 4219/4219/4219
f 4237/4237/4237 4236/4236/4236 4220/4220/4220
f 4238/4238/4238 4237/4237/4237 4221/4221/4221
f 4239/4239/4239 4238/4238/4238 4222/4222/4222
f 4240/4240/4240 4239/4239/4239 4223/4223/4223
f 4241/4241/4241 4240/4240/4240 4224/4224/4224
f 4242/4242/4242 4241/4241/4241 4225/4225/4225
f 4243/4243/4243 4242/4242/4242 4226/4226/4226
f 4244/4244/4244 4243/4243/4243 4227/4227/4227
f 4245/4245/4245 4244/4244/4244 4228/4228/4228
f 4246/4246/4246 4245/4245/4245 4229/4229/4229
f 4247/4247/4247 4246/4246/4246 4230/4230/4230
f 4248/4248/4248 4247/4247/4247 4231/4231/4231
o ratchet_strap_1_r
usemtl accent_yellow
v -0.5748618638614413 1.129158293202776 -0.7266115474034089
v -0.5751268775835886 1.1345096341164993 -0.7333180768803327
v -0.5730889592180507 1.1376520161639991 -0.7410418668005754
v -0.569058363219568 1.1381070403639397 -0.7486070406785224
v -0.5636487110302795 1.1358054334464385 -0.7548618698737042
v -0.5576835734987102 1.1310975943071966 -0.7588541128950079
v -0.552071089137082 1.124700249126931 -0.7599759867132689
v -0.547665707442934 1.1175873352890313 -0.7580566962734007
v -0.5451381075469084 1.1108417289757946 -0.7533884360294666
v -0.5448730938247611 1.1054903880620712 -0.7466819065525429
v -0.546911012190299 1.1023480060145714 -0.7389581166323002
v -0.5509416081887817 1.1018929818146308 -0.7313929427543531
v -0.5563512603780703 1.104194588732132 -0.7251381135591712
v -0.5623163979096395 1.108902427871374 -0.7211458705378677
v -0.5679288822712677 1.1152997730516396 -0.7200239967196066
v -0.5723342639654158 1.1224126868895392 -0.7219432871594749
v -0.5748618638614413 1.129158293202776 -0.7266115474034089
v 0.49513810754690857 1.9591582710242057 -0.1066115639705334
v 0.4948730938247613 1.964509611937929 -0.11331809344745714
v 0.4969110121902992 1.967651993985429 -0.12104188336769983
v 0.5009416081887819 1.9681070181853695 -0.12860705724564686
v 0.5063512603780704 1.9658054112678682 -0.1348618864408287
v 0.5123163979096397 1.9610975721286263 -0.13885412946213233
v 0.5179288822712679 1.9547002269483607 -0.1399760032803934
v 0.5223342639654159 1.947587313110461 -0.13805671284052512
v 0.5248618638614415 1.9408417067972243 -0.13338845259659105
v 0.5251268775835888 1.935490365883501 -0.1266819231196673
v 0.5230889592180509 1.9323479838360011 -0.11895813319942461
v 0.5190583632195682 1.9318929596360606 -0.11139295932147758
v 0.5136487110302796 1.9341945665535618 -0.10513813012629575
v 0.5076835734987104 1.9389024056928037 -0.10114588710499212
v 0.5020710891370822 1.9452997508730694 -0.10002401328673105
v 0.49766570744293415 1.952412664710969 -0.10194330372659932
v 0.49513810754690857 1.9591582710242057 -0.1066115639705334
v -0.5599999857041749 1.1200000110892852 -0.7399999917164377
v -0.5599999857041749 1.1200000110892852 -0.7399999917164377
v -0.5599999857041749 1.1200000110892852 -0.7399999917164377
v -0.5599999857041749 1.1200000110892852 -0.7399999917164377
v -0.5599999857041749 1.1200000110892852 -0.7399999917164377
v -0.5599999857041749 1.1200000110892852 -0.7399999917164377
v -0.5599999857041749 1.1200000110892852 -0.7399999917164377
v -0.5599999857041749 1.1200000110892852 -0.7399999917164377
v -0.5599999857041749 1.1200000110892852 -0.7399999917164377
v -0.5599999857041749 1.1200000110892852 -0.7399999917164377
v -0.5599999857041749 1.1200000110892852 -0.7399999917164377
v -0.5599999857041749 1.1200000110892852 -0.7399999917164377
v -0.5599999857041749 1.1200000110892852 -0.7399999917164377
v -0.5599999857041749 1.1200000110892852 -0.7399999917164377
v -0.5599999857041749 1.1200000110892852 -0.7399999917164377
v -0.5599999857041749 1.1200000110892852 -0.7399999917164377
v -0.5748618638614413 1.129158293202776 -0.7266115474034089
v -0.5751268775835886 1.1345096341164993 -0.7333180768803327
v -0.5730889592180507 1.1376520161639991 -0.7410418668005754
v -0.569058363219568 1.1381070403639397 -0.7486070406785224
v -0.5636487110302795 1.1358054334464385 -0.7548618698737042
v -0.5576835734987102 1.1310975943071966 -0.7588541128950079
v -0.552071089137082 1.124700249126931 -0.7599759867132689
v -0.547665707442934 1.1175873352890313 -0.7580566962734007
v -0.5451381075469084 1.1108417289757946 -0.7533884360294666
v -0.5448730938247611 1.1054903880620712 -0.7466819065525429
v -0.546911012190299 1.1023480060145714 -0.7389581166323002
v -0.5509416081887817 1.1018929818146308 -0.7313929427543531
v -0.5563512603780703 1.104194588732132 -0.7251381135591712
v -0.5623163979096395 1.108902427871374 -0.7211458705378677
v -0.5679288822712677 1.1152997730516396 -0.7200239967196066
v -0.5723342639654158 1.1224126868895392 -0.7219432871594749
v -0.5748618638614413 1.129158293202776 -0.7266115474034089
v 0.509999985704175 1.9499999889107151 -0.12000000828356222
v 0.509999985704175 1.9499999889107151 -0.12000000828356222
v 0.509999985704175 1.9499999889107151 -0.12000000828356222
v 0.509999985704175 1.9499999889107151 -0.12000000828356222
v 0.509999985704175 1.9499999889107151 -0.12000000828356222
v 0.509999985704175 1.9499999889107151 -0.12000000828356222
v 0.509999985704175 1.9499999889107151 -0.12000000828356222
v 0.509999985704175 1.9499999889107151 -0.12000000828356222
v 0.509999985704175 1.9499999889107151 -0.12000000828356222
v 0.509999985704175 1.9499999889107151 -0.12000000828356222
v 0.509999985704175 1.9499999889107151 -0.12000000828356222
v 0.509999985704175 1.9499999889107151 -0.12000000828356222
v 0.509999985704175 1.9499999889107151 -0.12000000828356222
v 0.509999985704175 1.9499999889107151 -0.12000000828356222
v 0.509999985704175 1.9499999889107151 -0.12000000828356222
v 0.509999985704175 1.9499999889107151 -0.12000000828356222
v 0.49513810754690857 1.9591582710242057 -0.1066115639705334
v 0.4948730938247613 1.964509611937929 -0.11331809344745714
v 0.4969110121902992 1.967651993985429 -0.12104188336769983
v 0.5009416081887819 1.9681070181853695 -0.12860705724564686
v 0.5063512603780704 1.9658054112678682 -0.1348618864408287
v 0.5123163979096397 1.9610975721286263 -0.13885412946213233
v 0.5179288822712679 1.9547002269483607 -0.1399760032803934
v 0.5223342639654159 1.947587313110461 -0.13805671284052512
v 0.5248618638614415 1.9408417067972243 -0.13338845259659105
v 0.5251268775835888 1.935490365883501 -0.1266819231196673
v 0.5230889592180509 1.9323479838360011 -0.11895813319942461
v 0.5190583632195682 1.9318929596360606 -0.11139295932147758
v 0.5136487110302796 1.9341945665535618 -0.10513813012629575
v 0.5076835734987104 1.9389024056928037 -0.10114588710499212
v 0.5020710891370822 1.9452997508730694 -0.10002401328673105
v 0.49766570744293415 1.952412664710969 -0.10194330372659932
v 0.49513810754690857 1.9591582710242057 -0.1066115639705334
vt 0 1
vt 0.0625 1
vt 0.125 1
vt 0.1875 1
vt 0.25 1
vt 0.3125 1
vt 0.375 1
vt 0.4375 1
vt 0.5 1
vt 0.5625 1
vt 0.625 1
vt 0.6875 1
vt 0.75 1
vt 0.8125 1
vt 0.875 1
vt 0.9375 1
vt 1 1
vt 0 0
vt 0.0625 0
vt 0.125 0
vt 0.1875 0
vt 0.25 0
vt 0.3125 0
vt 0.375 0
vt 0.4375 0
vt 0.5 0
vt 0.5625 0
vt 0.625 0
vt 0.6875 0
vt 0.75 0
vt 0.8125 0
vt 0.875 0
vt 0.9375 0
vt 1 0
vt 0.5 0.5
vt 0.5 0.5
vt 0.5 0.5
vt 0.5 0.5
vt 0.5 0.5
vt 0.5 0.5
vt 0.5 0.5
vt 0.5 0.5
vt 0.5 0.5
vt 0.5 0.5
vt 0.5 0.5
vt 0.5 0.5
vt 0.5 0.5
vt 0.5 0.5
vt 0.5 0.5
vt 0.5 0.5
vt 1 0.5
vt 0.9619397521018982 0.6913416981697083
vt 0.8535534143447876 0.8535534143447876
vt 0.6913416981697083 0.9619397521018982
vt 0.5 1
vt 0.30865827202796936 0.9619397521018982
vt 0.1464466154575348 0.8535534143447876
vt 0.03806023299694061 0.6913416981697083
vt 0 0.5
vt 0.03806023299694061 0.30865827202796936
vt 0.1464466154575348 0.1464466154575348
vt 0.30865827202796936 0.03806023299694061
vt 0.5 0
vt 0.6913416981697083 0.03806023299694061
vt 0.8535534143447876 0.1464466154575348
vt 0.9619397521018982 0.30865827202796936
vt 1 0.5
vt 0.5 0.5
vt 0.5 0.5
vt 0.5 0.5
vt 0.5 0.5
vt 0.5 0.5
vt 0.5 0.5
vt 0.5 0.5
vt 0.5 0.5
vt 0.5 0.5
vt 0.5 0.5
vt 0.5 0.5
vt 0.5 0.5
vt 0.5 0.5
vt 0.5 0.5
vt 0.5 0.5
vt 0.5 0.5
vt 1 0.5
vt 0.9619397521018982 0.30865827202796936
vt 0.8535534143447876 0.1464466154575348
vt 0.6913416981697083 0.03806023299694061
vt 0.5 0
vt 0.30865827202796936 0.03806023299694061
vt 0.1464466154575348 0.1464466154575348
vt 0.03806023299694061 0.30865827202796936
vt 0 0.5
vt 0.03806023299694061 0.6913416981697083
vt 0.1464466154575348 0.8535534143447876
vt 0.30865827202796936 0.9619397521018982
vt 0.5 1
vt 0.6913416981697083 0.9619397521018982
vt 0.8535534143447876 0.8535534143447876
vt 0.9619397521018982 0.6913416981697083
vt 1 0.5
vn -0.6755399198998684 0.4162855528688987 0.6085656538897959
vn -0.6875859929962774 0.6595283095575679 0.3037234122148964
vn -0.5949533326305004 0.802363855017203 -0.04735795766071395
vn -0.4117444229517853 0.8230467801185222 -0.3912295079676818
vn -0.1658511520852569 0.7184282928543897 -0.6755399198998682
vn 0.10529145388705816 0.5044356077768244 -0.8570055001837359
vn 0.36040438401632746 0.21364718033002464 -0.9079997589861142
vn 0.5606490151551404 -0.10966709277431494 -0.8207592890537402
vn 0.6755399198998684 -0.41628555286889857 -0.608565653889796
vn 0.6875859929962774 -0.6595283095575679 -0.3037234122148964
vn 0.5949533326305004 -0.802363855017203 0.04735795766071395
vn 0.4117444229517853 -0.8230467801185222 0.3912295079676818
vn 0.16585115208525697 -0.7184282928543898 0.6755399198998681
vn -0.10529145388705816 -0.5044356077768244 0.8570055001837359
vn -0.36040438401632746 -0.21364718033002464 0.9079997589861142
vn -0.5606490151551404 0.10966709277431494 0.8207592890537402
vn -0.6755399198998684 0.4162855528688985 0.608565653889796
vn -0.6755399198998684 0.4162855528688987 0.6085656538897959
vn -0.6875859929962774 0.6595283095575679 0.3037234122148964
vn -0.5949533326305004 0.802363855017203 -0.04735795766071395
vn -0.4117444229517853 0.8230467801185222 -0.3912295079676818
vn -0.1658511520852569 0.7184282928543897 -0.6755399198998682
vn 0.10529145388705816 0.5044356077768244 -0.8570055001837359
vn 0.36040438401632746 0.21364718033002464 -0.9079997589861142
vn 0.5606490151551404 -0.10966709277431494 -0.8207592890537402
vn 0.6755399198998684 -0.41628555286889857 -0.608565653889796
vn 0.6875859929962774 -0.6595283095575679 -0.3037234122148964
vn 0.5949533326305004 -0.802363855017203 0.04735795766071395
vn 0.4117444229517853 -0.8230467801185222 0.3912295079676818
vn 0.16585115208525697 -0.7184282928543898 0.6755399198998681
vn -0.10529145388705816 -0.5044356077768244 0.8570055001837359
vn -0.36040438401632746 -0.21364718033002464 0.9079997589861142
vn -0.5606490151551404 0.10966709277431494 0.8207592890537402
vn -0.6755399198998684 0.4162855528688985 0.608565653889796
vn -0.7184282928543896 -0.5572854981954608 -0.4162855528688985
vn -0.7184282928543896 -0.5572854981954608 -0.4162855528688985
vn -0.7184282928543896 -0.5572854981954608 -0.4162855528688985
vn -0.7184282928543896 -0.5572854981954608 -0.4162855528688985
vn -0.7184282928543896 -0.5572854981954608 -0.4162855528688985
vn -0.7184282928543896 -0.5572854981954608 -0.4162855528688985
vn -0.7184282928543896 -0.5572854981954608 -0.4162855528688985
vn -0.7184282928543896 -0.5572854981954608 -0.4162855528688985
vn -0.7184282928543896 -0.5572854981954608 -0.4162855528688985
vn -0.7184282928543896 -0.5572854981954608 -0.4162855528688985
vn -0.7184282928543896 -0.5572854981954608 -0.4162855528688985
vn -0.7184282928543896 -0.5572854981954608 -0.4162855528688985
vn -0.7184282928543896 -0.5572854981954608 -0.4162855528688985
vn -0.7184282928543896 -0.5572854981954608 -0.4162855528688985
vn -0.7184282928543896 -0.5572854981954608 -0.4162855528688985
vn -0.7184282928543896 -0.5572854981954608 -0.4162855528688985
vn -0.7184282928543896 -0.5572854981954608 -0.4162855528688985
vn -0.7184282928543896 -0.5572854981954608 -0.4162855528688985
vn -0.7184282928543896 -0.5572854981954608 -0.4162855528688985
vn -0.7184282928543896 -0.5572854981954608 -0.4162855528688985
vn -0.7184282928543896 -0.5572854981954608 -0.4162855528688985
vn -0.7184282928543896 -0.5572854981954608 -0.4162855528688985
vn -0.7184282928543896 -0.5572854981954608 -0.4162855528688985
vn -0.7184282928543896 -0.5572854981954608 -0.4162855528688985
vn -0.7184282928543896 -0.5572854981954608 -0.4162855528688985
vn -0.7184282928543896 -0.5572854981954608 -0.4162855528688985
vn -0.7184282928543896 -0.5572854981954608 -0.4162855528688985
vn -0.7184282928543896 -0.5572854981954608 -0.4162855528688985
vn -0.7184282928543896 -0.5572854981954608 -0.4162855528688985
vn -0.7184282928543896 -0.5572854981954608 -0.4162855528688985
vn -0.7184282928543896 -0.5572854981954608 -0.4162855528688985
vn -0.7184282928543896 -0.5572854981954608 -0.4162855528688985
vn -0.7184282928543896 -0.5572854981954608 -0.4162855528688985
vn 0.7184282928543896 0.5572854981954608 0.4162855528688985
vn 0.7184282928543896 0.5572854981954608 0.4162855528688985
vn 0.7184282928543896 0.5572854981954608 0.4162855528688985
vn 0.7184282928543896 0.5572854981954608 0.4162855528688985
vn 0.7184282928543896 0.5572854981954608 0.4162855528688985
vn 0.7184282928543896 0.5572854981954608 0.4162855528688985
vn 0.7184282928543896 0.5572854981954608 0.4162855528688985
vn 0.7184282928543896 0.5572854981954608 0.4162855528688985
vn 0.7184282928543896 0.5572854981954608 0.4162855528688985
vn 0.7184282928543896 0.5572854981954608 0.4162855528688985
vn 0.7184282928543896 0.5572854981954608 0.4162855528688985
vn 0.7184282928543896 0.5572854981954608 0.4162855528688985
vn 0.7184282928543896 0.5572854981954608 0.4162855528688985
vn 0.7184282928543896 0.5572854981954608 0.4162855528688985
vn 0.7184282928543896 0.5572854981954608 0.4162855528688985
vn 0.7184282928543896 0.5572854981954608 0.4162855528688985
vn 0.7184282928543896 0.5572854981954608 0.4162855528688985
vn 0.7184282928543896 0.5572854981954608 0.4162855528688985
vn 0.7184282928543896 0.5572854981954608 0.4162855528688985
vn 0.7184282928543896 0.5572854981954608 0.4162855528688985
vn 0.7184282928543896 0.5572854981954608 0.4162855528688985
vn 0.7184282928543896 0.5572854981954608 0.4162855528688985
vn 0.7184282928543896 0.5572854981954608 0.4162855528688985
vn 0.7184282928543896 0.5572854981954608 0.4162855528688985
vn 0.7184282928543896 0.5572854981954608 0.4162855528688985
vn 0.7184282928543896 0.5572854981954608 0.4162855528688985
vn 0.7184282928543896 0.5572854981954608 0.4162855528688985
vn 0.7184282928543896 0.5572854981954608 0.4162855528688985
vn 0.7184282928543896 0.5572854981954608 0.4162855528688985
vn 0.7184282928543896 0.5572854981954608 0.4162855528688985
vn 0.7184282928543896 0.5572854981954608 0.4162855528688985
vn 0.7184282928543896 0.5572854981954608 0.4162855528688985
vn 0.7184282928543896 0.5572854981954608 0.4162855528688985
f 4249/4249/4249 4266/4266/4266 4250/4250/4250
f 4266/4266/4266 4267/4267/4267 4250/4250/4250
f 4250/4250/4250 4267/4267/4267 4251/4251/4251
f 4267/4267/4267 4268/4268/4268 4251/4251/4251
f 4251/4251/4251 4268/4268/4268 4252/4252/4252
f 4268/4268/4268 4269/4269/4269 4252/4252/4252
f 4252/4252/4252 4269/4269/4269 4253/4253/4253
f 4269/4269/4269 4270/4270/4270 4253/4253/4253
f 4253/4253/4253 4270/4270/4270 4254/4254/4254
f 4270/4270/4270 4271/4271/4271 4254/4254/4254
f 4254/4254/4254 4271/4271/4271 4255/4255/4255
f 4271/4271/4271 4272/4272/4272 4255/4255/4255
f 4255/4255/4255 4272/4272/4272 4256/4256/4256
f 4272/4272/4272 4273/4273/4273 4256/4256/4256
f 4256/4256/4256 4273/4273/4273 4257/4257/4257
f 4273/4273/4273 4274/4274/4274 4257/4257/4257
f 4257/4257/4257 4274/4274/4274 4258/4258/4258
f 4274/4274/4274 4275/4275/4275 4258/4258/4258
f 4258/4258/4258 4275/4275/4275 4259/4259/4259
f 4275/4275/4275 4276/4276/4276 4259/4259/4259
f 4259/4259/4259 4276/4276/4276 4260/4260/4260
f 4276/4276/4276 4277/4277/4277 4260/4260/4260
f 4260/4260/4260 4277/4277/4277 4261/4261/4261
f 4277/4277/4277 4278/4278/4278 4261/4261/4261
f 4261/4261/4261 4278/4278/4278 4262/4262/4262
f 4278/4278/4278 4279/4279/4279 4262/4262/4262
f 4262/4262/4262 4279/4279/4279 4263/4263/4263
f 4279/4279/4279 4280/4280/4280 4263/4263/4263
f 4263/4263/4263 4280/4280/4280 4264/4264/4264
f 4280/4280/4280 4281/4281/4281 4264/4264/4264
f 4264/4264/4264 4281/4281/4281 4265/4265/4265
f 4281/4281/4281 4282/4282/4282 4265/4265/4265
f 4299/4299/4299 4300/4300/4300 4283/4283/4283
f 4300/4300/4300 4301/4301/4301 4284/4284/4284
f 4301/4301/4301 4302/4302/4302 4285/4285/4285
f 4302/4302/4302 4303/4303/4303 4286/4286/4286
f 4303/4303/4303 4304/4304/4304 4287/4287/4287
f 4304/4304/4304 4305/4305/4305 4288/4288/4288
f 4305/4305/4305 4306/4306/4306 4289/4289/4289
f 4306/4306/4306 4307/4307/4307 4290/4290/4290
f 4307/4307/4307 4308/4308/4308 4291/4291/4291
f 4308/4308/4308 4309/4309/4309 4292/4292/4292
f 4309/4309/4309 4310/4310/4310 4293/4293/4293
f 4310/4310/4310 4311/4311/4311 4294/4294/4294
f 4311/4311/4311 4312/4312/4312 4295/4295/4295
f 4312/4312/4312 4313/4313/4313 4296/4296/4296
f 4313/4313/4313 4314/4314/4314 4297/4297/4297
f 4314/4314/4314 4315/4315/4315 4298/4298/4298
f 4333/4333/4333 4332/4332/4332 4316/4316/4316
f 4334/4334/4334 4333/4333/4333 4317/4317/4317
f 4335/4335/4335 4334/4334/4334 4318/4318/4318
f 4336/4336/4336 4335/4335/4335 4319/4319/4319
f 4337/4337/4337 4336/4336/4336 4320/4320/4320
f 4338/4338/4338 4337/4337/4337 4321/4321/4321
f 4339/4339/4339 4338/4338/4338 4322/4322/4322
f 4340/4340/4340 4339/4339/4339 4323/4323/4323
f 4341/4341/4341 4340/4340/4340 4324/4324/4324
f 4342/4342/4342 4341/4341/4341 4325/4325/4325
f 4343/4343/4343 4342/4342/4342 4326/4326/4326
f 4344/4344/4344 4343/4343/4343 4327/4327/4327
f 4345/4345/4345 4344/4344/4344 4328/4328/4328
f 4346/4346/4346 4345/4345/4345 4329/4329/4329
f 4347/4347/4347 4346/4346/4346 4330/4330/4330
f 4348/4348/4348 4347/4347/4347 4331/4331/4331
o rear_strap_l
usemtl accent_yellow
v -1.7469912634359688 1.1116322238346856 0.7556445865976
v -1.749752278455328 1.1188236996494 0.7594319459866614
v -1.754073417508845 1.1261942549939385 0.7602609683762007
v -1.7592968266375713 1.1326217901184865 0.7580054426668086
v -1.764627289496385 1.1371277714971213 0.7530087520621319
v -1.7692532910772067 1.1390262039728574 0.7460315977007916
v -1.7724705642863647 1.1380280683337223 0.7381361885744315
v -1.7737893086498158 1.1342853216065558 0.7305245286260864
v -1.77300875738712 1.128367762813105 0.7243554235755124
v -1.7702477423677607 1.1211762869983906 0.720568064186451
v -1.7659266033142438 1.113805731653852 0.7197390417969118
v -1.7607031941855178 1.1073781965293041 0.721994567506304
v -1.7553727313267036 1.1028722151506694 0.7269912581109805
v -1.7507467297458823 1.1009737826749333 0.7339684124723209
v -1.747529456536724 1.1019719183140684 0.741863821598681
v -1.746210712173273 1.1057146650412348 0.749475481547026
v -1.7469912634359688 1.1116322238346856 0.7556445865976
v -0.4369912426128799 1.951632237186895 0.11564457642448767
v -0.43975225763223924 1.9588237130016095 0.11943193581354905
v -0.4440733966857562 1.966194268346148 0.1202609582030883
v -0.4492968058144823 1.972621803470696 0.11800543249369616
v -0.4546272686732963 1.9771277848493307 0.11300874188901955
v -0.4592532702541178 1.9790262173250668 0.10603158752767922
v -0.4624705434632759 1.9780280816859317 0.09813617840131911
v -0.4637892878267269 1.9742853349587652 0.09052451845297405
v -0.4630087365640312 1.9683677761653144 0.08435541340240005
v -0.46024772154467186 1.9611763003506 0.08056805401333866
v -0.4559265824911549 1.9538057450060615 0.07973903162379942
v -0.4507031733624288 1.9473782098815136 0.08199455733319155
v -0.4453727105036148 1.9428722285028788 0.08699124793786817
v -0.44074670892279333 1.9409737960271427 0.0939684022992085
v -0.43752943571363523 1.9419719316662778 0.1018638114255686
v -0.4362106913501842 1.9457146783934443 0.10947547137391367
v -0.4369912426128799 1.951632237186895 0.11564457642448767
v -1.7600000104115443 1.1199999933238953 0.7400000050865563
v -1.7600000104115443 1.1199999933238953 0.7400000050865563
v -1.7600000104115443 1.1199999933238953 0.7400000050865563
v -1.7600000104115443 1.1199999933238953 0.7400000050865563
v -1.7600000104115443 1.1199999933238953 0.7400000050865563
v -1.7600000104115443 1.1199999933238953 0.7400000050865563
v -1.7600000104115443 1.1199999933238953 0.7400000050865563
v -1.7600000104115443 1.1199999933238953 0.7400000050865563
v -1.7600000104115443 1.1199999933238953 0.7400000050865563
v -1.7600000104115443 1.1199999933238953 0.7400000050865563
v -1.7600000104115443 1.1199999933238953 0.7400000050865563
v -1.7600000104115443 1.1199999933238953 0.7400000050865563
v -1.7600000104115443 1.1199999933238953 0.7400000050865563
v -1.7600000104115443 1.1199999933238953 0.7400000050865563
v -1.7600000104115443 1.1199999933238953 0.7400000050865563
v -1.7600000104115443 1.1199999933238953 0.7400000050865563
v -1.7469912634359688 1.1116322238346856 0.7556445865976
v -1.749752278455328 1.1188236996494 0.7594319459866614
v -1.754073417508845 1.1261942549939385 0.7602609683762007
v -1.7592968266375713 1.1326217901184865 0.7580054426668086
v -1.764627289496385 1.1371277714971213 0.7530087520621319
v -1.7692532910772067 1.1390262039728574 0.7460315977007916
v -1.7724705642863647 1.1380280683337223 0.7381361885744315
v -1.7737893086498158 1.1342853216065558 0.7305245286260864
v -1.77300875738712 1.128367762813105 0.7243554235755124
v -1.7702477423677607 1.1211762869983906 0.720568064186451
v -1.7659266033142438 1.113805731653852 0.7197390417969118
v -1.7607031941855178 1.1073781965293041 0.721994567506304
v -1.7553727313267036 1.1028722151506694 0.7269912581109805
v -1.7507467297458823 1.1009737826749333 0.7339684124723209
v -1.747529456536724 1.1019719183140684 0.741863821598681
v -1.746210712173273 1.1057146650412348 0.749475481547026
v -1.7469912634359688 1.1116322238346856 0.7556445865976
v -0.44999998958845555 1.9600000066761047 0.09999999491344386
v -0.44999998958845555 1.9600000066761047 0.09999999491344386
v -0.44999998958845555 1.9600000066761047 0.09999999491344386
v -0.44999998958845555 1.9600000066761047 0.09999999491344386
v -0.44999998958845555 1.9600000066761047 0.09999999491344386
v -0.44999998958845555 1.9600000066761047 0.09999999491344386
v -0.44999998958845555 1.9600000066761047 0.09999999491344386
v -0.44999998958845555 1.9600000066761047 0.09999999491344386
v -0.44999998958845555 1.9600000066761047 0.09999999491344386
v -0.44999998958845555 1.9600000066761047 0.09999999491344386
v -0.44999998958845555 1.9600000066761047 0.09999999491344386
v -0.44999998958845555 1.9600000066761047 0.09999999491344386
v -0.44999998958845555 1.9600000066761047 0.09999999491344386
v -0.44999998958845555 1.9600000066761047 0.09999999491344386
v -0.44999998958845555 1.9600000066761047 0.09999999491344386
v -0.44999998958845555 1.9600000066761047 0.09999999491344386
v -0.4369912426128799 1.951632237186895 0.11564457642448767
v -0.43975225763223924 1.9588237130016095 0.11943193581354905
v -0.4440733966857562 1.966194268346148 0.1202609582030883
v -0.4492968058144823 1.972621803470696 0.11800543249369616
v -0.4546272686732963 1.9771277848493307 0.11300874188901955
v -0.4592532702541178 1.9790262173250668 0.10603158752767922
v -0.4624705434632759 1.9780280816859317 0.09813617840131911
v -0.4637892878267269 1.9742853349587652 0.09052451845297405
v -0.4630087365640312 1.9683677761653144 0.08435541340240005
v -0.46024772154467186 1.9611763003506 0.08056805401333866
v -0.4559265824911549 1.9538057450060615 0.07973903162379942
v -0.4507031733624288 1.9473782098815136 0.08199455733319155
v -0.4453727105036148 1.9428722285028788 0.08699124793786817
v -0.44074670892279333 1.9409737960271427 0.0939684022992085
v -0.43752943571363523 1.9419719316662778 0.1018638114255686
v -0.4362106913501842 1.9457146783934443 0.10947547137391367
v -0.4369912426128799 1.951632237186895 0.11564457642448767
vt 0 1
vt 0.0625 1
vt 0.125 1
vt 0.1875 1
vt 0.25 1
vt 0.3125 1
vt 0.375 1
vt 0.4375 1
vt 0.5 1
vt 0.5625 1
vt 0.625 1
vt 0.6875 1
vt 0.75 1
vt 0.8125 1
vt 0.875 1
vt 0.9375 1
vt 1 1
vt 0 0
vt 0.0625 0
vt 0.125 0
vt 0.1875 0
vt 0.25 0
vt 0.3125 0
vt 0.375 0
vt 0.4375 0
vt 0.5 0
vt 0.5625 0
vt 0.625 0
vt 0.6875 0
vt 0.75 0
vt 0.8125 0
vt 0.875 0
vt 0.9375 0
vt 1 0
vt 0.5 0.5
vt 0.5 0.5
vt 0.5 0.5
vt 0.5 0.5
vt 0.5 0.5
vt 0.5 0.5
vt 0.5 0.5
vt 0.5 0.5
vt 0.5 0.5
vt 0.5 0.5
vt 0.5 0.5
vt 0.5 0.5
vt 0.5 0.5
vt 0.5 0.5
vt 0.5 0.5
vt 0.5 0.5
vt 1 0.5
vt 0.9619397521018982 0.6913416981697083
vt 0.8535534143447876 0.8535534143447876
vt 0.6913416981697083 0.9619397521018982
vt 0.5 1
vt 0.30865827202796936 0.9619397521018982
vt 0.1464466154575348 0.8535534143447876
vt 0.03806023299694061 0.6913416981697083
vt 0 0.5
vt 0.03806023299694061 0.30865827202796936
vt 0.1464466154575348 0.1464466154575348
vt 0.30865827202796936 0.03806023299694061
vt 0.5 0
vt 0.6913416981697083 0.03806023299694061
vt 0.8535534143447876 0.1464466154575348
vt 0.9619397521018982 0.30865827202796936
vt 1 0.5
vt 0.5 0.5
vt 0.5 0.5
vt 0.5 0.5
vt 0.5 0.5
vt 0.5 0.5
vt 0.5 0.5
vt 0.5 0.5
vt 0.5 0.5
vt 0.5 0.5
vt 0.5 0.5
vt 0.5 0.5
vt 0.5 0.5
vt 0.5 0.5
vt 0.5 0.5
vt 0.5 0.5
vt 0.5 0.5
vt 1 0.5
vt 0.9619397521018982 0.30865827202796936
vt 0.8535534143447876 0.1464466154575348
vt 0.6913416981697083 0.03806023299694061
vt 0.5 0
vt 0.30865827202796936 0.03806023299694061
vt 0.1464466154575348 0.1464466154575348
vt 0.03806023299694061 0.30865827202796936
vt 0 0.5
vt 0.03806023299694061 0.6913416981697083
vt 0.1464466154575348 0.8535534143447876
vt 0.30865827202796936 0.9619397521018982
vt 0.5 1
vt 0.6913416981697083 0.9619397521018982
vt 0.8535534143447876 0.8535534143447876
vt 0.9619397521018982 0.6913416981697083
vt 1 0.5
vn 0.5913066839120424 -0.380353160661422 0.7111173452643457
vn 0.4658060018248512 -0.05346790606342839 0.8832700332769925
vn 0.26939058245226505 0.28155734442205704 0.9209528630109297
vn 0.03196288998109635 0.5737180426383657 0.8184289713929112
vn -0.2103308686324616 0.7785353757288479 0.5913066839120424
vn -0.4206036583325074 0.8648277522764773 0.27416331171352487
vn -0.5668433494580061 0.8194579427209128 -0.08471893110065856
vn -0.626786281281585 0.6493330929789379 -0.4307034849633885
vn -0.5913066839120424 0.3803531606614221 -0.7111173452643456
vn -0.4658060018248512 0.05346790606342839 -0.8832700332769925
vn -0.26939058245226505 -0.28155734442205704 -0.9209528630109297
vn -0.03196288998109635 -0.5737180426383657 -0.8184289713929112
vn 0.2103308686324615 -0.7785353757288478 -0.5913066839120426
vn 0.4206036583325074 -0.8648277522764773 -0.27416331171352487
vn 0.5668433494580061 -0.8194579427209128 0.08471893110065856
vn 0.626786281281585 -0.6493330929789379 0.4307034849633885
vn 0.5913066839120424 -0.38035316066142216 0.7111173452643456
vn 0.5913066839120424 -0.380353160661422 0.7111173452643457
vn 0.4658060018248512 -0.05346790606342839 0.8832700332769925
vn 0.26939058245226505 0.28155734442205704 0.9209528630109297
vn 0.03196288998109635 0.5737180426383657 0.8184289713929112
vn -0.2103308686324616 0.7785353757288479 0.5913066839120424
vn -0.4206036583325074 0.8648277522764773 0.27416331171352487
vn -0.5668433494580061 0.8194579427209128 -0.08471893110065856
vn -0.626786281281585 0.6493330929789379 -0.4307034849633885
vn -0.5913066839120424 0.3803531606614221 -0.7111173452643456
vn -0.4658060018248512 0.05346790606342839 -0.8832700332769925
vn -0.26939058245226505 -0.28155734442205704 -0.9209528630109297
vn -0.03196288998109635 -0.5737180426383657 -0.8184289713929112
vn 0.2103308686324615 -0.7785353757288478 -0.5913066839120426
vn 0.4206036583325074 -0.8648277522764773 -0.27416331171352487
vn 0.5668433494580061 -0.8194579427209128 0.08471893110065856
vn 0.626786281281585 -0.6493330929789379 0.4307034849633885
vn 0.5913066839120424 -0.38035316066142216 0.7111173452643456
vn -0.7785353757288477 -0.499213523368116 0.3803531606614219
vn -0.7785353757288477 -0.499213523368116 0.3803531606614219
vn -0.7785353757288477 -0.499213523368116 0.3803531606614219
vn -0.7785353757288477 -0.499213523368116 0.3803531606614219
vn -0.7785353757288477 -0.499213523368116 0.3803531606614219
vn -0.7785353757288477 -0.499213523368116 0.3803531606614219
vn -0.7785353757288477 -0.499213523368116 0.3803531606614219
vn -0.7785353757288477 -0.499213523368116 0.3803531606614219
vn -0.7785353757288477 -0.499213523368116 0.3803531606614219
vn -0.7785353757288477 -0.499213523368116 0.3803531606614219
vn -0.7785353757288477 -0.499213523368116 0.3803531606614219
vn -0.7785353757288477 -0.499213523368116 0.3803531606614219
vn -0.7785353757288477 -0.499213523368116 0.3803531606614219
vn -0.7785353757288477 -0.499213523368116 0.3803531606614219
vn -0.7785353757288477 -0.499213523368116 0.3803531606614219
vn -0.7785353757288477 -0.499213523368116 0.3803531606614219
vn -0.7785353757288477 -0.499213523368116 0.3803531606614219
vn -0.7785353757288477 -0.499213523368116 0.3803531606614219
vn -0.7785353757288477 -0.499213523368116 0.3803531606614219
vn -0.7785353757288477 -0.499213523368116 0.3803531606614219
vn -0.7785353757288477 -0.499213523368116 0.3803531606614219
vn -0.7785353757288477 -0.499213523368116 0.3803531606614219
vn -0.7785353757288477 -0.499213523368116 0.3803531606614219
vn -0.7785353757288477 -0.499213523368116 0.3803531606614219
vn -0.7785353757288477 -0.499213523368116 0.3803531606614219
vn -0.7785353757288477 -0.499213523368116 0.3803531606614219
vn -0.7785353757288477 -0.499213523368116 0.3803531606614219
vn -0.7785353757288477 -0.499213523368116 0.3803531606614219
vn -0.7785353757288477 -0.499213523368116 0.3803531606614219
vn -0.7785353757288477 -0.499213523368116 0.3803531606614219
vn -0.7785353757288477 -0.499213523368116 0.3803531606614219
vn -0.7785353757288477 -0.499213523368116 0.3803531606614219
vn -0.7785353757288477 -0.499213523368116 0.3803531606614219
vn 0.7785353757288477 0.499213523368116 -0.3803531606614219
vn 0.7785353757288477 0.499213523368116 -0.3803531606614219
vn 0.7785353757288477 0.499213523368116 -0.3803531606614219
vn 0.7785353757288477 0.499213523368116 -0.3803531606614219
vn 0.7785353757288477 0.499213523368116 -0.3803531606614219
vn 0.7785353757288477 0.499213523368116 -0.3803531606614219
vn 0.7785353757288477 0.499213523368116 -0.3803531606614219
vn 0.7785353757288477 0.499213523368116 -0.3803531606614219
vn 0.7785353757288477 0.499213523368116 -0.3803531606614219
vn 0.7785353757288477 0.499213523368116 -0.3803531606614219
vn 0.7785353757288477 0.499213523368116 -0.3803531606614219
vn 0.7785353757288477 0.499213523368116 -0.3803531606614219
vn 0.7785353757288477 0.499213523368116 -0.3803531606614219
vn 0.7785353757288477 0.499213523368116 -0.3803531606614219
vn 0.7785353757288477 0.499213523368116 -0.3803531606614219
vn 0.7785353757288477 0.499213523368116 -0.3803531606614219
vn 0.7785353757288477 0.499213523368116 -0.3803531606614219
vn 0.7785353757288477 0.499213523368116 -0.3803531606614219
vn 0.7785353757288477 0.499213523368116 -0.3803531606614219
vn 0.7785353757288477 0.499213523368116 -0.3803531606614219
vn 0.7785353757288477 0.499213523368116 -0.3803531606614219
vn 0.7785353757288477 0.499213523368116 -0.3803531606614219
vn 0.7785353757288477 0.499213523368116 -0.3803531606614219
vn 0.7785353757288477 0.499213523368116 -0.3803531606614219
vn 0.7785353757288477 0.499213523368116 -0.3803531606614219
vn 0.7785353757288477 0.499213523368116 -0.3803531606614219
vn 0.7785353757288477 0.499213523368116 -0.3803531606614219
vn 0.7785353757288477 0.499213523368116 -0.3803531606614219
vn 0.7785353757288477 0.499213523368116 -0.3803531606614219
vn 0.7785353757288477 0.499213523368116 -0.3803531606614219
vn 0.7785353757288477 0.499213523368116 -0.3803531606614219
vn 0.7785353757288477 0.499213523368116 -0.3803531606614219
vn 0.7785353757288477 0.499213523368116 -0.3803531606614219
f 4349/4349/4349 4366/4366/4366 4350/4350/4350
f 4366/4366/4366 4367/4367/4367 4350/4350/4350
f 4350/4350/4350 4367/4367/4367 4351/4351/4351
f 4367/4367/4367 4368/4368/4368 4351/4351/4351
f 4351/4351/4351 4368/4368/4368 4352/4352/4352
f 4368/4368/4368 4369/4369/4369 4352/4352/4352
f 4352/4352/4352 4369/4369/4369 4353/4353/4353
f 4369/4369/4369 4370/4370/4370 4353/4353/4353
f 4353/4353/4353 4370/4370/4370 4354/4354/4354
f 4370/4370/4370 4371/4371/4371 4354/4354/4354
f 4354/4354/4354 4371/4371/4371 4355/4355/4355
f 4371/4371/4371 4372/4372/4372 4355/4355/4355
f 4355/4355/4355 4372/4372/4372 4356/4356/4356
f 4372/4372/4372 4373/4373/4373 4356/4356/4356
f 4356/4356/4356 4373/4373/4373 4357/4357/4357
f 4373/4373/4373 4374/4374/4374 4357/4357/4357
f 4357/4357/4357 4374/4374/4374 4358/4358/4358
f 4374/4374/4374 4375/4375/4375 4358/4358/4358
f 4358/4358/4358 4375/4375/4375 4359/4359/4359
f 4375/4375/4375 4376/4376/4376 4359/4359/4359
f 4359/4359/4359 4376/4376/4376 4360/4360/4360
f 4376/4376/4376 4377/4377/4377 4360/4360/4360
f 4360/4360/4360 4377/4377/4377 4361/4361/4361
f 4377/4377/4377 4378/4378/4378 4361/4361/4361
f 4361/4361/4361 4378/4378/4378 4362/4362/4362
f 4378/4378/4378 4379/4379/4379 4362/4362/4362
f 4362/4362/4362 4379/4379/4379 4363/4363/4363
f 4379/4379/4379 4380/4380/4380 4363/4363/4363
f 4363/4363/4363 4380/4380/4380 4364/4364/4364
f 4380/4380/4380 4381/4381/4381 4364/4364/4364
f 4364/4364/4364 4381/4381/4381 4365/4365/4365
f 4381/4381/4381 4382/4382/4382 4365/4365/4365
f 4399/4399/4399 4400/4400/4400 4383/4383/4383
f 4400/4400/4400 4401/4401/4401 4384/4384/4384
f 4401/4401/4401 4402/4402/4402 4385/4385/4385
f 4402/4402/4402 4403/4403/4403 4386/4386/4386
f 4403/4403/4403 4404/4404/4404 4387/4387/4387
f 4404/4404/4404 4405/4405/4405 4388/4388/4388
f 4405/4405/4405 4406/4406/4406 4389/4389/4389
f 4406/4406/4406 4407/4407/4407 4390/4390/4390
f 4407/4407/4407 4408/4408/4408 4391/4391/4391
f 4408/4408/4408 4409/4409/4409 4392/4392/4392
f 4409/4409/4409 4410/4410/4410 4393/4393/4393
f 4410/4410/4410 4411/4411/4411 4394/4394/4394
f 4411/4411/4411 4412/4412/4412 4395/4395/4395
f 4412/4412/4412 4413/4413/4413 4396/4396/4396
f 4413/4413/4413 4414/4414/4414 4397/4397/4397
f 4414/4414/4414 4415/4415/4415 4398/4398/4398
f 4433/4433/4433 4432/4432/4432 4416/4416/4416
f 4434/4434/4434 4433/4433/4433 4417/4417/4417
f 4435/4435/4435 4434/4434/4434 4418/4418/4418
f 4436/4436/4436 4435/4435/4435 4419/4419/4419
f 4437/4437/4437 4436/4436/4436 4420/4420/4420
f 4438/4438/4438 4437/4437/4437 4421/4421/4421
f 4439/4439/4439 4438/4438/4438 4422/4422/4422
f 4440/4440/4440 4439/4439/4439 4423/4423/4423
f 4441/4441/4441 4440/4440/4440 4424/4424/4424
f 4442/4442/4442 4441/4441/4441 4425/4425/4425
f 4443/4443/4443 4442/4442/4442 4426/4426/4426
f 4444/4444/4444 4443/4443/4443 4427/4427/4427
f 4445/4445/4445 4444/4444/4444 4428/4428/4428
f 4446/4446/4446 4445/4445/4445 4429/4429/4429
f 4447/4447/4447 4446/4446/4446 4430/4430/4430
f 4448/4448/4448 4447/4447/4447 4431/4431/4431
o rear_strap_r
usemtl accent_yellow
v -1.77300875738712 1.128367762813105 -0.7243554235755124
v -1.7737893086498158 1.1342853216065558 -0.7305245286260864
v -1.7724705642863647 1.1380280683337223 -0.7381361885744315
v -1.7692532910772067 1.1390262039728574 -0.7460315977007916
v -1.764627289496385 1.1371277714971213 -0.7530087520621319
v -1.7592968266375713 1.1326217901184865 -0.7580054426668086
v -1.754073417508845 1.1261942549939385 -0.7602609683762007
v -1.749752278455328 1.1188236996494 -0.7594319459866614
v -1.7469912634359688 1.1116322238346856 -0.7556445865976
v -1.746210712173273 1.1057146650412348 -0.749475481547026
v -1.747529456536724 1.1019719183140684 -0.741863821598681
v -1.7507467297458823 1.1009737826749333 -0.7339684124723209
v -1.7553727313267036 1.1028722151506694 -0.7269912581109805
v -1.7607031941855178 1.1073781965293041 -0.721994567506304
v -1.7659266033142438 1.113805731653852 -0.7197390417969118
v -1.7702477423677607 1.1211762869983906 -0.720568064186451
v -1.77300875738712 1.128367762813105 -0.7243554235755124
v -0.4630087365640312 1.9683677761653144 -0.08435541340240005
v -0.4637892878267269 1.9742853349587652 -0.09052451845297405
v -0.4624705434632759 1.9780280816859317 -0.09813617840131911
v -0.4592532702541178 1.9790262173250668 -0.10603158752767922
v -0.4546272686732963 1.9771277848493307 -0.11300874188901955
v -0.4492968058144823 1.972621803470696 -0.11800543249369616
v -0.4440733966857562 1.966194268346148 -0.1202609582030883
v -0.43975225763223924 1.9588237130016095 -0.11943193581354905
v -0.4369912426128799 1.951632237186895 -0.11564457642448767
v -0.4362106913501842 1.9457146783934443 -0.10947547137391367
v -0.43752943571363523 1.9419719316662778 -0.1018638114255686
v -0.44074670892279333 1.9409737960271427 -0.0939684022992085
v -0.4453727105036148 1.9428722285028788 -0.08699124793786817
v -0.4507031733624288 1.9473782098815136 -0.08199455733319155
v -0.4559265824911549 1.9538057450060615 -0.07973903162379942
v -0.46024772154467186 1.9611763003506 -0.08056805401333866
v -0.4630087365640312 1.9683677761653144 -0.08435541340240005
v -1.7600000104115443 1.1199999933238953 -0.7400000050865563
v -1.7600000104115443 1.1199999933238953 -0.7400000050865563
v -1.7600000104115443 1.1199999933238953 -0.7400000050865563
v -1.7600000104115443 1.1199999933238953 -0.7400000050865563
v -1.7600000104115443 1.1199999933238953 -0.7400000050865563
v -1.7600000104115443 1.1199999933238953 -0.7400000050865563
v -1.7600000104115443 1.1199999933238953 -0.7400000050865563
v -1.7600000104115443 1.1199999933238953 -0.7400000050865563
v -1.7600000104115443 1.1199999933238953 -0.7400000050865563
v -1.7600000104115443 1.1199999933238953 -0.7400000050865563
v -1.7600000104115443 1.1199999933238953 -0.7400000050865563
v -1.7600000104115443 1.1199999933238953 -0.7400000050865563
v -1.7600000104115443 1.1199999933238953 -0.7400000050865563
v -1.7600000104115443 1.1199999933238953 -0.7400000050865563
v -1.7600000104115443 1.1199999933238953 -0.7400000050865563
v -1.7600000104115443 1.1199999933238953 -0.7400000050865563
v -1.77300875738712 1.128367762813105 -0.7243554235755124
v -1.7737893086498158 1.1342853216065558 -0.7305245286260864
v -1.7724705642863647 1.1380280683337223 -0.7381361885744315
v -1.7692532910772067 1.1390262039728574 -0.7460315977007916
v -1.764627289496385 1.1371277714971213 -0.7530087520621319
v -1.7592968266375713 1.1326217901184865 -0.7580054426668086
v -1.754073417508845 1.1261942549939385 -0.7602609683762007
v -1.749752278455328 1.1188236996494 -0.7594319459866614
v -1.7469912634359688 1.1116322238346856 -0.7556445865976
v -1.746210712173273 1.1057146650412348 -0.749475481547026
v -1.747529456536724 1.1019719183140684 -0.741863821598681
v -1.7507467297458823 1.1009737826749333 -0.7339684124723209
v -1.7553727313267036 1.1028722151506694 -0.7269912581109805
v -1.7607031941855178 1.1073781965293041 -0.721994567506304
v -1.7659266033142438 1.113805731653852 -0.7197390417969118
v -1.7702477423677607 1.1211762869983906 -0.720568064186451
v -1.77300875738712 1.128367762813105 -0.7243554235755124
v -0.44999998958845555 1.9600000066761047 -0.09999999491344386
v -0.44999998958845555 1.9600000066761047 -0.09999999491344386
v -0.44999998958845555 1.9600000066761047 -0.09999999491344386
v -0.44999998958845555 1.9600000066761047 -0.09999999491344386
v -0.44999998958845555 1.9600000066761047 -0.09999999491344386
v -0.44999998958845555 1.9600000066761047 -0.09999999491344386
v -0.44999998958845555 1.9600000066761047 -0.09999999491344386
v -0.44999998958845555 1.9600000066761047 -0.09999999491344386
v -0.44999998958845555 1.9600000066761047 -0.09999999491344386
v -0.44999998958845555 1.9600000066761047 -0.09999999491344386
v -0.44999998958845555 1.9600000066761047 -0.09999999491344386
v -0.44999998958845555 1.9600000066761047 -0.09999999491344386
v -0.44999998958845555 1.9600000066761047 -0.09999999491344386
v -0.44999998958845555 1.9600000066761047 -0.09999999491344386
v -0.44999998958845555 1.9600000066761047 -0.09999999491344386
v -0.44999998958845555 1.9600000066761047 -0.09999999491344386
v -0.4630087365640312 1.9683677761653144 -0.08435541340240005
v -0.4637892878267269 1.9742853349587652 -0.09052451845297405
v -0.4624705434632759 1.9780280816859317 -0.09813617840131911
v -0.4592532702541178 1.9790262173250668 -0.10603158752767922
v -0.4546272686732963 1.9771277848493307 -0.11300874188901955
v -0.4492968058144823 1.972621803470696 -0.11800543249369616
v -0.4440733966857562 1.966194268346148 -0.1202609582030883
v -0.43975225763223924 1.9588237130016095 -0.11943193581354905
v -0.4369912426128799 1.951632237186895 -0.11564457642448767
v -0.4362106913501842 1.9457146783934443 -0.10947547137391367
v -0.43752943571363523 1.9419719316662778 -0.1018638114255686
v -0.44074670892279333 1.9409737960271427 -0.0939684022992085
v -0.4453727105036148 1.9428722285028788 -0.08699124793786817
v -0.4507031733624288 1.9473782098815136 -0.08199455733319155
v -0.4559265824911549 1.9538057450060615 -0.07973903162379942
v -0.46024772154467186 1.9611763003506 -0.08056805401333866
v -0.4630087365640312 1.9683677761653144 -0.08435541340240005
vt 0 1
vt 0.0625 1
vt 0.125 1
vt 0.1875 1
vt 0.25 1
vt 0.3125 1
vt 0.375 1
vt 0.4375 1
vt 0.5 1
vt 0.5625 1
vt 0.625 1
vt 0.6875 1
vt 0.75 1
vt 0.8125 1
vt 0.875 1
vt 0.9375 1
vt 1 1
vt 0 0
vt 0.0625 0
vt 0.125 0
vt 0.1875 0
vt 0.25 0
vt 0.3125 0
vt 0.375 0
vt 0.4375 0
vt 0.5 0
vt 0.5625 0
vt 0.625 0
vt 0.6875 0
vt 0.75 0
vt 0.8125 0
vt 0.875 0
vt 0.9375 0
vt 1 0
vt 0.5 0.5
vt 0.5 0.5
vt 0.5 0.5
vt 0.5 0.5
vt 0.5 0.5
vt 0.5 0.5
vt 0.5 0.5
vt 0.5 0.5
vt 0.5 0.5
vt 0.5 0.5
vt 0.5 0.5
vt 0.5 0.5
vt 0.5 0.5
vt 0.5 0.5
vt 0.5 0.5
vt 0.5 0.5
vt 1 0.5
vt 0.9619397521018982 0.6913416981697083
vt 0.8535534143447876 0.8535534143447876
vt 0.6913416981697083 0.9619397521018982
vt 0.5 1
vt 0.30865827202796936 0.9619397521018982
vt 0.1464466154575348 0.8535534143447876
vt 0.03806023299694061 0.6913416981697083
vt 0 0.5
vt 0.03806023299694061 0.30865827202796936
vt 0.1464466154575348 0.1464466154575348
vt 0.30865827202796936 0.03806023299694061
vt 0.5 0
vt 0.6913416981697083 0.03806023299694061
vt 0.8535534143447876 0.1464466154575348
vt 0.9619397521018982 0.30865827202796936
vt 1 0.5
vt 0.5 0.5
vt 0.5 0.5
vt 0.5 0.5
vt 0.5 0.5
vt 0.5 0.5
vt 0.5 0.5
vt 0.5 0.5
vt 0.5 0.5
vt 0.5 0.5
vt 0.5 0.5
vt 0.5 0.5
vt 0.5 0.5
vt 0.5 0.5
vt 0.5 0.5
vt 0.5 0.5
vt 0.5 0.5
vt 1 0.5
vt 0.9619397521018982 0.30865827202796936
vt 0.8535534143447876 0.1464466154575348
vt 0.6913416981697083 0.03806023299694061
vt 0.5 0
vt 0.30865827202796936 0.03806023299694061
vt 0.1464466154575348 0.1464466154575348
vt 0.03806023299694061 0.30865827202796936
vt 0 0.5
vt 0.03806023299694061 0.6913416981697083
vt 0.1464466154575348 0.8535534143447876
vt 0.30865827202796936 0.9619397521018982
vt 0.5 1
vt 0.6913416981697083 0.9619397521018982
vt 0.8535534143447876 0.8535534143447876
vt 0.9619397521018982 0.6913416981697083
vt 1 0.5
vn -0.5913066839120424 0.380353160661422 0.7111173452643457
vn -0.626786281281585 0.6493330929789379 0.4307034849633885
vn -0.5668433494580061 0.8194579427209128 0.08471893110065856
vn -0.4206036583325074 0.8648277522764773 -0.27416331171352487
vn -0.21033086863246164 0.7785353757288479 -0.5913066839120424
vn 0.03196288998109635 0.5737180426383657 -0.8184289713929112
vn 0.26939058245226505 0.28155734442205704 -0.9209528630109297
vn 0.4658060018248512 -0.05346790606342839 -0.8832700332769925
vn 0.5913066839120424 -0.3803531606614219 -0.7111173452643458
vn 0.626786281281585 -0.6493330929789379 -0.4307034849633885
vn 0.5668433494580061 -0.8194579427209128 -0.08471893110065856
vn 0.4206036583325074 -0.8648277522764773 0.27416331171352487
vn 0.21033086863246167 -0.7785353757288478 0.5913066839120422
vn -0.03196288998109635 -0.5737180426383657 0.8184289713929112
vn -0.26939058245226505 -0.28155734442205704 0.9209528630109297
vn -0.4658060018248512 0.05346790606342839 0.8832700332769925
vn -0.5913066839120424 0.38035316066142183 0.7111173452643458
vn -0.5913066839120424 0.380353160661422 0.7111173452643457
vn -0.626786281281585 0.6493330929789379 0.4307034849633885
vn -0.5668433494580061 0.8194579427209128 0.08471893110065856
vn -0.4206036583325074 0.8648277522764773 -0.27416331171352487
vn -0.21033086863246164 0.7785353757288479 -0.5913066839120424
vn 0.03196288998109635 0.5737180426383657 -0.8184289713929112
vn 0.26939058245226505 0.28155734442205704 -0.9209528630109297
vn 0.4658060018248512 -0.05346790606342839 -0.8832700332769925
vn 0.5913066839120424 -0.3803531606614219 -0.7111173452643458
vn 0.626786281281585 -0.6493330929789379 -0.4307034849633885
vn 0.5668433494580061 -0.8194579427209128 -0.08471893110065856
vn 0.4206036583325074 -0.8648277522764773 0.27416331171352487
vn 0.21033086863246167 -0.7785353757288478 0.5913066839120422
vn -0.03196288998109635 -0.5737180426383657 0.8184289713929112
vn -0.26939058245226505 -0.28155734442205704 0.9209528630109297
vn -0.4658060018248512 0.05346790606342839 0.8832700332769925
vn -0.5913066839120424 0.38035316066142183 0.7111173452643458
vn -0.7785353757288477 -0.499213523368116 -0.3803531606614219
vn -0.7785353757288477 -0.499213523368116 -0.3803531606614219
vn -0.7785353757288477 -0.499213523368116 -0.3803531606614219
vn -0.7785353757288477 -0.499213523368116 -0.3803531606614219
vn -0.7785353757288477 -0.499213523368116 -0.3803531606614219
vn -0.7785353757288477 -0.499213523368116 -0.3803531606614219
vn -0.7785353757288477 -0.499213523368116 -0.3803531606614219
vn -0.7785353757288477 -0.499213523368116 -0.3803531606614219
vn -0.7785353757288477 -0.499213523368116 -0.3803531606614219
vn -0.7785353757288477 -0.499213523368116 -0.3803531606614219
vn -0.7785353757288477 -0.499213523368116 -0.3803531606614219
vn -0.7785353757288477 -0.499213523368116 -0.3803531606614219
vn -0.7785353757288477 -0.499213523368116 -0.3803531606614219
vn -0.7785353757288477 -0.499213523368116 -0.3803531606614219
vn -0.7785353757288477 -0.499213523368116 -0.3803531606614219
vn -0.7785353757288477 -0.499213523368116 -0.3803531606614219
vn -0.7785353757288477 -0.499213523368116 -0.3803531606614219
vn -0.7785353757288477 -0.499213523368116 -0.3803531606614219
vn -0.7785353757288477 -0.499213523368116 -0.3803531606614219
vn -0.7785353757288477 -0.499213523368116 -0.3803531606614219
vn -0.7785353757288477 -0.499213523368116 -0.3803531606614219
vn -0.7785353757288477 -0.499213523368116 -0.3803531606614219
vn -0.7785353757288477 -0.499213523368116 -0.3803531606614219
vn -0.7785353757288477 -0.499213523368116 -0.3803531606614219
vn -0.7785353757288477 -0.499213523368116 -0.3803531606614219
vn -0.7785353757288477 -0.499213523368116 -0.3803531606614219
vn -0.7785353757288477 -0.499213523368116 -0.3803531606614219
vn -0.7785353757288477 -0.499213523368116 -0.3803531606614219
vn -0.7785353757288477 -0.499213523368116 -0.3803531606614219
vn -0.7785353757288477 -0.499213523368116 -0.3803531606614219
vn -0.7785353757288477 -0.499213523368116 -0.3803531606614219
vn -0.7785353757288477 -0.499213523368116 -0.3803531606614219
vn -0.7785353757288477 -0.499213523368116 -0.3803531606614219
vn 0.7785353757288477 0.499213523368116 0.3803531606614219
vn 0.7785353757288477 0.499213523368116 0.3803531606614219
vn 0.7785353757288477 0.499213523368116 0.3803531606614219
vn 0.7785353757288477 0.499213523368116 0.3803531606614219
vn 0.7785353757288477 0.499213523368116 0.3803531606614219
vn 0.7785353757288477 0.499213523368116 0.3803531606614219
vn 0.7785353757288477 0.499213523368116 0.3803531606614219
vn 0.7785353757288477 0.499213523368116 0.3803531606614219
vn 0.7785353757288477 0.499213523368116 0.3803531606614219
vn 0.7785353757288477 0.499213523368116 0.3803531606614219
vn 0.7785353757288477 0.499213523368116 0.3803531606614219
vn 0.7785353757288477 0.499213523368116 0.3803531606614219
vn 0.7785353757288477 0.499213523368116 0.3803531606614219
vn 0.7785353757288477 0.499213523368116 0.3803531606614219
vn 0.7785353757288477 0.499213523368116 0.3803531606614219
vn 0.7785353757288477 0.499213523368116 0.3803531606614219
vn 0.7785353757288477 0.499213523368116 0.3803531606614219
vn 0.7785353757288477 0.499213523368116 0.3803531606614219
vn 0.7785353757288477 0.499213523368116 0.3803531606614219
vn 0.7785353757288477 0.499213523368116 0.3803531606614219
vn 0.7785353757288477 0.499213523368116 0.3803531606614219
vn 0.7785353757288477 0.499213523368116 0.3803531606614219
vn 0.7785353757288477 0.499213523368116 0.3803531606614219
vn 0.7785353757288477 0.499213523368116 0.3803531606614219
vn 0.7785353757288477 0.499213523368116 0.3803531606614219
vn 0.7785353757288477 0.499213523368116 0.3803531606614219
vn 0.7785353757288477 0.499213523368116 0.3803531606614219
vn 0.7785353757288477 0.499213523368116 0.3803531606614219
vn 0.7785353757288477 0.499213523368116 0.3803531606614219
vn 0.7785353757288477 0.499213523368116 0.3803531606614219
vn 0.7785353757288477 0.499213523368116 0.3803531606614219
vn 0.7785353757288477 0.499213523368116 0.3803531606614219
vn 0.7785353757288477 0.499213523368116 0.3803531606614219
f 4449/4449/4449 4466/4466/4466 4450/4450/4450
f 4466/4466/4466 4467/4467/4467 4450/4450/4450
f 4450/4450/4450 4467/4467/4467 4451/4451/4451
f 4467/4467/4467 4468/4468/4468 4451/4451/4451
f 4451/4451/4451 4468/4468/4468 4452/4452/4452
f 4468/4468/4468 4469/4469/4469 4452/4452/4452
f 4452/4452/4452 4469/4469/4469 4453/4453/4453
f 4469/4469/4469 4470/4470/4470 4453/4453/4453
f 4453/4453/4453 4470/4470/4470 4454/4454/4454
f 4470/4470/4470 4471/4471/4471 4454/4454/4454
f 4454/4454/4454 4471/4471/4471 4455/4455/4455
f 4471/4471/4471 4472/4472/4472 4455/4455/4455
f 4455/4455/4455 4472/4472/4472 4456/4456/4456
f 4472/4472/4472 4473/4473/4473 4456/4456/4456
f 4456/4456/4456 4473/4473/4473 4457/4457/4457
f 4473/4473/4473 4474/4474/4474 4457/4457/4457
f 4457/4457/4457 4474/4474/4474 4458/4458/4458
f 4474/4474/4474 4475/4475/4475 4458/4458/4458
f 4458/4458/4458 4475/4475/4475 4459/4459/4459
f 4475/4475/4475 4476/4476/4476 4459/4459/4459
f 4459/4459/4459 4476/4476/4476 4460/4460/4460
f 4476/4476/4476 4477/4477/4477 4460/4460/4460
f 4460/4460/4460 4477/4477/4477 4461/4461/4461
f 4477/4477/4477 4478/4478/4478 4461/4461/4461
f 4461/4461/4461 4478/4478/4478 4462/4462/4462
f 4478/4478/4478 4479/4479/4479 4462/4462/4462
f 4462/4462/4462 4479/4479/4479 4463/4463/4463
f 4479/4479/4479 4480/4480/4480 4463/4463/4463
f 4463/4463/4463 4480/4480/4480 4464/4464/4464
f 4480/4480/4480 4481/4481/4481 4464/4464/4464
f 4464/4464/4464 4481/4481/4481 4465/4465/4465
f 4481/4481/4481 4482/4482/4482 4465/4465/4465
f 4499/4499/4499 4500/4500/4500 4483/4483/4483
f 4500/4500/4500 4501/4501/4501 4484/4484/4484
f 4501/4501/4501 4502/4502/4502 4485/4485/4485
f 4502/4502/4502 4503/4503/4503 4486/4486/4486
f 4503/4503/4503 4504/4504/4504 4487/4487/4487
f 4504/4504/4504 4505/4505/4505 4488/4488/4488
f 4505/4505/4505 4506/4506/4506 4489/4489/4489
f 4506/4506/4506 4507/4507/4507 4490/4490/4490
f 4507/4507/4507 4508/4508/4508 4491/4491/4491
f 4508/4508/4508 4509/4509/4509 4492/4492/4492
f 4509/4509/4509 4510/4510/4510 4493/4493/4493
f 4510/4510/4510 4511/4511/4511 4494/4494/4494
f 4511/4511/4511 4512/4512/4512 4495/4495/4495
f 4512/4512/4512 4513/4513/4513 4496/4496/4496
f 4513/4513/4513 4514/4514/4514 4497/4497/4497
f 4514/4514/4514 4515/4515/4515 4498/4498/4498
f 4533/4533/4533 4532/4532/4532 4516/4516/4516
f 4534/4534/4534 4533/4533/4533 4517/4517/4517
f 4535/4535/4535 4534/4534/4534 4518/4518/4518
f 4536/4536/4536 4535/4535/4535 4519/4519/4519
f 4537/4537/4537 4536/4536/4536 4520/4520/4520
f 4538/4538/4538 4537/4537/4537 4521/4521/4521
f 4539/4539/4539 4538/4538/4538 4522/4522/4522
f 4540/4540/4540 4539/4539/4539 4523/4523/4523
f 4541/4541/4541 4540/4540/4540 4524/4524/4524
f 4542/4542/4542 4541/4541/4541 4525/4525/4525
f 4543/4543/4543 4542/4542/4542 4526/4526/4526
f 4544/4544/4544 4543/4543/4543 4527/4527/4527
f 4545/4545/4545 4544/4544/4544 4528/4528/4528
f 4546/4546/4546 4545/4545/4545 4529/4529/4529
f 4547/4547/4547 4546/4546/4546 4530/4530/4530
f 4548/4548/4548 4547/4547/4547 4531/4531/4531
o bike_front_tire
usemtl bike_ink
v 0.6900000000000001 1.1100000071525575 0.05000000074505813
v 0.7612066963315011 1.1180230605602266 0.05000000074505813
v 0.8288427913188935 1.1416899490356447 0.05000000074505812
v 0.8895167434215546 1.1798139142990114 0.050000000745058115
v 0.9401860857009888 1.2304832565784456 0.0500000007450581
v 0.9783100509643555 1.2911572086811067 0.05000000074505809
v 1.0019769394397735 1.3587933036684992 0.050000000745058074
v 1.0099999928474426 1.4300000000000002 0.05000000074505806
v 1.0019769394397735 1.5012066963315012 0.050000000745058046
v 0.9783100509643555 1.5688427913188936 0.05000000074505803
v 0.9401860857009888 1.6295167434215547 0.05000000074505802
v 0.8895167434215546 1.680186085700989 0.050000000745058004
v 0.8288427913188935 1.7183100509643556 0.050000000745058
v 0.7612066963315011 1.7419769394397737 0.05000000074505799
v 0.6900000000000001 1.7499999928474428 0.05000000074505799
v 0.618793303668499 1.7419769394397737 0.05000000074505799
v 0.5511572086811066 1.7183100509643556 0.050000000745058
v 0.4904832565784455 1.680186085700989 0.050000000745058004
v 0.4398139142990113 1.6295167434215547 0.05000000074505802
v 0.4016899490356446 1.5688427913188936 0.05000000074505803
v 0.3780230605602265 1.5012066963315012 0.050000000745058046
v 0.37000000715255743 1.4300000000000002 0.05000000074505806
v 0.3780230605602265 1.3587933036684992 0.050000000745058074
v 0.4016899490356446 1.2911572086811067 0.05000000074505809
v 0.4398139142990113 1.2304832565784456 0.0500000007450581
v 0.4904832565784455 1.1798139142990114 0.050000000745058115
v 0.5511572086811066 1.1416899490356447 0.05000000074505812
v 0.618793303668499 1.1180230605602266 0.05000000074505813
v 0.69 1.1100000071525575 0.05000000074505813
v 0.6900000000000001 1.1100000071525575 -0.05000000074505799
v 0.7612066963315011 1.1180230605602266 -0.05000000074505799
v 0.8288427913188935 1.1416899490356447 -0.050000000745058
v 0.8895167434215546 1.1798139142990114 -0.050000000745058004
v 0.9401860857009888 1.2304832565784456 -0.05000000074505802
v 0.9783100509643555 1.2911572086811067 -0.05000000074505803
v 1.0019769394397735 1.3587933036684992 -0.050000000745058046
v 1.0099999928474426 1.4300000000000002 -0.05000000074505806
v 1.0019769394397735 1.5012066963315012 -0.050000000745058074
v 0.9783100509643555 1.5688427913188936 -0.05000000074505809
v 0.9401860857009888 1.6295167434215547 -0.0500000007450581
v 0.8895167434215546 1.680186085700989 -0.050000000745058115
v 0.8288427913188935 1.7183100509643556 -0.05000000074505812
v 0.7612066963315011 1.7419769394397737 -0.05000000074505813
v 0.6900000000000001 1.7499999928474428 -0.05000000074505813
v 0.618793303668499 1.7419769394397737 -0.05000000074505813
v 0.5511572086811066 1.7183100509643556 -0.05000000074505812
v 0.4904832565784455 1.680186085700989 -0.050000000745058115
v 0.4398139142990113 1.6295167434215547 -0.0500000007450581
v 0.4016899490356446 1.5688427913188936 -0.05000000074505809
v 0.3780230605602265 1.5012066963315012 -0.050000000745058074
v 0.37000000715255743 1.4300000000000002 -0.05000000074505806
v 0.3780230605602265 1.3587933036684992 -0.050000000745058046
v 0.4016899490356446 1.2911572086811067 -0.05000000074505803
v 0.4398139142990113 1.2304832565784456 -0.05000000074505802
v 0.4904832565784455 1.1798139142990114 -0.050000000745058004
v 0.5511572086811066 1.1416899490356447 -0.050000000745058
v 0.618793303668499 1.1180230605602266 -0.05000000074505799
v 0.69 1.1100000071525575 -0.05000000074505799
v 0.6900000000000001 1.4300000000000002 0.05000000074505806
v 0.6900000000000001 1.4300000000000002 0.05000000074505806
v 0.6900000000000001 1.4300000000000002 0.05000000074505806
v 0.6900000000000001 1.4300000000000002 0.05000000074505806
v 0.6900000000000001 1.4300000000000002 0.05000000074505806
v 0.6900000000000001 1.4300000000000002 0.05000000074505806
v 0.6900000000000001 1.4300000000000002 0.05000000074505806
v 0.6900000000000001 1.4300000000000002 0.05000000074505806
v 0.6900000000000001 1.4300000000000002 0.05000000074505806
v 0.6900000000000001 1.4300000000000002 0.05000000074505806
v 0.6900000000000001 1.4300000000000002 0.05000000074505806
v 0.6900000000000001 1.4300000000000002 0.05000000074505806
v 0.6900000000000001 1.4300000000000002 0.05000000074505806
v 0.6900000000000001 1.4300000000000002 0.05000000074505806
v 0.6900000000000001 1.4300000000000002 0.05000000074505806
v 0.6900000000000001 1.4300000000000002 0.05000000074505806
v 0.6900000000000001 1.4300000000000002 0.05000000074505806
v 0.6900000000000001 1.4300000000000002 0.05000000074505806
v 0.6900000000000001 1.4300000000000002 0.05000000074505806
v 0.6900000000000001 1.4300000000000002 0.05000000074505806
v 0.6900000000000001 1.4300000000000002 0.05000000074505806
v 0.6900000000000001 1.4300000000000002 0.05000000074505806
v 0.6900000000000001 1.4300000000000002 0.05000000074505806
v 0.6900000000000001 1.4300000000000002 0.05000000074505806
v 0.6900000000000001 1.4300000000000002 0.05000000074505806
v 0.6900000000000001 1.4300000000000002 0.05000000074505806
v 0.6900000000000001 1.4300000000000002 0.05000000074505806
v 0.6900000000000001 1.4300000000000002 0.05000000074505806
v 0.6900000000000001 1.1100000071525575 0.05000000074505813
v 0.7612066963315011 1.1180230605602266 0.05000000074505813
v 0.8288427913188935 1.1416899490356447 0.05000000074505812
v 0.8895167434215546 1.1798139142990114 0.050000000745058115
v 0.9401860857009888 1.2304832565784456 0.0500000007450581
v 0.9783100509643555 1.2911572086811067 0.05000000074505809
v 1.0019769394397735 1.3587933036684992 0.050000000745058074
v 1.0099999928474426 1.4300000000000002 0.05000000074505806
v 1.0019769394397735 1.5012066963315012 0.050000000745058046
v 0.9783100509643555 1.5688427913188936 0.05000000074505803
v 0.9401860857009888 1.6295167434215547 0.05000000074505802
v 0.8895167434215546 1.680186085700989 0.050000000745058004
v 0.8288427913188935 1.7183100509643556 0.050000000745058
v 0.7612066963315011 1.7419769394397737 0.05000000074505799
v 0.6900000000000001 1.7499999928474428 0.05000000074505799
v 0.618793303668499 1.7419769394397737 0.05000000074505799
v 0.5511572086811066 1.7183100509643556 0.050000000745058
v 0.4904832565784455 1.680186085700989 0.050000000745058004
v 0.4398139142990113 1.6295167434215547 0.05000000074505802
v 0.4016899490356446 1.5688427913188936 0.05000000074505803
v 0.3780230605602265 1.5012066963315012 0.050000000745058046
v 0.37000000715255743 1.4300000000000002 0.05000000074505806
v 0.3780230605602265 1.3587933036684992 0.050000000745058074
v 0.4016899490356446 1.2911572086811067 0.05000000074505809
v 0.4398139142990113 1.2304832565784456 0.0500000007450581
v 0.4904832565784455 1.1798139142990114 0.050000000745058115
v 0.5511572086811066 1.1416899490356447 0.05000000074505812
v 0.618793303668499 1.1180230605602266 0.05000000074505813
v 0.69 1.1100000071525575 0.05000000074505813
v 0.6900000000000001 1.4300000000000002 -0.05000000074505806
v 0.6900000000000001 1.4300000000000002 -0.05000000074505806
v 0.6900000000000001 1.4300000000000002 -0.05000000074505806
v 0.6900000000000001 1.4300000000000002 -0.05000000074505806
v 0.6900000000000001 1.4300000000000002 -0.05000000074505806
v 0.6900000000000001 1.4300000000000002 -0.05000000074505806
v 0.6900000000000001 1.4300000000000002 -0.05000000074505806
v 0.6900000000000001 1.4300000000000002 -0.05000000074505806
v 0.6900000000000001 1.4300000000000002 -0.05000000074505806
v 0.6900000000000001 1.4300000000000002 -0.05000000074505806
v 0.6900000000000001 1.4300000000000002 -0.05000000074505806
v 0.6900000000000001 1.4300000000000002 -0.05000000074505806
v 0.6900000000000001 1.4300000000000002 -0.05000000074505806
v 0.6900000000000001 1.4300000000000002 -0.05000000074505806
v 0.6900000000000001 1.4300000000000002 -0.05000000074505806
v 0.6900000000000001 1.4300000000000002 -0.05000000074505806
v 0.6900000000000001 1.4300000000000002 -0.05000000074505806
v 0.6900000000000001 1.4300000000000002 -0.05000000074505806
v 0.6900000000000001 1.4300000000000002 -0.05000000074505806
v 0.6900000000000001 1.4300000000000002 -0.05000000074505806
v 0.6900000000000001 1.4300000000000002 -0.05000000074505806
v 0.6900000000000001 1.4300000000000002 -0.05000000074505806
v 0.6900000000000001 1.4300000000000002 -0.05000000074505806
v 0.6900000000000001 1.4300000000000002 -0.05000000074505806
v 0.6900000000000001 1.4300000000000002 -0.05000000074505806
v 0.6900000000000001 1.4300000000000002 -0.05000000074505806
v 0.6900000000000001 1.4300000000000002 -0.05000000074505806
v 0.6900000000000001 1.4300000000000002 -0.05000000074505806
v 0.6900000000000001 1.1100000071525575 -0.05000000074505799
v 0.7612066963315011 1.1180230605602266 -0.05000000074505799
v 0.8288427913188935 1.1416899490356447 -0.050000000745058
v 0.8895167434215546 1.1798139142990114 -0.050000000745058004
v 0.9401860857009888 1.2304832565784456 -0.05000000074505802
v 0.9783100509643555 1.2911572086811067 -0.05000000074505803
v 1.0019769394397735 1.3587933036684992 -0.050000000745058046
v 1.0099999928474426 1.4300000000000002 -0.05000000074505806
v 1.0019769394397735 1.5012066963315012 -0.050000000745058074
v 0.9783100509643555 1.5688427913188936 -0.05000000074505809
v 0.9401860857009888 1.6295167434215547 -0.0500000007450581
v 0.8895167434215546 1.680186085700989 -0.050000000745058115
v 0.8288427913188935 1.7183100509643556 -0.05000000074505812
v 0.7612066963315011 1.7419769394397737 -0.05000000074505813
v 0.6900000000000001 1.7499999928474428 -0.05000000074505813
v 0.618793303668499 1.7419769394397737 -0.05000000074505813
v 0.5511572086811066 1.7183100509643556 -0.05000000074505812
v 0.4904832565784455 1.680186085700989 -0.050000000745058115
v 0.4398139142990113 1.6295167434215547 -0.0500000007450581
v 0.4016899490356446 1.5688427913188936 -0.05000000074505809
v 0.3780230605602265 1.5012066963315012 -0.050000000745058074
v 0.37000000715255743 1.4300000000000002 -0.05000000074505806
v 0.3780230605602265 1.3587933036684992 -0.050000000745058046
v 0.4016899490356446 1.2911572086811067 -0.05000000074505803
v 0.4398139142990113 1.2304832565784456 -0.05000000074505802
v 0.4904832565784455 1.1798139142990114 -0.050000000745058004
v 0.5511572086811066 1.1416899490356447 -0.050000000745058
v 0.618793303668499 1.1180230605602266 -0.05000000074505799
v 0.69 1.1100000071525575 -0.05000000074505799
vt 0 1
vt 0.0357142873108387 1
vt 0.0714285746216774 1
vt 0.1071428582072258 1
vt 0.1428571492433548 1
vt 0.1785714328289032 1
vt 0.2142857164144516 1
vt 0.25 1
vt 0.2857142984867096 1
vt 0.3214285671710968 1
vt 0.3571428656578064 1
vt 0.3928571343421936 1
vt 0.4285714328289032 1
vt 0.4642857015132904 1
vt 0.5 1
vt 0.5357142686843872 1
vt 0.5714285969734192 1
vt 0.6071428656578064 1
vt 0.6428571343421936 1
vt 0.6785714030265808 1
vt 0.7142857313156128 1
vt 0.75 1
vt 0.7857142686843872 1
vt 0.8214285969734192 1
vt 0.8571428656578064 1
vt 0.8928571343421936 1
vt 0.9285714030265808 1
vt 0.9642857313156128 1
vt 1 1
vt 0 0
vt 0.0357142873108387 0
vt 0.0714285746216774 0
vt 0.1071428582072258 0
vt 0.1428571492433548 0
vt 0.1785714328289032 0
vt 0.2142857164144516 0
vt 0.25 0
vt 0.2857142984867096 0
vt 0.3214285671710968 0
vt 0.3571428656578064 0
vt 0.3928571343421936 0
vt 0.4285714328289032 0
vt 0.4642857015132904 0
vt 0.5 0
vt 0.5357142686843872 0
vt 0.5714285969734192 0
vt 0.6071428656578064 0
vt 0.6428571343421936 0
vt 0.6785714030265808 0
vt 0.7142857313156128 0
vt 0.75 0
vt 0.7857142686843872 0
vt 0.8214285969734192 0
vt 0.8571428656578064 0
vt 0.8928571343421936 0
vt 0.9285714030265808 0
vt 0.9642857313156128 0
vt 1 0
vt 0.5 0.5
vt 0.5 0.5
vt 0.5 0.5
vt 0.5 0.5
vt 0.5 0.5
vt 0.5 0.5
vt 0.5 0.5
vt 0.5 0.5
vt 0.5 0.5
vt 0.5 0.5
vt 0.5 0.5
vt 0.5 0.5
vt 0.5 0.5
vt 0.5 0.5
vt 0.5 0.5
vt 0.5 0.5
vt 0.5 0.5
vt 0.5 0.5
vt 0.5 0.5
vt 0.5 0.5
vt 0.5 0.5
vt 0.5 0.5
vt 0.5 0.5
vt 0.5 0.5
vt 0.5 0.5
vt 0.5 0.5
vt 0.5 0.5
vt 0.5 0.5
vt 1 0.5
vt 0.9874639511108398 0.6112604737281799
vt 0.9504844546318054 0.7169418931007385
vt 0.8909157514572144 0.8117449283599854
vt 0.8117449283599854 0.8909157514572144
vt 0.7169418931007385 0.9504844546318054
vt 0.6112604737281799 0.9874639511108398
vt 0.5 1
vt 0.38873952627182007 0.9874639511108398
vt 0.28305813670158386 0.9504844546318054
vt 0.18825510144233704 0.8909157514572144
vt 0.10908425599336624 0.8117449283599854
vt 0.04951556771993637 0.7169418931007385
vt 0.012536044232547283 0.6112604737281799
vt 0 0.5
vt 0.012536044232547283 0.38873952627182007
vt 0.04951556771993637 0.28305813670158386
vt 0.10908425599336624 0.18825510144233704
vt 0.18825510144233704 0.10908425599336624
vt 0.28305813670158386 0.04951556771993637
vt 0.38873952627182007 0.012536044232547283
vt 0.5 0
vt 0.6112604737281799 0.012536044232547283
vt 0.7169418931007385 0.04951556771993637
vt 0.8117449283599854 0.10908425599336624
vt 0.8909157514572144 0.18825510144233704
vt 0.9504844546318054 0.28305813670158386
vt 0.9874639511108398 0.38873952627182007
vt 1 0.5
vt 0.5 0.5
vt 0.5 0.5
vt 0.5 0.5
vt 0.5 0.5
vt 0.5 0.5
vt 0.5 0.5
vt 0.5 0.5
vt 0.5 0.5
vt 0.5 0.5
vt 0.5 0.5
vt 0.5 0.5
vt 0.5 0.5
vt 0.5 0.5
vt 0.5 0.5
vt 0.5 0.5
vt 0.5 0.5
vt 0.5 0.5
vt 0.5 0.5
vt 0.5 0.5
vt 0.5 0.5
vt 0.5 0.5
vt 0.5 0.5
vt 0.5 0.5
vt 0.5 0.5
vt 0.5 0.5
vt 0.5 0.5
vt 0.5 0.5
vt 0.5 0.5
vt 1 0.5
vt 0.9874639511108398 0.38873952627182007
vt 0.9504844546318054 0.28305813670158386
vt 0.8909157514572144 0.18825510144233704
vt 0.8117449283599854 0.10908425599336624
vt 0.7169418931007385 0.04951556771993637
vt 0.6112604737281799 0.012536044232547283
vt 0.5 0
vt 0.38873952627182007 0.012536044232547283
vt 0.28305813670158386 0.04951556771993637
vt 0.18825510144233704 0.10908425599336624
vt 0.10908425599336624 0.18825510144233704
vt 0.04951556771993637 0.28305813670158386
vt 0.012536044232547283 0.38873952627182007
vt 0 0.5
vt 0.012536044232547283 0.6112604737281799
vt 0.04951556771993637 0.7169418931007385
vt 0.10908425599336624 0.8117449283599854
vt 0.18825510144233704 0.8909157514572144
vt 0.28305813670158386 0.9504844546318054
vt 0.38873952627182007 0.9874639511108398
vt 0.5 1
vt 0.6112604737281799 0.9874639511108398
vt 0.7169418931007385 0.9504844546318054
vt 0.8117449283599854 0.8909157514572144
vt 0.8909157514572144 0.8117449283599854
vt 0.9504844546318054 0.7169418931007385
vt 0.9874639511108398 0.6112604737281799
vt 1 0.5
vn 0 -1 2.220446049250313e-16
vn 0.22252093478534796 -0.9749279119926021 2.1647748304878302e-16
vn 0.4338837360855756 -0.9009688693625448 2.000552766473584e-16
vn 0.6234897889923936 -0.7818314927285933 1.73601464920868e-16
vn 0.7818314927285933 -0.6234897889923936 1.3844254387160717e-16
vn 0.9009688693625448 -0.4338837360855756 9.634154276251819e-17
vn 0.9749279119926021 -0.22252093478534796 4.9409573051961243e-17
vn 1 -6.123234262925839e-17 1.3596311327747833e-32
vn 0.9749279119926021 0.22252093478534796 -4.9409573051961243e-17
vn 0.9009688693625448 0.4338837360855756 -9.634154276251819e-17
vn 0.7818314927285933 0.6234897889923936 -1.3844254387160717e-16
vn 0.6234897889923936 0.7818314927285933 -1.73601464920868e-16
vn 0.4338837360855756 0.9009688693625448 -2.000552766473584e-16
vn 0.22252093478534796 0.9749279119926021 -2.1647748304878302e-16
vn 1.2246468525851679e-16 1 -2.220446049250313e-16
vn -0.22252093478534796 0.9749279119926021 -2.1647748304878302e-16
vn -0.4338837360855756 0.9009688693625448 -2.000552766473584e-16
vn -0.6234897889923936 0.7818314927285933 -1.73601464920868e-16
vn -0.7818314927285933 0.6234897889923936 -1.3844254387160717e-16
vn -0.9009688693625448 0.4338837360855756 -9.634154276251819e-17
vn -0.9749279119926021 0.22252093478534796 -4.9409573051961243e-17
vn -1 1.8369701465288538e-16 -4.078893104450762e-32
vn -0.9749279119926021 -0.22252093478534796 4.9409573051961243e-17
vn -0.9009688693625448 -0.4338837360855756 9.634154276251819e-17
vn -0.7818314927285933 -0.6234897889923936 1.3844254387160717e-16
vn -0.6234897889923936 -0.7818314927285933 1.73601464920868e-16
vn -0.4338837360855756 -0.9009688693625448 2.000552766473584e-16
vn -0.22252093478534796 -0.9749279119926021 2.1647748304878302e-16
vn -2.4492937051703357e-16 -1 2.220446049250313e-16
vn 0 -1 2.220446049250313e-16
vn 0.22252093478534796 -0.9749279119926021 2.1647748304878302e-16
vn 0.4338837360855756 -0.9009688693625448 2.000552766473584e-16
vn 0.6234897889923936 -0.7818314927285933 1.73601464920868e-16
vn 0.7818314927285933 -0.6234897889923936 1.3844254387160717e-16
vn 0.9009688693625448 -0.4338837360855756 9.634154276251819e-17
vn 0.9749279119926021 -0.22252093478534796 4.9409573051961243e-17
vn 1 -6.123234262925839e-17 1.3596311327747833e-32
vn 0.9749279119926021 0.22252093478534796 -4.9409573051961243e-17
vn 0.9009688693625448 0.4338837360855756 -9.634154276251819e-17
vn 0.7818314927285933 0.6234897889923936 -1.3844254387160717e-16
vn 0.6234897889923936 0.7818314927285933 -1.73601464920868e-16
vn 0.4338837360855756 0.9009688693625448 -2.000552766473584e-16
vn 0.22252093478534796 0.9749279119926021 -2.1647748304878302e-16
vn 1.2246468525851679e-16 1 -2.220446049250313e-16
vn -0.22252093478534796 0.9749279119926021 -2.1647748304878302e-16
vn -0.4338837360855756 0.9009688693625448 -2.000552766473584e-16
vn -0.6234897889923936 0.7818314927285933 -1.73601464920868e-16
vn -0.7818314927285933 0.6234897889923936 -1.3844254387160717e-16
vn -0.9009688693625448 0.4338837360855756 -9.634154276251819e-17
vn -0.9749279119926021 0.22252093478534796 -4.9409573051961243e-17
vn -1 1.8369701465288538e-16 -4.078893104450762e-32
vn -0.9749279119926021 -0.22252093478534796 4.9409573051961243e-17
vn -0.9009688693625448 -0.4338837360855756 9.634154276251819e-17
vn -0.7818314927285933 -0.6234897889923936 1.3844254387160717e-16
vn -0.6234897889923936 -0.7818314927285933 1.73601464920868e-16
vn -0.4338837360855756 -0.9009688693625448 2.000552766473584e-16
vn -0.22252093478534796 -0.9749279119926021 2.1647748304878302e-16
vn -2.4492937051703357e-16 -1 2.220446049250313e-16
vn 0 2.220446049250313e-16 1
vn 0 2.220446049250313e-16 1
vn 0 2.220446049250313e-16 1
vn 0 2.220446049250313e-16 1
vn 0 2.220446049250313e-16 1
vn 0 2.220446049250313e-16 1
vn 0 2.220446049250313e-16 1
vn 0 2.220446049250313e-16 1
vn 0 2.220446049250313e-16 1
vn 0 2.220446049250313e-16 1
vn 0 2.220446049250313e-16 1
vn 0 2.220446049250313e-16 1
vn 0 2.220446049250313e-16 1
vn 0 2.220446049250313e-16 1
vn 0 2.220446049250313e-16 1
vn 0 2.220446049250313e-16 1
vn 0 2.220446049250313e-16 1
vn 0 2.220446049250313e-16 1
vn 0 2.220446049250313e-16 1
vn 0 2.220446049250313e-16 1
vn 0 2.220446049250313e-16 1
vn 0 2.220446049250313e-16 1
vn 0 2.220446049250313e-16 1
vn 0 2.220446049250313e-16 1
vn 0 2.220446049250313e-16 1
vn 0 2.220446049250313e-16 1
vn 0 2.220446049250313e-16 1
vn 0 2.220446049250313e-16 1
vn 0 2.220446049250313e-16 1
vn 0 2.220446049250313e-16 1
vn 0 2.220446049250313e-16 1
vn 0 2.220446049250313e-16 1
vn 0 2.220446049250313e-16 1
vn 0 2.220446049250313e-16 1
vn 0 2.220446049250313e-16 1
vn 0 2.220446049250313e-16 1
vn 0 2.220446049250313e-16 1
vn 0 2.220446049250313e-16 1
vn 0 2.220446049250313e-16 1
vn 0 2.220446049250313e-16 1
vn 0 2.220446049250313e-16 1
vn 0 2.220446049250313e-16 1
vn 0 2.220446049250313e-16 1
vn 0 2.220446049250313e-16 1
vn 0 2.220446049250313e-16 1
vn 0 2.220446049250313e-16 1
vn 0 2.220446049250313e-16 1
vn 0 2.220446049250313e-16 1
vn 0 2.220446049250313e-16 1
vn 0 2.220446049250313e-16 1
vn 0 2.220446049250313e-16 1
vn 0 2.220446049250313e-16 1
vn 0 2.220446049250313e-16 1
vn 0 2.220446049250313e-16 1
vn 0 2.220446049250313e-16 1
vn 0 2.220446049250313e-16 1
vn 0 2.220446049250313e-16 1
vn 0 -2.220446049250313e-16 -1
vn 0 -2.220446049250313e-16 -1
vn 0 -2.220446049250313e-16 -1
vn 0 -2.220446049250313e-16 -1
vn 0 -2.220446049250313e-16 -1
vn 0 -2.220446049250313e-16 -1
vn 0 -2.220446049250313e-16 -1
vn 0 -2.220446049250313e-16 -1
vn 0 -2.220446049250313e-16 -1
vn 0 -2.220446049250313e-16 -1
vn 0 -2.220446049250313e-16 -1
vn 0 -2.220446049250313e-16 -1
vn 0 -2.220446049250313e-16 -1
vn 0 -2.220446049250313e-16 -1
vn 0 -2.220446049250313e-16 -1
vn 0 -2.220446049250313e-16 -1
vn 0 -2.220446049250313e-16 -1
vn 0 -2.220446049250313e-16 -1
vn 0 -2.220446049250313e-16 -1
vn 0 -2.220446049250313e-16 -1
vn 0 -2.220446049250313e-16 -1
vn 0 -2.220446049250313e-16 -1
vn 0 -2.220446049250313e-16 -1
vn 0 -2.220446049250313e-16 -1
vn 0 -2.220446049250313e-16 -1
vn 0 -2.220446049250313e-16 -1
vn 0 -2.220446049250313e-16 -1
vn 0 -2.220446049250313e-16 -1
vn 0 -2.220446049250313e-16 -1
vn 0 -2.220446049250313e-16 -1
vn 0 -2.220446049250313e-16 -1
vn 0 -2.220446049250313e-16 -1
vn 0 -2.220446049250313e-16 -1
vn 0 -2.220446049250313e-16 -1
vn 0 -2.220446049250313e-16 -1
vn 0 -2.220446049250313e-16 -1
vn 0 -2.220446049250313e-16 -1
vn 0 -2.220446049250313e-16 -1
vn 0 -2.220446049250313e-16 -1
vn 0 -2.220446049250313e-16 -1
vn 0 -2.220446049250313e-16 -1
vn 0 -2.220446049250313e-16 -1
vn 0 -2.220446049250313e-16 -1
vn 0 -2.220446049250313e-16 -1
vn 0 -2.220446049250313e-16 -1
vn 0 -2.220446049250313e-16 -1
vn 0 -2.220446049250313e-16 -1
vn 0 -2.220446049250313e-16 -1
vn 0 -2.220446049250313e-16 -1
vn 0 -2.220446049250313e-16 -1
vn 0 -2.220446049250313e-16 -1
vn 0 -2.220446049250313e-16 -1
vn 0 -2.220446049250313e-16 -1
vn 0 -2.220446049250313e-16 -1
vn 0 -2.220446049250313e-16 -1
vn 0 -2.220446049250313e-16 -1
vn 0 -2.220446049250313e-16 -1
f 4549/4549/4549 4578/4578/4578 4550/4550/4550
f 4578/4578/4578 4579/4579/4579 4550/4550/4550
f 4550/4550/4550 4579/4579/4579 4551/4551/4551
f 4579/4579/4579 4580/4580/4580 4551/4551/4551
f 4551/4551/4551 4580/4580/4580 4552/4552/4552
f 4580/4580/4580 4581/4581/4581 4552/4552/4552
f 4552/4552/4552 4581/4581/4581 4553/4553/4553
f 4581/4581/4581 4582/4582/4582 4553/4553/4553
f 4553/4553/4553 4582/4582/4582 4554/4554/4554
f 4582/4582/4582 4583/4583/4583 4554/4554/4554
f 4554/4554/4554 4583/4583/4583 4555/4555/4555
f 4583/4583/4583 4584/4584/4584 4555/4555/4555
f 4555/4555/4555 4584/4584/4584 4556/4556/4556
f 4584/4584/4584 4585/4585/4585 4556/4556/4556
f 4556/4556/4556 4585/4585/4585 4557/4557/4557
f 4585/4585/4585 4586/4586/4586 4557/4557/4557
f 4557/4557/4557 4586/4586/4586 4558/4558/4558
f 4586/4586/4586 4587/4587/4587 4558/4558/4558
f 4558/4558/4558 4587/4587/4587 4559/4559/4559
f 4587/4587/4587 4588/4588/4588 4559/4559/4559
f 4559/4559/4559 4588/4588/4588 4560/4560/4560
f 4588/4588/4588 4589/4589/4589 4560/4560/4560
f 4560/4560/4560 4589/4589/4589 4561/4561/4561
f 4589/4589/4589 4590/4590/4590 4561/4561/4561
f 4561/4561/4561 4590/4590/4590 4562/4562/4562
f 4590/4590/4590 4591/4591/4591 4562/4562/4562
f 4562/4562/4562 4591/4591/4591 4563/4563/4563
f 4591/4591/4591 4592/4592/4592 4563/4563/4563
f 4563/4563/4563 4592/4592/4592 4564/4564/4564
f 4592/4592/4592 4593/4593/4593 4564/4564/4564
f 4564/4564/4564 4593/4593/4593 4565/4565/4565
f 4593/4593/4593 4594/4594/4594 4565/4565/4565
f 4565/4565/4565 4594/4594/4594 4566/4566/4566
f 4594/4594/4594 4595/4595/4595 4566/4566/4566
f 4566/4566/4566 4595/4595/4595 4567/4567/4567
f 4595/4595/4595 4596/4596/4596 4567/4567/4567
f 4567/4567/4567 4596/4596/4596 4568/4568/4568
f 4596/4596/4596 4597/4597/4597 4568/4568/4568
f 4568/4568/4568 4597/4597/4597 4569/4569/4569
f 4597/4597/4597 4598/4598/4598 4569/4569/4569
f 4569/4569/4569 4598/4598/4598 4570/4570/4570
f 4598/4598/4598 4599/4599/4599 4570/4570/4570
f 4570/4570/4570 4599/4599/4599 4571/4571/4571
f 4599/4599/4599 4600/4600/4600 4571/4571/4571
f 4571/4571/4571 4600/4600/4600 4572/4572/4572
f 4600/4600/4600 4601/4601/4601 4572/4572/4572
f 4572/4572/4572 4601/4601/4601 4573/4573/4573
f 4601/4601/4601 4602/4602/4602 4573/4573/4573
f 4573/4573/4573 4602/4602/4602 4574/4574/4574
f 4602/4602/4602 4603/4603/4603 4574/4574/4574
f 4574/4574/4574 4603/4603/4603 4575/4575/4575
f 4603/4603/4603 4604/4604/4604 4575/4575/4575
f 4575/4575/4575 4604/4604/4604 4576/4576/4576
f 4604/4604/4604 4605/4605/4605 4576/4576/4576
f 4576/4576/4576 4605/4605/4605 4577/4577/4577
f 4605/4605/4605 4606/4606/4606 4577/4577/4577
f 4635/4635/4635 4636/4636/4636 4607/4607/4607
f 4636/4636/4636 4637/4637/4637 4608/4608/4608
f 4637/4637/4637 4638/4638/4638 4609/4609/4609
f 4638/4638/4638 4639/4639/4639 4610/4610/4610
f 4639/4639/4639 4640/4640/4640 4611/4611/4611
f 4640/4640/4640 4641/4641/4641 4612/4612/4612
f 4641/4641/4641 4642/4642/4642 4613/4613/4613
f 4642/4642/4642 4643/4643/4643 4614/4614/4614
f 4643/4643/4643 4644/4644/4644 4615/4615/4615
f 4644/4644/4644 4645/4645/4645 4616/4616/4616
f 4645/4645/4645 4646/4646/4646 4617/4617/4617
f 4646/4646/4646 4647/4647/4647 4618/4618/4618
f 4647/4647/4647 4648/4648/4648 4619/4619/4619
f 4648/4648/4648 4649/4649/4649 4620/4620/4620
f 4649/4649/4649 4650/4650/4650 4621/4621/4621
f 4650/4650/4650 4651/4651/4651 4622/4622/4622
f 4651/4651/4651 4652/4652/4652 4623/4623/4623
f 4652/4652/4652 4653/4653/4653 4624/4624/4624
f 4653/4653/4653 4654/4654/4654 4625/4625/4625
f 4654/4654/4654 4655/4655/4655 4626/4626/4626
f 4655/4655/4655 4656/4656/4656 4627/4627/4627
f 4656/4656/4656 4657/4657/4657 4628/4628/4628
f 4657/4657/4657 4658/4658/4658 4629/4629/4629
f 4658/4658/4658 4659/4659/4659 4630/4630/4630
f 4659/4659/4659 4660/4660/4660 4631/4631/4631
f 4660/4660/4660 4661/4661/4661 4632/4632/4632
f 4661/4661/4661 4662/4662/4662 4633/4633/4633
f 4662/4662/4662 4663/4663/4663 4634/4634/4634
f 4693/4693/4693 4692/4692/4692 4664/4664/4664
f 4694/4694/4694 4693/4693/4693 4665/4665/4665
f 4695/4695/4695 4694/4694/4694 4666/4666/4666
f 4696/4696/4696 4695/4695/4695 4667/4667/4667
f 4697/4697/4697 4696/4696/4696 4668/4668/4668
f 4698/4698/4698 4697/4697/4697 4669/4669/4669
f 4699/4699/4699 4698/4698/4698 4670/4670/4670
f 4700/4700/4700 4699/4699/4699 4671/4671/4671
f 4701/4701/4701 4700/4700/4700 4672/4672/4672
f 4702/4702/4702 4701/4701/4701 4673/4673/4673
f 4703/4703/4703 4702/4702/4702 4674/4674/4674
f 4704/4704/4704 4703/4703/4703 4675/4675/4675
f 4705/4705/4705 4704/4704/4704 4676/4676/4676
f 4706/4706/4706 4705/4705/4705 4677/4677/4677
f 4707/4707/4707 4706/4706/4706 4678/4678/4678
f 4708/4708/4708 4707/4707/4707 4679/4679/4679
f 4709/4709/4709 4708/4708/4708 4680/4680/4680
f 4710/4710/4710 4709/4709/4709 4681/4681/4681
f 4711/4711/4711 4710/4710/4710 4682/4682/4682
f 4712/4712/4712 4711/4711/4711 4683/4683/4683
f 4713/4713/4713 4712/4712/4712 4684/4684/4684
f 4714/4714/4714 4713/4713/4713 4685/4685/4685
f 4715/4715/4715 4714/4714/4714 4686/4686/4686
f 4716/4716/4716 4715/4715/4715 4687/4687/4687
f 4717/4717/4717 4716/4716/4716 4688/4688/4688
f 4718/4718/4718 4717/4717/4717 4689/4689/4689
f 4719/4719/4719 4718/4718/4718 4690/4690/4690
f 4720/4720/4720 4719/4719/4719 4691/4691/4691
o bike_front_rim
usemtl bike_chrome
v 0.6900000000000001 1.2599999982118608 0.05499999970197681
v 0.7425328889489174 1.268320389389992 0.05499999970197681
v 0.7899234914779664 1.292467110157013 0.054999999701976804
v 0.8275328898429871 1.3300765085220339 0.0549999997019768
v 0.8516796106100083 1.3774671110510828 0.05499999970197679
v 0.8600000017881394 1.4300000000000002 0.054999999701976776
v 0.8516796106100083 1.4825328889489175 0.05499999970197676
v 0.8275328898429871 1.5299234914779665 0.054999999701976755
v 0.7899234914779664 1.5675328898429872 0.05499999970197675
v 0.7425328889489174 1.5916796106100084 0.05499999970197674
v 0.6900000000000001 1.6000000017881395 0.05499999970197674
v 0.6374671110510827 1.5916796106100084 0.05499999970197674
v 0.5900765085220337 1.5675328898429872 0.05499999970197675
v 0.552467110157013 1.5299234914779665 0.054999999701976755
v 0.5283203893899918 1.4825328889489175 0.05499999970197676
v 0.5199999982118607 1.4300000000000002 0.054999999701976776
v 0.5283203893899918 1.3774671110510828 0.05499999970197679
v 0.552467110157013 1.3300765085220339 0.0549999997019768
v 0.5900765085220337 1.292467110157013 0.054999999701976804
v 0.6374671110510827 1.268320389389992 0.05499999970197681
v 0.6900000000000001 1.2599999982118608 0.05499999970197681
v 0.6900000000000001 1.2599999982118608 -0.05499999970197674
v 0.7425328889489174 1.268320389389992 -0.05499999970197674
v 0.7899234914779664 1.292467110157013 -0.05499999970197675
v 0.8275328898429871 1.3300765085220339 -0.054999999701976755
v 0.8516796106100083 1.3774671110510828 -0.05499999970197676
v 0.8600000017881394 1.4300000000000002 -0.054999999701976776
v 0.8516796106100083 1.4825328889489175 -0.05499999970197679
v 0.8275328898429871 1.5299234914779665 -0.0549999997019768
v 0.7899234914779664 1.5675328898429872 -0.054999999701976804
v 0.7425328889489174 1.5916796106100084 -0.05499999970197681
v 0.6900000000000001 1.6000000017881395 -0.05499999970197681
v 0.6374671110510827 1.5916796106100084 -0.05499999970197681
v 0.5900765085220337 1.5675328898429872 -0.054999999701976804
v 0.552467110157013 1.5299234914779665 -0.0549999997019768
v 0.5283203893899918 1.4825328889489175 -0.05499999970197679
v 0.5199999982118607 1.4300000000000002 -0.054999999701976776
v 0.5283203893899918 1.3774671110510828 -0.05499999970197676
v 0.552467110157013 1.3300765085220339 -0.054999999701976755
v 0.5900765085220337 1.292467110157013 -0.05499999970197675
v 0.6374671110510827 1.268320389389992 -0.05499999970197674
v 0.6900000000000001 1.2599999982118608 -0.05499999970197674
v 0.6900000000000001 1.4300000000000002 0.054999999701976776
v 0.6900000000000001 1.4300000000000002 0.054999999701976776
v 0.6900000000000001 1.4300000000000002 0.054999999701976776
v 0.6900000000000001 1.4300000000000002 0.054999999701976776
v 0.6900000000000001 1.4300000000000002 0.054999999701976776
v 0.6900000000000001 1.4300000000000002 0.054999999701976776
v 0.6900000000000001 1.4300000000000002 0.054999999701976776
v 0.6900000000000001 1.4300000000000002 0.054999999701976776
v 0.6900000000000001 1.4300000000000002 0.054999999701976776
v 0.6900000000000001 1.4300000000000002 0.054999999701976776
v 0.6900000000000001 1.4300000000000002 0.054999999701976776
v 0.6900000000000001 1.4300000000000002 0.054999999701976776
v 0.6900000000000001 1.4300000000000002 0.054999999701976776
v 0.6900000000000001 1.4300000000000002 0.054999999701976776
v 0.6900000000000001 1.4300000000000002 0.054999999701976776
v 0.6900000000000001 1.4300000000000002 0.054999999701976776
v 0.6900000000000001 1.4300000000000002 0.054999999701976776
v 0.6900000000000001 1.4300000000000002 0.054999999701976776
v 0.6900000000000001 1.4300000000000002 0.054999999701976776
v 0.6900000000000001 1.4300000000000002 0.054999999701976776
v 0.6900000000000001 1.2599999982118608 0.05499999970197681
v 0.7425328889489174 1.268320389389992 0.05499999970197681
v 0.7899234914779664 1.292467110157013 0.054999999701976804
v 0.8275328898429871 1.3300765085220339 0.0549999997019768
v 0.8516796106100083 1.3774671110510828 0.05499999970197679
v 0.8600000017881394 1.4300000000000002 0.054999999701976776
v 0.8516796106100083 1.4825328889489175 0.05499999970197676
v 0.8275328898429871 1.5299234914779665 0.054999999701976755
v 0.7899234914779664 1.5675328898429872 0.05499999970197675
v 0.7425328889489174 1.5916796106100084 0.05499999970197674
v 0.6900000000000001 1.6000000017881395 0.05499999970197674
v 0.6374671110510827 1.5916796106100084 0.05499999970197674
v 0.5900765085220337 1.5675328898429872 0.05499999970197675
v 0.552467110157013 1.5299234914779665 0.054999999701976755
v 0.5283203893899918 1.4825328889489175 0.05499999970197676
v 0.5199999982118607 1.4300000000000002 0.054999999701976776
v 0.5283203893899918 1.3774671110510828 0.05499999970197679
v 0.552467110157013 1.3300765085220339 0.0549999997019768
v 0.5900765085220337 1.292467110157013 0.054999999701976804
v 0.6374671110510827 1.268320389389992 0.05499999970197681
v 0.6900000000000001 1.2599999982118608 0.05499999970197681
v 0.6900000000000001 1.4300000000000002 -0.054999999701976776
v 0.6900000000000001 1.4300000000000002 -0.054999999701976776
v 0.6900000000000001 1.4300000000000002 -0.054999999701976776
v 0.6900000000000001 1.4300000000000002 -0.054999999701976776
v 0.6900000000000001 1.4300000000000002 -0.054999999701976776
v 0.6900000000000001 1.4300000000000002 -0.054999999701976776
v 0.6900000000000001 1.4300000000000002 -0.054999999701976776
v 0.6900000000000001 1.4300000000000002 -0.054999999701976776
v 0.6900000000000001 1.4300000000000002 -0.054999999701976776
v 0.6900000000000001 1.4300000000000002 -0.054999999701976776
v 0.6900000000000001 1.4300000000000002 -0.054999999701976776
v 0.6900000000000001 1.4300000000000002 -0.054999999701976776
v 0.6900000000000001 1.4300000000000002 -0.054999999701976776
v 0.6900000000000001 1.4300000000000002 -0.054999999701976776
v 0.6900000000000001 1.4300000000000002 -0.054999999701976776
v 0.6900000000000001 1.4300000000000002 -0.054999999701976776
v 0.6900000000000001 1.4300000000000002 -0.054999999701976776
v 0.6900000000000001 1.4300000000000002 -0.054999999701976776
v 0.6900000000000001 1.4300000000000002 -0.054999999701976776
v 0.6900000000000001 1.4300000000000002 -0.054999999701976776
v 0.6900000000000001 1.2599999982118608 -0.05499999970197674
v 0.7425328889489174 1.268320389389992 -0.05499999970197674
v 0.7899234914779664 1.292467110157013 -0.05499999970197675
v 0.8275328898429871 1.3300765085220339 -0.054999999701976755
v 0.8516796106100083 1.3774671110510828 -0.05499999970197676
v 0.8600000017881394 1.4300000000000002 -0.054999999701976776
v 0.8516796106100083 1.4825328889489175 -0.05499999970197679
v 0.8275328898429871 1.5299234914779665 -0.0549999997019768
v 0.7899234914779664 1.5675328898429872 -0.054999999701976804
v 0.7425328889489174 1.5916796106100084 -0.05499999970197681
v 0.6900000000000001 1.6000000017881395 -0.05499999970197681
v 0.6374671110510827 1.5916796106100084 -0.05499999970197681
v 0.5900765085220337 1.5675328898429872 -0.054999999701976804
v 0.552467110157013 1.5299234914779665 -0.0549999997019768
v 0.5283203893899918 1.4825328889489175 -0.05499999970197679
v 0.5199999982118607 1.4300000000000002 -0.054999999701976776
v 0.5283203893899918 1.3774671110510828 -0.05499999970197676
v 0.552467110157013 1.3300765085220339 -0.054999999701976755
v 0.5900765085220337 1.292467110157013 -0.05499999970197675
v 0.6374671110510827 1.268320389389992 -0.05499999970197674
v 0.6900000000000001 1.2599999982118608 -0.05499999970197674
vt 0 1
vt 0.05000000074505806 1
vt 0.10000000149011612 1
vt 0.15000000596046448 1
vt 0.20000000298023224 1
vt 0.25 1
vt 0.30000001192092896 1
vt 0.3499999940395355 1
vt 0.4000000059604645 1
vt 0.44999998807907104 1
vt 0.5 1
vt 0.550000011920929 1
vt 0.6000000238418579 1
vt 0.6499999761581421 1
vt 0.699999988079071 1
vt 0.75 1
vt 0.800000011920929 1
vt 0.8500000238418579 1
vt 0.8999999761581421 1
vt 0.949999988079071 1
vt 1 1
vt 0 0
vt 0.05000000074505806 0
vt 0.10000000149011612 0
vt 0.15000000596046448 0
vt 0.20000000298023224 0
vt 0.25 0
vt 0.30000001192092896 0
vt 0.3499999940395355 0
vt 0.4000000059604645 0
vt 0.44999998807907104 0
vt 0.5 0
vt 0.550000011920929 0
vt 0.6000000238418579 0
vt 0.6499999761581421 0
vt 0.699999988079071 0
vt 0.75 0
vt 0.800000011920929 0
vt 0.8500000238418579 0
vt 0.8999999761581421 0
vt 0.949999988079071 0
vt 1 0
vt 0.5 0.5
vt 0.5 0.5
vt 0.5 0.5
vt 0.5 0.5
vt 0.5 0.5
vt 0.5 0.5
vt 0.5 0.5
vt 0.5 0.5
vt 0.5 0.5
vt 0.5 0.5
vt 0.5 0.5
vt 0.5 0.5
vt 0.5 0.5
vt 0.5 0.5
vt 0.5 0.5
vt 0.5 0.5
vt 0.5 0.5
vt 0.5 0.5
vt 0.5 0.5
vt 0.5 0.5
vt 1 0.5
vt 0.9755282402038574 0.6545084714889526
vt 0.9045084714889526 0.7938926219940186
vt 0.7938926219940186 0.9045084714889526
vt 0.6545084714889526 0.9755282402038574
vt 0.5 1
vt 0.345491498708725 0.9755282402038574
vt 0.20610737800598145 0.9045084714889526
vt 0.09549150615930557 0.7938926219940186
vt 0.024471741169691086 0.6545084714889526
vt 0 0.5
vt 0.024471741169691086 0.345491498708725
vt 0.09549150615930557 0.20610737800598145
vt 0.20610737800598145 0.09549150615930557
vt 0.345491498708725 0.024471741169691086
vt 0.5 0
vt 0.6545084714889526 0.024471741169691086
vt 0.7938926219940186 0.09549150615930557
vt 0.9045084714889526 0.20610737800598145
vt 0.9755282402038574 0.345491498708725
vt 1 0.5
vt 0.5 0.5
vt 0.5 0.5
vt 0.5 0.5
vt 0.5 0.5
vt 0.5 0.5
vt 0.5 0.5
vt 0.5 0.5
vt 0.5 0.5
vt 0.5 0.5
vt 0.5 0.5
vt 0.5 0.5
vt 0.5 0.5
vt 0.5 0.5
vt 0.5 0.5
vt 0.5 0.5
vt 0.5 0.5
vt 0.5 0.5
vt 0.5 0.5
vt 0.5 0.5
vt 0.5 0.5
vt 1 0.5
vt 0.9755282402038574 0.345491498708725
vt 0.9045084714889526 0.20610737800598145
vt 0.7938926219940186 0.09549150615930557
vt 0.6545084714889526 0.024471741169691086
vt 0.5 0
vt 0.345491498708725 0.024471741169691086
vt 0.20610737800598145 0.09549150615930557
vt 0.09549150615930557 0.20610737800598145
vt 0.024471741169691086 0.345491498708725
vt 0 0.5
vt 0.024471741169691086 0.6545084714889526
vt 0.09549150615930557 0.7938926219940186
vt 0.20610737800598145 0.9045084714889526
vt 0.345491498708725 0.9755282402038574
vt 0.5 1
vt 0.6545084714889526 0.9755282402038574
vt 0.7938926219940186 0.9045084714889526
vt 0.9045084714889526 0.7938926219940186
vt 0.9755282402038574 0.6545084714889526
vt 1 0.5
vn 0 -1 2.220446049250313e-16
vn 0.3090169948284817 -0.9510565161477913 2.1117696838941298e-16
vn 0.5877852429542022 -0.8090170011595983 1.796378604001166e-16
vn 0.8090170011595983 -0.5877852429542022 1.3051454205252937e-16
vn 0.9510565161477913 -0.3090169948284817 6.861555653181067e-17
vn 1 -6.123234262925839e-17 1.3596311327747833e-32
vn 0.9510565161477913 0.3090169948284817 -6.861555653181067e-17
vn 0.8090170011595983 0.5877852429542022 -1.3051454205252937e-16
vn 0.5877852429542022 0.8090170011595983 -1.796378604001166e-16
vn 0.3090169948284817 0.9510565161477913 -2.1117696838941298e-16
vn 1.2246468525851679e-16 1 -2.220446049250313e-16
vn -0.3090169948284817 0.9510565161477913 -2.1117696838941298e-16
vn -0.5877852429542022 0.8090170011595983 -1.796378604001166e-16
vn -0.8090170011595983 0.5877852429542022 -1.3051454205252937e-16
vn -0.9510565161477913 0.3090169948284817 -6.861555653181067e-17
vn -1 1.8369701465288538e-16 -4.078893104450762e-32
vn -0.9510565161477913 -0.3090169948284817 6.861555653181067e-17
vn -0.8090170011595983 -0.5877852429542022 1.3051454205252937e-16
vn -0.5877852429542022 -0.8090170011595983 1.796378604001166e-16
vn -0.3090169948284817 -0.9510565161477913 2.1117696838941298e-16
vn -2.4492937051703357e-16 -1 2.220446049250313e-16
vn 0 -1 2.220446049250313e-16
vn 0.3090169948284817 -0.9510565161477913 2.1117696838941298e-16
vn 0.5877852429542022 -0.8090170011595983 1.796378604001166e-16
vn 0.8090170011595983 -0.5877852429542022 1.3051454205252937e-16
vn 0.9510565161477913 -0.3090169948284817 6.861555653181067e-17
vn 1 -6.123234262925839e-17 1.3596311327747833e-32
vn 0.9510565161477913 0.3090169948284817 -6.861555653181067e-17
vn 0.8090170011595983 0.5877852429542022 -1.3051454205252937e-16
vn 0.5877852429542022 0.8090170011595983 -1.796378604001166e-16
vn 0.3090169948284817 0.9510565161477913 -2.1117696838941298e-16
vn 1.2246468525851679e-16 1 -2.220446049250313e-16
vn -0.3090169948284817 0.9510565161477913 -2.1117696838941298e-16
vn -0.5877852429542022 0.8090170011595983 -1.796378604001166e-16
vn -0.8090170011595983 0.5877852429542022 -1.3051454205252937e-16
vn -0.9510565161477913 0.3090169948284817 -6.861555653181067e-17
vn -1 1.8369701465288538e-16 -4.078893104450762e-32
vn -0.9510565161477913 -0.3090169948284817 6.861555653181067e-17
vn -0.8090170011595983 -0.5877852429542022 1.3051454205252937e-16
vn -0.5877852429542022 -0.8090170011595983 1.796378604001166e-16
vn -0.3090169948284817 -0.9510565161477913 2.1117696838941298e-16
vn -2.4492937051703357e-16 -1 2.220446049250313e-16
vn 0 2.220446049250313e-16 1
vn 0 2.220446049250313e-16 1
vn 0 2.220446049250313e-16 1
vn 0 2.220446049250313e-16 1
vn 0 2.220446049250313e-16 1
vn 0 2.220446049250313e-16 1
vn 0 2.220446049250313e-16 1
vn 0 2.220446049250313e-16 1
vn 0 2.220446049250313e-16 1
vn 0 2.220446049250313e-16 1
vn 0 2.220446049250313e-16 1
vn 0 2.220446049250313e-16 1
vn 0 2.220446049250313e-16 1
vn 0 2.220446049250313e-16 1
vn 0 2.220446049250313e-16 1
vn 0 2.220446049250313e-16 1
vn 0 2.220446049250313e-16 1
vn 0 2.220446049250313e-16 1
vn 0 2.220446049250313e-16 1
vn 0 2.220446049250313e-16 1
vn 0 2.220446049250313e-16 1
vn 0 2.220446049250313e-16 1
vn 0 2.220446049250313e-16 1
vn 0 2.220446049250313e-16 1
vn 0 2.220446049250313e-16 1
vn 0 2.220446049250313e-16 1
vn 0 2.220446049250313e-16 1
vn 0 2.220446049250313e-16 1
vn 0 2.220446049250313e-16 1
vn 0 2.220446049250313e-16 1
vn 0 2.220446049250313e-16 1
vn 0 2.220446049250313e-16 1
vn 0 2.220446049250313e-16 1
vn 0 2.220446049250313e-16 1
vn 0 2.220446049250313e-16 1
vn 0 2.220446049250313e-16 1
vn 0 2.220446049250313e-16 1
vn 0 2.220446049250313e-16 1
vn 0 2.220446049250313e-16 1
vn 0 2.220446049250313e-16 1
vn 0 2.220446049250313e-16 1
vn 0 -2.220446049250313e-16 -1
vn 0 -2.220446049250313e-16 -1
vn 0 -2.220446049250313e-16 -1
vn 0 -2.220446049250313e-16 -1
vn 0 -2.220446049250313e-16 -1
vn 0 -2.220446049250313e-16 -1
vn 0 -2.220446049250313e-16 -1
vn 0 -2.220446049250313e-16 -1
vn 0 -2.220446049250313e-16 -1
vn 0 -2.220446049250313e-16 -1
vn 0 -2.220446049250313e-16 -1
vn 0 -2.220446049250313e-16 -1
vn 0 -2.220446049250313e-16 -1
vn 0 -2.220446049250313e-16 -1
vn 0 -2.220446049250313e-16 -1
vn 0 -2.220446049250313e-16 -1
vn 0 -2.220446049250313e-16 -1
vn 0 -2.220446049250313e-16 -1
vn 0 -2.220446049250313e-16 -1
vn 0 -2.220446049250313e-16 -1
vn 0 -2.220446049250313e-16 -1
vn 0 -2.220446049250313e-16 -1
vn 0 -2.220446049250313e-16 -1
vn 0 -2.220446049250313e-16 -1
vn 0 -2.220446049250313e-16 -1
vn 0 -2.220446049250313e-16 -1
vn 0 -2.220446049250313e-16 -1
vn 0 -2.220446049250313e-16 -1
vn 0 -2.220446049250313e-16 -1
vn 0 -2.220446049250313e-16 -1
vn 0 -2.220446049250313e-16 -1
vn 0 -2.220446049250313e-16 -1
vn 0 -2.220446049250313e-16 -1
vn 0 -2.220446049250313e-16 -1
vn 0 -2.220446049250313e-16 -1
vn 0 -2.220446049250313e-16 -1
vn 0 -2.220446049250313e-16 -1
vn 0 -2.220446049250313e-16 -1
vn 0 -2.220446049250313e-16 -1
vn 0 -2.220446049250313e-16 -1
vn 0 -2.220446049250313e-16 -1
f 4721/4721/4721 4742/4742/4742 4722/4722/4722
f 4742/4742/4742 4743/4743/4743 4722/4722/4722
f 4722/4722/4722 4743/4743/4743 4723/4723/4723
f 4743/4743/4743 4744/4744/4744 4723/4723/4723
f 4723/4723/4723 4744/4744/4744 4724/4724/4724
f 4744/4744/4744 4745/4745/4745 4724/4724/4724
f 4724/4724/4724 4745/4745/4745 4725/4725/4725
f 4745/4745/4745 4746/4746/4746 4725/4725/4725
f 4725/4725/4725 4746/4746/4746 4726/4726/4726
f 4746/4746/4746 4747/4747/4747 4726/4726/4726
f 4726/4726/4726 4747/4747/4747 4727/4727/4727
f 4747/4747/4747 4748/4748/4748 4727/4727/4727
f 4727/4727/4727 4748/4748/4748 4728/4728/4728
f 4748/4748/4748 4749/4749/4749 4728/4728/4728
f 4728/4728/4728 4749/4749/4749 4729/4729/4729
f 4749/4749/4749 4750/4750/4750 4729/4729/4729
f 4729/4729/4729 4750/4750/4750 4730/4730/4730
f 4750/4750/4750 4751/4751/4751 4730/4730/4730
f 4730/4730/4730 4751/4751/4751 4731/4731/4731
f 4751/4751/4751 4752/4752/4752 4731/4731/4731
f 4731/4731/4731 4752/4752/4752 4732/4732/4732
f 4752/4752/4752 4753/4753/4753 4732/4732/4732
f 4732/4732/4732 4753/4753/4753 4733/4733/4733
f 4753/4753/4753 4754/4754/4754 4733/4733/4733
f 4733/4733/4733 4754/4754/4754 4734/4734/4734
f 4754/4754/4754 4755/4755/4755 4734/4734/4734
f 4734/4734/4734 4755/4755/4755 4735/4735/4735
f 4755/4755/4755 4756/4756/4756 4735/4735/4735
f 4735/4735/4735 4756/4756/4756 4736/4736/4736
f 4756/4756/4756 4757/4757/4757 4736/4736/4736
f 4736/4736/4736 4757/4757/4757 4737/4737/4737
f 4757/4757/4757 4758/4758/4758 4737/4737/4737
f 4737/4737/4737 4758/4758/4758 4738/4738/4738
f 4758/4758/4758 4759/4759/4759 4738/4738/4738
f 4738/4738/4738 4759/4759/4759 4739/4739/4739
f 4759/4759/4759 4760/4760/4760 4739/4739/4739
f 4739/4739/4739 4760/4760/4760 4740/4740/4740
f 4760/4760/4760 4761/4761/4761 4740/4740/4740
f 4740/4740/4740 4761/4761/4761 4741/4741/4741
f 4761/4761/4761 4762/4762/4762 4741/4741/4741
f 4783/4783/4783 4784/4784/4784 4763/4763/4763
f 4784/4784/4784 4785/4785/4785 4764/4764/4764
f 4785/4785/4785 4786/4786/4786 4765/4765/4765
f 4786/4786/4786 4787/4787/4787 4766/4766/4766
f 4787/4787/4787 4788/4788/4788 4767/4767/4767
f 4788/4788/4788 4789/4789/4789 4768/4768/4768
f 4789/4789/4789 4790/4790/4790 4769/4769/4769
f 4790/4790/4790 4791/4791/4791 4770/4770/4770
f 4791/4791/4791 4792/4792/4792 4771/4771/4771
f 4792/4792/4792 4793/4793/4793 4772/4772/4772
f 4793/4793/4793 4794/4794/4794 4773/4773/4773
f 4794/4794/4794 4795/4795/4795 4774/4774/4774
f 4795/4795/4795 4796/4796/4796 4775/4775/4775
f 4796/4796/4796 4797/4797/4797 4776/4776/4776
f 4797/4797/4797 4798/4798/4798 4777/4777/4777
f 4798/4798/4798 4799/4799/4799 4778/4778/4778
f 4799/4799/4799 4800/4800/4800 4779/4779/4779
f 4800/4800/4800 4801/4801/4801 4780/4780/4780
f 4801/4801/4801 4802/4802/4802 4781/4781/4781
f 4802/4802/4802 4803/4803/4803 4782/4782/4782
f 4825/4825/4825 4824/4824/4824 4804/4804/4804
f 4826/4826/4826 4825/4825/4825 4805/4805/4805
f 4827/4827/4827 4826/4826/4826 4806/4806/4806
f 4828/4828/4828 4827/4827/4827 4807/4807/4807
f 4829/4829/4829 4828/4828/4828 4808/4808/4808
f 4830/4830/4830 4829/4829/4829 4809/4809/4809
f 4831/4831/4831 4830/4830/4830 4810/4810/4810
f 4832/4832/4832 4831/4831/4831 4811/4811/4811
f 4833/4833/4833 4832/4832/4832 4812/4812/4812
f 4834/4834/4834 4833/4833/4833 4813/4813/4813
f 4835/4835/4835 4834/4834/4834 4814/4814/4814
f 4836/4836/4836 4835/4835/4835 4815/4815/4815
f 4837/4837/4837 4836/4836/4836 4816/4816/4816
f 4838/4838/4838 4837/4837/4837 4817/4817/4817
f 4839/4839/4839 4838/4838/4838 4818/4818/4818
f 4840/4840/4840 4839/4839/4839 4819/4819/4819
f 4841/4841/4841 4840/4840/4840 4820/4820/4820
f 4842/4842/4842 4841/4841/4841 4821/4821/4821
f 4843/4843/4843 4842/4842/4842 4822/4822/4822
f 4844/4844/4844 4843/4843/4843 4823/4823/4823
o bike_rear_tire
usemtl bike_ink
v -0.67 1.1100000071525575 0.07500000298023231
v -0.598793303668499 1.1180230605602266 0.07500000298023231
v -0.5311572086811066 1.1416899490356447 0.07500000298023231
v -0.4704832565784455 1.1798139142990114 0.0750000029802323
v -0.41981391429901127 1.2304832565784456 0.07500000298023228
v -0.38168994903564457 1.2911572086811067 0.07500000298023227
v -0.3580230605602265 1.3587933036684992 0.07500000298023225
v -0.3500000071525574 1.4300000000000002 0.07500000298023224
v -0.3580230605602265 1.5012066963315012 0.07500000298023222
v -0.38168994903564457 1.5688427913188936 0.07500000298023221
v -0.41981391429901127 1.6295167434215547 0.0750000029802322
v -0.4704832565784455 1.680186085700989 0.07500000298023218
v -0.5311572086811066 1.7183100509643556 0.07500000298023217
v -0.598793303668499 1.7419769394397737 0.07500000298023217
v -0.67 1.7499999928474428 0.07500000298023217
v -0.741206696331501 1.7419769394397737 0.07500000298023217
v -0.8088427913188935 1.7183100509643556 0.07500000298023217
v -0.8695167434215546 1.680186085700989 0.07500000298023218
v -0.9201860857009888 1.6295167434215547 0.0750000029802322
v -0.9583100509643555 1.5688427913188936 0.07500000298023221
v -0.9819769394397736 1.5012066963315012 0.07500000298023222
v -0.9899999928474427 1.4300000000000002 0.07500000298023224
v -0.9819769394397736 1.3587933036684992 0.07500000298023225
v -0.9583100509643555 1.2911572086811067 0.07500000298023227
v -0.9201860857009888 1.2304832565784456 0.07500000298023228
v -0.8695167434215546 1.1798139142990114 0.0750000029802323
v -0.8088427913188935 1.1416899490356447 0.07500000298023231
v -0.741206696331501 1.1180230605602266 0.07500000298023231
v -0.6700000000000002 1.1100000071525575 0.07500000298023231
v -0.67 1.1100000071525575 -0.07500000298023217
v -0.598793303668499 1.1180230605602266 -0.07500000298023217
v -0.5311572086811066 1.1416899490356447 -0.07500000298023217
v -0.4704832565784455 1.1798139142990114 -0.07500000298023218
v -0.41981391429901127 1.2304832565784456 -0.0750000029802322
v -0.38168994903564457 1.2911572086811067 -0.07500000298023221
v -0.3580230605602265 1.3587933036684992 -0.07500000298023222
v -0.3500000071525574 1.4300000000000002 -0.07500000298023224
v -0.3580230605602265 1.5012066963315012 -0.07500000298023225
v -0.38168994903564457 1.5688427913188936 -0.07500000298023227
v -0.41981391429901127 1.6295167434215547 -0.07500000298023228
v -0.4704832565784455 1.680186085700989 -0.0750000029802323
v -0.5311572086811066 1.7183100509643556 -0.07500000298023231
v -0.598793303668499 1.7419769394397737 -0.07500000298023231
v -0.67 1.7499999928474428 -0.07500000298023231
v -0.741206696331501 1.7419769394397737 -0.07500000298023231
v -0.8088427913188935 1.7183100509643556 -0.07500000298023231
v -0.8695167434215546 1.680186085700989 -0.0750000029802323
v -0.9201860857009888 1.6295167434215547 -0.07500000298023228
v -0.9583100509643555 1.5688427913188936 -0.07500000298023227
v -0.9819769394397736 1.5012066963315012 -0.07500000298023225
v -0.9899999928474427 1.4300000000000002 -0.07500000298023224
v -0.9819769394397736 1.3587933036684992 -0.07500000298023222
v -0.9583100509643555 1.2911572086811067 -0.07500000298023221
v -0.9201860857009888 1.2304832565784456 -0.0750000029802322
v -0.8695167434215546 1.1798139142990114 -0.07500000298023218
v -0.8088427913188935 1.1416899490356447 -0.07500000298023217
v -0.741206696331501 1.1180230605602266 -0.07500000298023217
v -0.6700000000000002 1.1100000071525575 -0.07500000298023217
v -0.67 1.4300000000000002 0.07500000298023224
v -0.67 1.4300000000000002 0.07500000298023224
v -0.67 1.4300000000000002 0.07500000298023224
v -0.67 1.4300000000000002 0.07500000298023224
v -0.67 1.4300000000000002 0.07500000298023224
v -0.67 1.4300000000000002 0.07500000298023224
v -0.67 1.4300000000000002 0.07500000298023224
v -0.67 1.4300000000000002 0.07500000298023224
v -0.67 1.4300000000000002 0.07500000298023224
v -0.67 1.4300000000000002 0.07500000298023224
v -0.67 1.4300000000000002 0.07500000298023224
v -0.67 1.4300000000000002 0.07500000298023224
v -0.67 1.4300000000000002 0.07500000298023224
v -0.67 1.4300000000000002 0.07500000298023224
v -0.67 1.4300000000000002 0.07500000298023224
v -0.67 1.4300000000000002 0.07500000298023224
v -0.67 1.4300000000000002 0.07500000298023224
v -0.67 1.4300000000000002 0.07500000298023224
v -0.67 1.4300000000000002 0.07500000298023224
v -0.67 1.4300000000000002 0.07500000298023224
v -0.67 1.4300000000000002 0.07500000298023224
v -0.67 1.4300000000000002 0.07500000298023224
v -0.67 1.4300000000000002 0.07500000298023224
v -0.67 1.4300000000000002 0.07500000298023224
v -0.67 1.4300000000000002 0.07500000298023224
v -0.67 1.4300000000000002 0.07500000298023224
v -0.67 1.4300000000000002 0.07500000298023224
v -0.67 1.4300000000000002 0.07500000298023224
v -0.67 1.1100000071525575 0.07500000298023231
v -0.598793303668499 1.1180230605602266 0.07500000298023231
v -0.5311572086811066 1.1416899490356447 0.07500000298023231
v -0.4704832565784455 1.1798139142990114 0.0750000029802323
v -0.41981391429901127 1.2304832565784456 0.07500000298023228
v -0.38168994903564457 1.2911572086811067 0.07500000298023227
v -0.3580230605602265 1.3587933036684992 0.07500000298023225
v -0.3500000071525574 1.4300000000000002 0.07500000298023224
v -0.3580230605602265 1.5012066963315012 0.07500000298023222
v -0.38168994903564457 1.5688427913188936 0.07500000298023221
v -0.41981391429901127 1.6295167434215547 0.0750000029802322
v -0.4704832565784455 1.680186085700989 0.07500000298023218
v -0.5311572086811066 1.7183100509643556 0.07500000298023217
v -0.598793303668499 1.7419769394397737 0.07500000298023217
v -0.67 1.7499999928474428 0.07500000298023217
v -0.741206696331501 1.7419769394397737 0.07500000298023217
v -0.8088427913188935 1.7183100509643556 0.07500000298023217
v -0.8695167434215546 1.680186085700989 0.07500000298023218
v -0.9201860857009888 1.6295167434215547 0.0750000029802322
v -0.9583100509643555 1.5688427913188936 0.07500000298023221
v -0.9819769394397736 1.5012066963315012 0.07500000298023222
v -0.9899999928474427 1.4300000000000002 0.07500000298023224
v -0.9819769394397736 1.3587933036684992 0.07500000298023225
v -0.9583100509643555 1.2911572086811067 0.07500000298023227
v -0.9201860857009888 1.2304832565784456 0.07500000298023228
v -0.8695167434215546 1.1798139142990114 0.0750000029802323
v -0.8088427913188935 1.1416899490356447 0.07500000298023231
v -0.741206696331501 1.1180230605602266 0.07500000298023231
v -0.6700000000000002 1.1100000071525575 0.07500000298023231
v -0.67 1.4300000000000002 -0.07500000298023224
v -0.67 1.4300000000000002 -0.07500000298023224
v -0.67 1.4300000000000002 -0.07500000298023224
v -0.67 1.4300000000000002 -0.07500000298023224
v -0.67 1.4300000000000002 -0.07500000298023224
v -0.67 1.4300000000000002 -0.07500000298023224
v -0.67 1.4300000000000002 -0.07500000298023224
v -0.67 1.4300000000000002 -0.07500000298023224
v -0.67 1.4300000000000002 -0.07500000298023224
v -0.67 1.4300000000000002 -0.07500000298023224
v -0.67 1.4300000000000002 -0.07500000298023224
v -0.67 1.4300000000000002 -0.07500000298023224
v -0.67 1.4300000000000002 -0.07500000298023224
v -0.67 1.4300000000000002 -0.07500000298023224
v -0.67 1.4300000000000002 -0.07500000298023224
v -0.67 1.4300000000000002 -0.07500000298023224
v -0.67 1.4300000000000002 -0.07500000298023224
v -0.67 1.4300000000000002 -0.07500000298023224
v -0.67 1.4300000000000002 -0.07500000298023224
v -0.67 1.4300000000000002 -0.07500000298023224
v -0.67 1.4300000000000002 -0.07500000298023224
v -0.67 1.4300000000000002 -0.07500000298023224
v -0.67 1.4300000000000002 -0.07500000298023224
v -0.67 1.4300000000000002 -0.07500000298023224
v -0.67 1.4300000000000002 -0.07500000298023224
v -0.67 1.4300000000000002 -0.07500000298023224
v -0.67 1.4300000000000002 -0.07500000298023224
v -0.67 1.4300000000000002 -0.07500000298023224
v -0.67 1.1100000071525575 -0.07500000298023217
v -0.598793303668499 1.1180230605602266 -0.07500000298023217
v -0.5311572086811066 1.1416899490356447 -0.07500000298023217
v -0.4704832565784455 1.1798139142990114 -0.07500000298023218
v -0.41981391429901127 1.2304832565784456 -0.0750000029802322
v -0.38168994903564457 1.2911572086811067 -0.07500000298023221
v -0.3580230605602265 1.3587933036684992 -0.07500000298023222
v -0.3500000071525574 1.4300000000000002 -0.07500000298023224
v -0.3580230605602265 1.5012066963315012 -0.07500000298023225
v -0.38168994903564457 1.5688427913188936 -0.07500000298023227
v -0.41981391429901127 1.6295167434215547 -0.07500000298023228
v -0.4704832565784455 1.680186085700989 -0.0750000029802323
v -0.5311572086811066 1.7183100509643556 -0.07500000298023231
v -0.598793303668499 1.7419769394397737 -0.07500000298023231
v -0.67 1.7499999928474428 -0.07500000298023231
v -0.741206696331501 1.7419769394397737 -0.07500000298023231
v -0.8088427913188935 1.7183100509643556 -0.07500000298023231
v -0.8695167434215546 1.680186085700989 -0.0750000029802323
v -0.9201860857009888 1.6295167434215547 -0.07500000298023228
v -0.9583100509643555 1.5688427913188936 -0.07500000298023227
v -0.9819769394397736 1.5012066963315012 -0.07500000298023225
v -0.9899999928474427 1.4300000000000002 -0.07500000298023224
v -0.9819769394397736 1.3587933036684992 -0.07500000298023222
v -0.9583100509643555 1.2911572086811067 -0.07500000298023221
v -0.9201860857009888 1.2304832565784456 -0.0750000029802322
v -0.8695167434215546 1.1798139142990114 -0.07500000298023218
v -0.8088427913188935 1.1416899490356447 -0.07500000298023217
v -0.741206696331501 1.1180230605602266 -0.07500000298023217
v -0.6700000000000002 1.1100000071525575 -0.07500000298023217
vt 0 1
vt 0.0357142873108387 1
vt 0.0714285746216774 1
vt 0.1071428582072258 1
vt 0.1428571492433548 1
vt 0.1785714328289032 1
vt 0.2142857164144516 1
vt 0.25 1
vt 0.2857142984867096 1
vt 0.3214285671710968 1
vt 0.3571428656578064 1
vt 0.3928571343421936 1
vt 0.4285714328289032 1
vt 0.4642857015132904 1
vt 0.5 1
vt 0.5357142686843872 1
vt 0.5714285969734192 1
vt 0.6071428656578064 1
vt 0.6428571343421936 1
vt 0.6785714030265808 1
vt 0.7142857313156128 1
vt 0.75 1
vt 0.7857142686843872 1
vt 0.8214285969734192 1
vt 0.8571428656578064 1
vt 0.8928571343421936 1
vt 0.9285714030265808 1
vt 0.9642857313156128 1
vt 1 1
vt 0 0
vt 0.0357142873108387 0
vt 0.0714285746216774 0
vt 0.1071428582072258 0
vt 0.1428571492433548 0
vt 0.1785714328289032 0
vt 0.2142857164144516 0
vt 0.25 0
vt 0.2857142984867096 0
vt 0.3214285671710968 0
vt 0.3571428656578064 0
vt 0.3928571343421936 0
vt 0.4285714328289032 0
vt 0.4642857015132904 0
vt 0.5 0
vt 0.5357142686843872 0
vt 0.5714285969734192 0
vt 0.6071428656578064 0
vt 0.6428571343421936 0
vt 0.6785714030265808 0
vt 0.7142857313156128 0
vt 0.75 0
vt 0.7857142686843872 0
vt 0.8214285969734192 0
vt 0.8571428656578064 0
vt 0.8928571343421936 0
vt 0.9285714030265808 0
vt 0.9642857313156128 0
vt 1 0
vt 0.5 0.5
vt 0.5 0.5
vt 0.5 0.5
vt 0.5 0.5
vt 0.5 0.5
vt 0.5 0.5
vt 0.5 0.5
vt 0.5 0.5
vt 0.5 0.5
vt 0.5 0.5
vt 0.5 0.5
vt 0.5 0.5
vt 0.5 0.5
vt 0.5 0.5
vt 0.5 0.5
vt 0.5 0.5
vt 0.5 0.5
vt 0.5 0.5
vt 0.5 0.5
vt 0.5 0.5
vt 0.5 0.5
vt 0.5 0.5
vt 0.5 0.5
vt 0.5 0.5
vt 0.5 0.5
vt 0.5 0.5
vt 0.5 0.5
vt 0.5 0.5
vt 1 0.5
vt 0.9874639511108398 0.6112604737281799
vt 0.9504844546318054 0.7169418931007385
vt 0.8909157514572144 0.8117449283599854
vt 0.8117449283599854 0.8909157514572144
vt 0.7169418931007385 0.9504844546318054
vt 0.6112604737281799 0.9874639511108398
vt 0.5 1
vt 0.38873952627182007 0.9874639511108398
vt 0.28305813670158386 0.9504844546318054
vt 0.18825510144233704 0.8909157514572144
vt 0.10908425599336624 0.8117449283599854
vt 0.04951556771993637 0.7169418931007385
vt 0.012536044232547283 0.6112604737281799
vt 0 0.5
vt 0.012536044232547283 0.38873952627182007
vt 0.04951556771993637 0.28305813670158386
vt 0.10908425599336624 0.18825510144233704
vt 0.18825510144233704 0.10908425599336624
vt 0.28305813670158386 0.04951556771993637
vt 0.38873952627182007 0.012536044232547283
vt 0.5 0
vt 0.6112604737281799 0.012536044232547283
vt 0.7169418931007385 0.04951556771993637
vt 0.8117449283599854 0.10908425599336624
vt 0.8909157514572144 0.18825510144233704
vt 0.9504844546318054 0.28305813670158386
vt 0.9874639511108398 0.38873952627182007
vt 1 0.5
vt 0.5 0.5
vt 0.5 0.5
vt 0.5 0.5
vt 0.5 0.5
vt 0.5 0.5
vt 0.5 0.5
vt 0.5 0.5
vt 0.5 0.5
vt 0.5 0.5
vt 0.5 0.5
vt 0.5 0.5
vt 0.5 0.5
vt 0.5 0.5
vt 0.5 0.5
vt 0.5 0.5
vt 0.5 0.5
vt 0.5 0.5
vt 0.5 0.5
vt 0.5 0.5
vt 0.5 0.5
vt 0.5 0.5
vt 0.5 0.5
vt 0.5 0.5
vt 0.5 0.5
vt 0.5 0.5
vt 0.5 0.5
vt 0.5 0.5
vt 0.5 0.5
vt 1 0.5
vt 0.9874639511108398 0.38873952627182007
vt 0.9504844546318054 0.28305813670158386
vt 0.8909157514572144 0.18825510144233704
vt 0.8117449283599854 0.10908425599336624
vt 0.7169418931007385 0.04951556771993637
vt 0.6112604737281799 0.012536044232547283
vt 0.5 0
vt 0.38873952627182007 0.012536044232547283
vt 0.28305813670158386 0.04951556771993637
vt 0.18825510144233704 0.10908425599336624
vt 0.10908425599336624 0.18825510144233704
vt 0.04951556771993637 0.28305813670158386
vt 0.012536044232547283 0.38873952627182007
vt 0 0.5
vt 0.012536044232547283 0.6112604737281799
vt 0.04951556771993637 0.7169418931007385
vt 0.10908425599336624 0.8117449283599854
vt 0.18825510144233704 0.8909157514572144
vt 0.28305813670158386 0.9504844546318054
vt 0.38873952627182007 0.9874639511108398
vt 0.5 1
vt 0.6112604737281799 0.9874639511108398
vt 0.7169418931007385 0.9504844546318054
vt 0.8117449283599854 0.8909157514572144
vt 0.8909157514572144 0.8117449283599854
vt 0.9504844546318054 0.7169418931007385
vt 0.9874639511108398 0.6112604737281799
vt 1 0.5
vn 0 -1 2.220446049250313e-16
vn 0.22252093478534796 -0.9749279119926021 2.1647748304878302e-16
vn 0.4338837360855756 -0.9009688693625448 2.000552766473584e-16
vn 0.6234897889923936 -0.7818314927285933 1.73601464920868e-16
vn 0.7818314927285933 -0.6234897889923936 1.3844254387160717e-16
vn 0.9009688693625448 -0.4338837360855756 9.634154276251819e-17
vn 0.9749279119926021 -0.22252093478534796 4.9409573051961243e-17
vn 1 -6.123234262925839e-17 1.3596311327747833e-32
vn 0.9749279119926021 0.22252093478534796 -4.9409573051961243e-17
vn 0.9009688693625448 0.4338837360855756 -9.634154276251819e-17
vn 0.7818314927285933 0.6234897889923936 -1.3844254387160717e-16
vn 0.6234897889923936 0.7818314927285933 -1.73601464920868e-16
vn 0.4338837360855756 0.9009688693625448 -2.000552766473584e-16
vn 0.22252093478534796 0.9749279119926021 -2.1647748304878302e-16
vn 1.2246468525851679e-16 1 -2.220446049250313e-16
vn -0.22252093478534796 0.9749279119926021 -2.1647748304878302e-16
vn -0.4338837360855756 0.9009688693625448 -2.000552766473584e-16
vn -0.6234897889923936 0.7818314927285933 -1.73601464920868e-16
vn -0.7818314927285933 0.6234897889923936 -1.3844254387160717e-16
vn -0.9009688693625448 0.4338837360855756 -9.634154276251819e-17
vn -0.9749279119926021 0.22252093478534796 -4.9409573051961243e-17
vn -1 1.8369701465288538e-16 -4.078893104450762e-32
vn -0.9749279119926021 -0.22252093478534796 4.9409573051961243e-17
vn -0.9009688693625448 -0.4338837360855756 9.634154276251819e-17
vn -0.7818314927285933 -0.6234897889923936 1.3844254387160717e-16
vn -0.6234897889923936 -0.7818314927285933 1.73601464920868e-16
vn -0.4338837360855756 -0.9009688693625448 2.000552766473584e-16
vn -0.22252093478534796 -0.9749279119926021 2.1647748304878302e-16
vn -2.4492937051703357e-16 -1 2.220446049250313e-16
vn 0 -1 2.220446049250313e-16
vn 0.22252093478534796 -0.9749279119926021 2.1647748304878302e-16
vn 0.4338837360855756 -0.9009688693625448 2.000552766473584e-16
vn 0.6234897889923936 -0.7818314927285933 1.73601464920868e-16
vn 0.7818314927285933 -0.6234897889923936 1.3844254387160717e-16
vn 0.9009688693625448 -0.4338837360855756 9.634154276251819e-17
vn 0.9749279119926021 -0.22252093478534796 4.9409573051961243e-17
vn 1 -6.123234262925839e-17 1.3596311327747833e-32
vn 0.9749279119926021 0.22252093478534796 -4.9409573051961243e-17
vn 0.9009688693625448 0.4338837360855756 -9.634154276251819e-17
vn 0.7818314927285933 0.6234897889923936 -1.3844254387160717e-16
vn 0.6234897889923936 0.7818314927285933 -1.73601464920868e-16
vn 0.4338837360855756 0.9009688693625448 -2.000552766473584e-16
vn 0.22252093478534796 0.9749279119926021 -2.1647748304878302e-16
vn 1.2246468525851679e-16 1 -2.220446049250313e-16
vn -0.22252093478534796 0.9749279119926021 -2.1647748304878302e-16
vn -0.4338837360855756 0.9009688693625448 -2.000552766473584e-16
vn -0.6234897889923936 0.7818314927285933 -1.73601464920868e-16
vn -0.7818314927285933 0.6234897889923936 -1.3844254387160717e-16
vn -0.9009688693625448 0.4338837360855756 -9.634154276251819e-17
vn -0.9749279119926021 0.22252093478534796 -4.9409573051961243e-17
vn -1 1.8369701465288538e-16 -4.078893104450762e-32
vn -0.9749279119926021 -0.22252093478534796 4.9409573051961243e-17
vn -0.9009688693625448 -0.4338837360855756 9.634154276251819e-17
vn -0.7818314927285933 -0.6234897889923936 1.3844254387160717e-16
vn -0.6234897889923936 -0.7818314927285933 1.73601464920868e-16
vn -0.4338837360855756 -0.9009688693625448 2.000552766473584e-16
vn -0.22252093478534796 -0.9749279119926021 2.1647748304878302e-16
vn -2.4492937051703357e-16 -1 2.220446049250313e-16
vn 0 2.220446049250313e-16 1
vn 0 2.220446049250313e-16 1
vn 0 2.220446049250313e-16 1
vn 0 2.220446049250313e-16 1
vn 0 2.220446049250313e-16 1
vn 0 2.220446049250313e-16 1
vn 0 2.220446049250313e-16 1
vn 0 2.220446049250313e-16 1
vn 0 2.220446049250313e-16 1
vn 0 2.220446049250313e-16 1
vn 0 2.220446049250313e-16 1
vn 0 2.220446049250313e-16 1
vn 0 2.220446049250313e-16 1
vn 0 2.220446049250313e-16 1
vn 0 2.220446049250313e-16 1
vn 0 2.220446049250313e-16 1
vn 0 2.220446049250313e-16 1
vn 0 2.220446049250313e-16 1
vn 0 2.220446049250313e-16 1
vn 0 2.220446049250313e-16 1
vn 0 2.220446049250313e-16 1
vn 0 2.220446049250313e-16 1
vn 0 2.220446049250313e-16 1
vn 0 2.220446049250313e-16 1
vn 0 2.220446049250313e-16 1
vn 0 2.220446049250313e-16 1
vn 0 2.220446049250313e-16 1
vn 0 2.220446049250313e-16 1
vn 0 2.220446049250313e-16 1
vn 0 2.220446049250313e-16 1
vn 0 2.220446049250313e-16 1
vn 0 2.220446049250313e-16 1
vn 0 2.220446049250313e-16 1
vn 0 2.220446049250313e-16 1
vn 0 2.220446049250313e-16 1
vn 0 2.220446049250313e-16 1
vn 0 2.220446049250313e-16 1
vn 0 2.220446049250313e-16 1
vn 0 2.220446049250313e-16 1
vn 0 2.220446049250313e-16 1
vn 0 2.220446049250313e-16 1
vn 0 2.220446049250313e-16 1
vn 0 2.220446049250313e-16 1
vn 0 2.220446049250313e-16 1
vn 0 2.220446049250313e-16 1
vn 0 2.220446049250313e-16 1
vn 0 2.220446049250313e-16 1
vn 0 2.220446049250313e-16 1
vn 0 2.220446049250313e-16 1
vn 0 2.220446049250313e-16 1
vn 0 2.220446049250313e-16 1
vn 0 2.220446049250313e-16 1
vn 0 2.220446049250313e-16 1
vn 0 2.220446049250313e-16 1
vn 0 2.220446049250313e-16 1
vn 0 2.220446049250313e-16 1
vn 0 2.220446049250313e-16 1
vn 0 -2.220446049250313e-16 -1
vn 0 -2.220446049250313e-16 -1
vn 0 -2.220446049250313e-16 -1
vn 0 -2.220446049250313e-16 -1
vn 0 -2.220446049250313e-16 -1
vn 0 -2.220446049250313e-16 -1
vn 0 -2.220446049250313e-16 -1
vn 0 -2.220446049250313e-16 -1
vn 0 -2.220446049250313e-16 -1
vn 0 -2.220446049250313e-16 -1
vn 0 -2.220446049250313e-16 -1
vn 0 -2.220446049250313e-16 -1
vn 0 -2.220446049250313e-16 -1
vn 0 -2.220446049250313e-16 -1
vn 0 -2.220446049250313e-16 -1
vn 0 -2.220446049250313e-16 -1
vn 0 -2.220446049250313e-16 -1
vn 0 -2.220446049250313e-16 -1
vn 0 -2.220446049250313e-16 -1
vn 0 -2.220446049250313e-16 -1
vn 0 -2.220446049250313e-16 -1
vn 0 -2.220446049250313e-16 -1
vn 0 -2.220446049250313e-16 -1
vn 0 -2.220446049250313e-16 -1
vn 0 -2.220446049250313e-16 -1
vn 0 -2.220446049250313e-16 -1
vn 0 -2.220446049250313e-16 -1
vn 0 -2.220446049250313e-16 -1
vn 0 -2.220446049250313e-16 -1
vn 0 -2.220446049250313e-16 -1
vn 0 -2.220446049250313e-16 -1
vn 0 -2.220446049250313e-16 -1
vn 0 -2.220446049250313e-16 -1
vn 0 -2.220446049250313e-16 -1
vn 0 -2.220446049250313e-16 -1
vn 0 -2.220446049250313e-16 -1
vn 0 -2.220446049250313e-16 -1
vn 0 -2.220446049250313e-16 -1
vn 0 -2.220446049250313e-16 -1
vn 0 -2.220446049250313e-16 -1
vn 0 -2.220446049250313e-16 -1
vn 0 -2.220446049250313e-16 -1
vn 0 -2.220446049250313e-16 -1
vn 0 -2.220446049250313e-16 -1
vn 0 -2.220446049250313e-16 -1
vn 0 -2.220446049250313e-16 -1
vn 0 -2.220446049250313e-16 -1
vn 0 -2.220446049250313e-16 -1
vn 0 -2.220446049250313e-16 -1
vn 0 -2.220446049250313e-16 -1
vn 0 -2.220446049250313e-16 -1
vn 0 -2.220446049250313e-16 -1
vn 0 -2.220446049250313e-16 -1
vn 0 -2.220446049250313e-16 -1
vn 0 -2.220446049250313e-16 -1
vn 0 -2.220446049250313e-16 -1
vn 0 -2.220446049250313e-16 -1
f 4845/4845/4845 4874/4874/4874 4846/4846/4846
f 4874/4874/4874 4875/4875/4875 4846/4846/4846
f 4846/4846/4846 4875/4875/4875 4847/4847/4847
f 4875/4875/4875 4876/4876/4876 4847/4847/4847
f 4847/4847/4847 4876/4876/4876 4848/4848/4848
f 4876/4876/4876 4877/4877/4877 4848/4848/4848
f 4848/4848/4848 4877/4877/4877 4849/4849/4849
f 4877/4877/4877 4878/4878/4878 4849/4849/4849
f 4849/4849/4849 4878/4878/4878 4850/4850/4850
f 4878/4878/4878 4879/4879/4879 4850/4850/4850
f 4850/4850/4850 4879/4879/4879 4851/4851/4851
f 4879/4879/4879 4880/4880/4880 4851/4851/4851
f 4851/4851/4851 4880/4880/4880 4852/4852/4852
f 4880/4880/4880 4881/4881/4881 4852/4852/4852
f 4852/4852/4852 4881/4881/4881 4853/4853/4853
f 4881/4881/4881 4882/4882/4882 4853/4853/4853
f 4853/4853/4853 4882/4882/4882 4854/4854/4854
f 4882/4882/4882 4883/4883/4883 4854/4854/4854
f 4854/4854/4854 4883/4883/4883 4855/4855/4855
f 4883/4883/4883 4884/4884/4884 4855/4855/4855
f 4855/4855/4855 4884/4884/4884 4856/4856/4856
f 4884/4884/4884 4885/4885/4885 4856/4856/4856
f 4856/4856/4856 4885/4885/4885 4857/4857/4857
f 4885/4885/4885 4886/4886/4886 4857/4857/4857
f 4857/4857/4857 4886/4886/4886 4858/4858/4858
f 4886/4886/4886 4887/4887/4887 4858/4858/4858
f 4858/4858/4858 4887/4887/4887 4859/4859/4859
f 4887/4887/4887 4888/4888/4888 4859/4859/4859
f 4859/4859/4859 4888/4888/4888 4860/4860/4860
f 4888/4888/4888 4889/4889/4889 4860/4860/4860
f 4860/4860/4860 4889/4889/4889 4861/4861/4861
f 4889/4889/4889 4890/4890/4890 4861/4861/4861
f 4861/4861/4861 4890/4890/4890 4862/4862/4862
f 4890/4890/4890 4891/4891/4891 4862/4862/4862
f 4862/4862/4862 4891/4891/4891 4863/4863/4863
f 4891/4891/4891 4892/4892/4892 4863/4863/4863
f 4863/4863/4863 4892/4892/4892 4864/4864/4864
f 4892/4892/4892 4893/4893/4893 4864/4864/4864
f 4864/4864/4864 4893/4893/4893 4865/4865/4865
f 4893/4893/4893 4894/4894/4894 4865/4865/4865
f 4865/4865/4865 4894/4894/4894 4866/4866/4866
f 4894/4894/4894 4895/4895/4895 4866/4866/4866
f 4866/4866/4866 4895/4895/4895 4867/4867/4867
f 4895/4895/4895 4896/4896/4896 4867/4867/4867
f 4867/4867/4867 4896/4896/4896 4868/4868/4868
f 4896/4896/4896 4897/4897/4897 4868/4868/4868
f 4868/4868/4868 4897/4897/4897 4869/4869/4869
f 4897/4897/4897 4898/4898/4898 4869/4869/4869
f 4869/4869/4869 4898/4898/4898 4870/4870/4870
f 4898/4898/4898 4899/4899/4899 4870/4870/4870
f 4870/4870/4870 4899/4899/4899 4871/4871/4871
f 4899/4899/4899 4900/4900/4900 4871/4871/4871
f 4871/4871/4871 4900/4900/4900 4872/4872/4872
f 4900/4900/4900 4901/4901/4901 4872/4872/4872
f 4872/4872/4872 4901/4901/4901 4873/4873/4873
f 4901/4901/4901 4902/4902/4902 4873/4873/4873
f 4931/4931/4931 4932/4932/4932 4903/4903/4903
f 4932/4932/4932 4933/4933/4933 4904/4904/4904
f 4933/4933/4933 4934/4934/4934 4905/4905/4905
f 4934/4934/4934 4935/4935/4935 4906/4906/4906
f 4935/4935/4935 4936/4936/4936 4907/4907/4907
f 4936/4936/4936 4937/4937/4937 4908/4908/4908
f 4937/4937/4937 4938/4938/4938 4909/4909/4909
f 4938/4938/4938 4939/4939/4939 4910/4910/4910
f 4939/4939/4939 4940/4940/4940 4911/4911/4911
f 4940/4940/4940 4941/4941/4941 4912/4912/4912
f 4941/4941/4941 4942/4942/4942 4913/4913/4913
f 4942/4942/4942 4943/4943/4943 4914/4914/4914
f 4943/4943/4943 4944/4944/4944 4915/4915/4915
f 4944/4944/4944 4945/4945/4945 4916/4916/4916
f 4945/4945/4945 4946/4946/4946 4917/4917/4917
f 4946/4946/4946 4947/4947/4947 4918/4918/4918
f 4947/4947/4947 4948/4948/4948 4919/4919/4919
f 4948/4948/4948 4949/4949/4949 4920/4920/4920
f 4949/4949/4949 4950/4950/4950 4921/4921/4921
f 4950/4950/4950 4951/4951/4951 4922/4922/4922
f 4951/4951/4951 4952/4952/4952 4923/4923/4923
f 4952/4952/4952 4953/4953/4953 4924/4924/4924
f 4953/4953/4953 4954/4954/4954 4925/4925/4925
f 4954/4954/4954 4955/4955/4955 4926/4926/4926
f 4955/4955/4955 4956/4956/4956 4927/4927/4927
f 4956/4956/4956 4957/4957/4957 4928/4928/4928
f 4957/4957/4957 4958/4958/4958 4929/4929/4929
f 4958/4958/4958 4959/4959/4959 4930/4930/4930
f 4989/4989/4989 4988/4988/4988 4960/4960/4960
f 4990/4990/4990 4989/4989/4989 4961/4961/4961
f 4991/4991/4991 4990/4990/4990 4962/4962/4962
f 4992/4992/4992 4991/4991/4991 4963/4963/4963
f 4993/4993/4993 4992/4992/4992 4964/4964/4964
f 4994/4994/4994 4993/4993/4993 4965/4965/4965
f 4995/4995/4995 4994/4994/4994 4966/4966/4966
f 4996/4996/4996 4995/4995/4995 4967/4967/4967
f 4997/4997/4997 4996/4996/4996 4968/4968/4968
f 4998/4998/4998 4997/4997/4997 4969/4969/4969
f 4999/4999/4999 4998/4998/4998 4970/4970/4970
f 5000/5000/5000 4999/4999/4999 4971/4971/4971
f 5001/5001/5001 5000/5000/5000 4972/4972/4972
f 5002/5002/5002 5001/5001/5001 4973/4973/4973
f 5003/5003/5003 5002/5002/5002 4974/4974/4974
f 5004/5004/5004 5003/5003/5003 4975/4975/4975
f 5005/5005/5005 5004/5004/5004 4976/4976/4976
f 5006/5006/5006 5005/5005/5005 4977/4977/4977
f 5007/5007/5007 5006/5006/5006 4978/4978/4978
f 5008/5008/5008 5007/5007/5007 4979/4979/4979
f 5009/5009/5009 5008/5008/5008 4980/4980/4980
f 5010/5010/5010 5009/5009/5009 4981/4981/4981
f 5011/5011/5011 5010/5010/5010 4982/4982/4982
f 5012/5012/5012 5011/5011/5011 4983/4983/4983
f 5013/5013/5013 5012/5012/5012 4984/4984/4984
f 5014/5014/5014 5013/5013/5013 4985/4985/4985
f 5015/5015/5015 5014/5014/5014 4986/4986/4986
f 5016/5016/5016 5015/5015/5015 4987/4987/4987
o bike_rear_rim
usemtl bike_chrome
v -0.67 1.2700000035762788 0.0799999982118607
v -0.6205572803318501 1.2778309512138368 0.07999999821186068
v -0.5759543609619141 1.3005572783946993 0.07999999821186068
v -0.5405572783946991 1.3359543609619142 0.07999999821186068
v -0.5178309512138367 1.3805572803318502 0.07999999821186067
v -0.5100000035762787 1.4300000000000002 0.07999999821186066
v -0.5178309512138367 1.47944271966815 0.07999999821186064
v -0.5405572783946991 1.524045639038086 0.07999999821186063
v -0.5759543609619141 1.559442721605301 0.07999999821186063
v -0.6205572803318501 1.5821690487861635 0.07999999821186063
v -0.67 1.5899999964237215 0.07999999821186062
v -0.71944271966815 1.5821690487861635 0.07999999821186063
v -0.764045639038086 1.559442721605301 0.07999999821186063
v -0.7994427216053009 1.524045639038086 0.07999999821186063
v -0.8221690487861634 1.47944271966815 0.07999999821186064
v -0.8299999964237214 1.4300000000000002 0.07999999821186066
v -0.8221690487861634 1.3805572803318502 0.07999999821186067
v -0.7994427216053009 1.3359543609619142 0.07999999821186068
v -0.764045639038086 1.3005572783946993 0.07999999821186068
v -0.71944271966815 1.2778309512138368 0.07999999821186068
v -0.67 1.2700000035762788 0.0799999982118607
v -0.67 1.2700000035762788 -0.07999999821186062
v -0.6205572803318501 1.2778309512138368 -0.07999999821186063
v -0.5759543609619141 1.3005572783946993 -0.07999999821186063
v -0.5405572783946991 1.3359543609619142 -0.07999999821186063
v -0.5178309512138367 1.3805572803318502 -0.07999999821186064
v -0.5100000035762787 1.4300000000000002 -0.07999999821186066
v -0.5178309512138367 1.47944271966815 -0.07999999821186067
v -0.5405572783946991 1.524045639038086 -0.07999999821186068
v -0.5759543609619141 1.559442721605301 -0.07999999821186068
v -0.6205572803318501 1.5821690487861635 -0.07999999821186068
v -0.67 1.5899999964237215 -0.0799999982118607
v -0.71944271966815 1.5821690487861635 -0.07999999821186068
v -0.764045639038086 1.559442721605301 -0.07999999821186068
v -0.7994427216053009 1.524045639038086 -0.07999999821186068
v -0.8221690487861634 1.47944271966815 -0.07999999821186067
v -0.8299999964237214 1.4300000000000002 -0.07999999821186066
v -0.8221690487861634 1.3805572803318502 -0.07999999821186064
v -0.7994427216053009 1.3359543609619142 -0.07999999821186063
v -0.764045639038086 1.3005572783946993 -0.07999999821186063
v -0.71944271966815 1.2778309512138368 -0.07999999821186063
v -0.67 1.2700000035762788 -0.07999999821186062
v -0.67 1.4300000000000002 0.07999999821186066
v -0.67 1.4300000000000002 0.07999999821186066
v -0.67 1.4300000000000002 0.07999999821186066
v -0.67 1.4300000000000002 0.07999999821186066
v -0.67 1.4300000000000002 0.07999999821186066
v -0.67 1.4300000000000002 0.07999999821186066
v -0.67 1.4300000000000002 0.07999999821186066
v -0.67 1.4300000000000002 0.07999999821186066
v -0.67 1.4300000000000002 0.07999999821186066
v -0.67 1.4300000000000002 0.07999999821186066
v -0.67 1.4300000000000002 0.07999999821186066
v -0.67 1.4300000000000002 0.07999999821186066
v -0.67 1.4300000000000002 0.07999999821186066
v -0.67 1.4300000000000002 0.07999999821186066
v -0.67 1.4300000000000002 0.07999999821186066
v -0.67 1.4300000000000002 0.07999999821186066
v -0.67 1.4300000000000002 0.07999999821186066
v -0.67 1.4300000000000002 0.07999999821186066
v -0.67 1.4300000000000002 0.07999999821186066
v -0.67 1.4300000000000002 0.07999999821186066
v -0.67 1.2700000035762788 0.0799999982118607
v -0.6205572803318501 1.2778309512138368 0.07999999821186068
v -0.5759543609619141 1.3005572783946993 0.07999999821186068
v -0.5405572783946991 1.3359543609619142 0.07999999821186068
v -0.5178309512138367 1.3805572803318502 0.07999999821186067
v -0.5100000035762787 1.4300000000000002 0.07999999821186066
v -0.5178309512138367 1.47944271966815 0.07999999821186064
v -0.5405572783946991 1.524045639038086 0.07999999821186063
v -0.5759543609619141 1.559442721605301 0.07999999821186063
v -0.6205572803318501 1.5821690487861635 0.07999999821186063
v -0.67 1.5899999964237215 0.07999999821186062
v -0.71944271966815 1.5821690487861635 0.07999999821186063
v -0.764045639038086 1.559442721605301 0.07999999821186063
v -0.7994427216053009 1.524045639038086 0.07999999821186063
v -0.8221690487861634 1.47944271966815 0.07999999821186064
v -0.8299999964237214 1.4300000000000002 0.07999999821186066
v -0.8221690487861634 1.3805572803318502 0.07999999821186067
v -0.7994427216053009 1.3359543609619142 0.07999999821186068
v -0.764045639038086 1.3005572783946993 0.07999999821186068
v -0.71944271966815 1.2778309512138368 0.07999999821186068
v -0.67 1.2700000035762788 0.0799999982118607
v -0.67 1.4300000000000002 -0.07999999821186066
v -0.67 1.4300000000000002 -0.07999999821186066
v -0.67 1.4300000000000002 -0.07999999821186066
v -0.67 1.4300000000000002 -0.07999999821186066
v -0.67 1.4300000000000002 -0.07999999821186066
v -0.67 1.4300000000000002 -0.07999999821186066
v -0.67 1.4300000000000002 -0.07999999821186066
v -0.67 1.4300000000000002 -0.07999999821186066
v -0.67 1.4300000000000002 -0.07999999821186066
v -0.67 1.4300000000000002 -0.07999999821186066
v -0.67 1.4300000000000002 -0.07999999821186066
v -0.67 1.4300000000000002 -0.07999999821186066
v -0.67 1.4300000000000002 -0.07999999821186066
v -0.67 1.4300000000000002 -0.07999999821186066
v -0.67 1.4300000000000002 -0.07999999821186066
v -0.67 1.4300000000000002 -0.07999999821186066
v -0.67 1.4300000000000002 -0.07999999821186066
v -0.67 1.4300000000000002 -0.07999999821186066
v -0.67 1.4300000000000002 -0.07999999821186066
v -0.67 1.4300000000000002 -0.07999999821186066
v -0.67 1.2700000035762788 -0.07999999821186062
v -0.6205572803318501 1.2778309512138368 -0.07999999821186063
v -0.5759543609619141 1.3005572783946993 -0.07999999821186063
v -0.5405572783946991 1.3359543609619142 -0.07999999821186063
v -0.5178309512138367 1.3805572803318502 -0.07999999821186064
v -0.5100000035762787 1.4300000000000002 -0.07999999821186066
v -0.5178309512138367 1.47944271966815 -0.07999999821186067
v -0.5405572783946991 1.524045639038086 -0.07999999821186068
v -0.5759543609619141 1.559442721605301 -0.07999999821186068
v -0.6205572803318501 1.5821690487861635 -0.07999999821186068
v -0.67 1.5899999964237215 -0.0799999982118607
v -0.71944271966815 1.5821690487861635 -0.07999999821186068
v -0.764045639038086 1.559442721605301 -0.07999999821186068
v -0.7994427216053009 1.524045639038086 -0.07999999821186068
v -0.8221690487861634 1.47944271966815 -0.07999999821186067
v -0.8299999964237214 1.4300000000000002 -0.07999999821186066
v -0.8221690487861634 1.3805572803318502 -0.07999999821186064
v -0.7994427216053009 1.3359543609619142 -0.07999999821186063
v -0.764045639038086 1.3005572783946993 -0.07999999821186063
v -0.71944271966815 1.2778309512138368 -0.07999999821186063
v -0.67 1.2700000035762788 -0.07999999821186062
vt 0 1
vt 0.05000000074505806 1
vt 0.10000000149011612 1
vt 0.15000000596046448 1
vt 0.20000000298023224 1
vt 0.25 1
vt 0.30000001192092896 1
vt 0.3499999940395355 1
vt 0.4000000059604645 1
vt 0.44999998807907104 1
vt 0.5 1
vt 0.550000011920929 1
vt 0.6000000238418579 1
vt 0.6499999761581421 1
vt 0.699999988079071 1
vt 0.75 1
vt 0.800000011920929 1
vt 0.8500000238418579 1
vt 0.8999999761581421 1
vt 0.949999988079071 1
vt 1 1
vt 0 0
vt 0.05000000074505806 0
vt 0.10000000149011612 0
vt 0.15000000596046448 0
vt 0.20000000298023224 0
vt 0.25 0
vt 0.30000001192092896 0
vt 0.3499999940395355 0
vt 0.4000000059604645 0
vt 0.44999998807907104 0
vt 0.5 0
vt 0.550000011920929 0
vt 0.6000000238418579 0
vt 0.6499999761581421 0
vt 0.699999988079071 0
vt 0.75 0
vt 0.800000011920929 0
vt 0.8500000238418579 0
vt 0.8999999761581421 0
vt 0.949999988079071 0
vt 1 0
vt 0.5 0.5
vt 0.5 0.5
vt 0.5 0.5
vt 0.5 0.5
vt 0.5 0.5
vt 0.5 0.5
vt 0.5 0.5
vt 0.5 0.5
vt 0.5 0.5
vt 0.5 0.5
vt 0.5 0.5
vt 0.5 0.5
vt 0.5 0.5
vt 0.5 0.5
vt 0.5 0.5
vt 0.5 0.5
vt 0.5 0.5
vt 0.5 0.5
vt 0.5 0.5
vt 0.5 0.5
vt 1 0.5
vt 0.9755282402038574 0.6545084714889526
vt 0.9045084714889526 0.7938926219940186
vt 0.7938926219940186 0.9045084714889526
vt 0.6545084714889526 0.9755282402038574
vt 0.5 1
vt 0.345491498708725 0.9755282402038574
vt 0.20610737800598145 0.9045084714889526
vt 0.09549150615930557 0.7938926219940186
vt 0.024471741169691086 0.6545084714889526
vt 0 0.5
vt 0.024471741169691086 0.345491498708725
vt 0.09549150615930557 0.20610737800598145
vt 0.20610737800598145 0.09549150615930557
vt 0.345491498708725 0.024471741169691086
vt 0.5 0
vt 0.6545084714889526 0.024471741169691086
vt 0.7938926219940186 0.09549150615930557
vt 0.9045084714889526 0.20610737800598145
vt 0.9755282402038574 0.345491498708725
vt 1 0.5
vt 0.5 0.5
vt 0.5 0.5
vt 0.5 0.5
vt 0.5 0.5
vt 0.5 0.5
vt 0.5 0.5
vt 0.5 0.5
vt 0.5 0.5
vt 0.5 0.5
vt 0.5 0.5
vt 0.5 0.5
vt 0.5 0.5
vt 0.5 0.5
vt 0.5 0.5
vt 0.5 0.5
vt 0.5 0.5
vt 0.5 0.5
vt 0.5 0.5
vt 0.5 0.5
vt 0.5 0.5
vt 1 0.5
vt 0.9755282402038574 0.345491498708725
vt 0.9045084714889526 0.20610737800598145
vt 0.7938926219940186 0.09549150615930557
vt 0.6545084714889526 0.024471741169691086
vt 0.5 0
vt 0.345491498708725 0.024471741169691086
vt 0.20610737800598145 0.09549150615930557
vt 0.09549150615930557 0.20610737800598145
vt 0.024471741169691086 0.345491498708725
vt 0 0.5
vt 0.024471741169691086 0.6545084714889526
vt 0.09549150615930557 0.7938926219940186
vt 0.20610737800598145 0.9045084714889526
vt 0.345491498708725 0.9755282402038574
vt 0.5 1
vt 0.6545084714889526 0.9755282402038574
vt 0.7938926219940186 0.9045084714889526
vt 0.9045084714889526 0.7938926219940186
vt 0.9755282402038574 0.6545084714889526
vt 1 0.5
vn 0 -1 2.220446049250313e-16
vn 0.3090169948284817 -0.9510565161477913 2.1117696838941298e-16
vn 0.5877852429542022 -0.8090170011595983 1.796378604001166e-16
vn 0.8090170011595983 -0.5877852429542022 1.3051454205252937e-16
vn 0.9510565161477913 -0.3090169948284817 6.861555653181067e-17
vn 1 -6.123234262925839e-17 1.3596311327747833e-32
vn 0.9510565161477913 0.3090169948284817 -6.861555653181067e-17
vn 0.8090170011595983 0.5877852429542022 -1.3051454205252937e-16
vn 0.5877852429542022 0.8090170011595983 -1.796378604001166e-16
vn 0.3090169948284817 0.9510565161477913 -2.1117696838941298e-16
vn 1.2246468525851679e-16 1 -2.220446049250313e-16
vn -0.3090169948284817 0.9510565161477913 -2.1117696838941298e-16
vn -0.5877852429542022 0.8090170011595983 -1.796378604001166e-16
vn -0.8090170011595983 0.5877852429542022 -1.3051454205252937e-16
vn -0.9510565161477913 0.3090169948284817 -6.861555653181067e-17
vn -1 1.8369701465288538e-16 -4.078893104450762e-32
vn -0.9510565161477913 -0.3090169948284817 6.861555653181067e-17
vn -0.8090170011595983 -0.5877852429542022 1.3051454205252937e-16
vn -0.5877852429542022 -0.8090170011595983 1.796378604001166e-16
vn -0.3090169948284817 -0.9510565161477913 2.1117696838941298e-16
vn -2.4492937051703357e-16 -1 2.220446049250313e-16
vn 0 -1 2.220446049250313e-16
vn 0.3090169948284817 -0.9510565161477913 2.1117696838941298e-16
vn 0.5877852429542022 -0.8090170011595983 1.796378604001166e-16
vn 0.8090170011595983 -0.5877852429542022 1.3051454205252937e-16
vn 0.9510565161477913 -0.3090169948284817 6.861555653181067e-17
vn 1 -6.123234262925839e-17 1.3596311327747833e-32
vn 0.9510565161477913 0.3090169948284817 -6.861555653181067e-17
vn 0.8090170011595983 0.5877852429542022 -1.3051454205252937e-16
vn 0.5877852429542022 0.8090170011595983 -1.796378604001166e-16
vn 0.3090169948284817 0.9510565161477913 -2.1117696838941298e-16
vn 1.2246468525851679e-16 1 -2.220446049250313e-16
vn -0.3090169948284817 0.9510565161477913 -2.1117696838941298e-16
vn -0.5877852429542022 0.8090170011595983 -1.796378604001166e-16
vn -0.8090170011595983 0.5877852429542022 -1.3051454205252937e-16
vn -0.9510565161477913 0.3090169948284817 -6.861555653181067e-17
vn -1 1.8369701465288538e-16 -4.078893104450762e-32
vn -0.9510565161477913 -0.3090169948284817 6.861555653181067e-17
vn -0.8090170011595983 -0.5877852429542022 1.3051454205252937e-16
vn -0.5877852429542022 -0.8090170011595983 1.796378604001166e-16
vn -0.3090169948284817 -0.9510565161477913 2.1117696838941298e-16
vn -2.4492937051703357e-16 -1 2.220446049250313e-16
vn 0 2.220446049250313e-16 1
vn 0 2.220446049250313e-16 1
vn 0 2.220446049250313e-16 1
vn 0 2.220446049250313e-16 1
vn 0 2.220446049250313e-16 1
vn 0 2.220446049250313e-16 1
vn 0 2.220446049250313e-16 1
vn 0 2.220446049250313e-16 1
vn 0 2.220446049250313e-16 1
vn 0 2.220446049250313e-16 1
vn 0 2.220446049250313e-16 1
vn 0 2.220446049250313e-16 1
vn 0 2.220446049250313e-16 1
vn 0 2.220446049250313e-16 1
vn 0 2.220446049250313e-16 1
vn 0 2.220446049250313e-16 1
vn 0 2.220446049250313e-16 1
vn 0 2.220446049250313e-16 1
vn 0 2.220446049250313e-16 1
vn 0 2.220446049250313e-16 1
vn 0 2.220446049250313e-16 1
vn 0 2.220446049250313e-16 1
vn 0 2.220446049250313e-16 1
vn 0 2.220446049250313e-16 1
vn 0 2.220446049250313e-16 1
vn 0 2.220446049250313e-16 1
vn 0 2.220446049250313e-16 1
vn 0 2.220446049250313e-16 1
vn 0 2.220446049250313e-16 1
vn 0 2.220446049250313e-16 1
vn 0 2.220446049250313e-16 1
vn 0 2.220446049250313e-16 1
vn 0 2.220446049250313e-16 1
vn 0 2.220446049250313e-16 1
vn 0 2.220446049250313e-16 1
vn 0 2.220446049250313e-16 1
vn 0 2.220446049250313e-16 1
vn 0 2.220446049250313e-16 1
vn 0 2.220446049250313e-16 1
vn 0 2.220446049250313e-16 1
vn 0 2.220446049250313e-16 1
vn 0 -2.220446049250313e-16 -1
vn 0 -2.220446049250313e-16 -1
vn 0 -2.220446049250313e-16 -1
vn 0 -2.220446049250313e-16 -1
vn 0 -2.220446049250313e-16 -1
vn 0 -2.220446049250313e-16 -1
vn 0 -2.220446049250313e-16 -1
vn 0 -2.220446049250313e-16 -1
vn 0 -2.220446049250313e-16 -1
vn 0 -2.220446049250313e-16 -1
vn 0 -2.220446049250313e-16 -1
vn 0 -2.220446049250313e-16 -1
vn 0 -2.220446049250313e-16 -1
vn 0 -2.220446049250313e-16 -1
vn 0 -2.220446049250313e-16 -1
vn 0 -2.220446049250313e-16 -1
vn 0 -2.220446049250313e-16 -1
vn 0 -2.220446049250313e-16 -1
vn 0 -2.220446049250313e-16 -1
vn 0 -2.220446049250313e-16 -1
vn 0 -2.220446049250313e-16 -1
vn 0 -2.220446049250313e-16 -1
vn 0 -2.220446049250313e-16 -1
vn 0 -2.220446049250313e-16 -1
vn 0 -2.220446049250313e-16 -1
vn 0 -2.220446049250313e-16 -1
vn 0 -2.220446049250313e-16 -1
vn 0 -2.220446049250313e-16 -1
vn 0 -2.220446049250313e-16 -1
vn 0 -2.220446049250313e-16 -1
vn 0 -2.220446049250313e-16 -1
vn 0 -2.220446049250313e-16 -1
vn 0 -2.220446049250313e-16 -1
vn 0 -2.220446049250313e-16 -1
vn 0 -2.220446049250313e-16 -1
vn 0 -2.220446049250313e-16 -1
vn 0 -2.220446049250313e-16 -1
vn 0 -2.220446049250313e-16 -1
vn 0 -2.220446049250313e-16 -1
vn 0 -2.220446049250313e-16 -1
vn 0 -2.220446049250313e-16 -1
f 5017/5017/5017 5038/5038/5038 5018/5018/5018
f 5038/5038/5038 5039/5039/5039 5018/5018/5018
f 5018/5018/5018 5039/5039/5039 5019/5019/5019
f 5039/5039/5039 5040/5040/5040 5019/5019/5019
f 5019/5019/5019 5040/5040/5040 5020/5020/5020
f 5040/5040/5040 5041/5041/5041 5020/5020/5020
f 5020/5020/5020 5041/5041/5041 5021/5021/5021
f 5041/5041/5041 5042/5042/5042 5021/5021/5021
f 5021/5021/5021 5042/5042/5042 5022/5022/5022
f 5042/5042/5042 5043/5043/5043 5022/5022/5022
f 5022/5022/5022 5043/5043/5043 5023/5023/5023
f 5043/5043/5043 5044/5044/5044 5023/5023/5023
f 5023/5023/5023 5044/5044/5044 5024/5024/5024
f 5044/5044/5044 5045/5045/5045 5024/5024/5024
f 5024/5024/5024 5045/5045/5045 5025/5025/5025
f 5045/5045/5045 5046/5046/5046 5025/5025/5025
f 5025/5025/5025 5046/5046/5046 5026/5026/5026
f 5046/5046/5046 5047/5047/5047 5026/5026/5026
f 5026/5026/5026 5047/5047/5047 5027/5027/5027
f 5047/5047/5047 5048/5048/5048 5027/5027/5027
f 5027/5027/5027 5048/5048/5048 5028/5028/5028
f 5048/5048/5048 5049/5049/5049 5028/5028/5028
f 5028/5028/5028 5049/5049/5049 5029/5029/5029
f 5049/5049/5049 5050/5050/5050 5029/5029/5029
f 5029/5029/5029 5050/5050/5050 5030/5030/5030
f 5050/5050/5050 5051/5051/5051 5030/5030/5030
f 5030/5030/5030 5051/5051/5051 5031/5031/5031
f 5051/5051/5051 5052/5052/5052 5031/5031/5031
f 5031/5031/5031 5052/5052/5052 5032/5032/5032
f 5052/5052/5052 5053/5053/5053 5032/5032/5032
f 5032/5032/5032 5053/5053/5053 5033/5033/5033
f 5053/5053/5053 5054/5054/5054 5033/5033/5033
f 5033/5033/5033 5054/5054/5054 5034/5034/5034
f 5054/5054/5054 5055/5055/5055 5034/5034/5034
f 5034/5034/5034 5055/5055/5055 5035/5035/5035
f 5055/5055/5055 5056/5056/5056 5035/5035/5035
f 5035/5035/5035 5056/5056/5056 5036/5036/5036
f 5056/5056/5056 5057/5057/5057 5036/5036/5036
f 5036/5036/5036 5057/5057/5057 5037/5037/5037
f 5057/5057/5057 5058/5058/5058 5037/5037/5037
f 5079/5079/5079 5080/5080/5080 5059/5059/5059
f 5080/5080/5080 5081/5081/5081 5060/5060/5060
f 5081/5081/5081 5082/5082/5082 5061/5061/5061
f 5082/5082/5082 5083/5083/5083 5062/5062/5062
f 5083/5083/5083 5084/5084/5084 5063/5063/5063
f 5084/5084/5084 5085/5085/5085 5064/5064/5064
f 5085/5085/5085 5086/5086/5086 5065/5065/5065
f 5086/5086/5086 5087/5087/5087 5066/5066/5066
f 5087/5087/5087 5088/5088/5088 5067/5067/5067
f 5088/5088/5088 5089/5089/5089 5068/5068/5068
f 5089/5089/5089 5090/5090/5090 5069/5069/5069
f 5090/5090/5090 5091/5091/5091 5070/5070/5070
f 5091/5091/5091 5092/5092/5092 5071/5071/5071
f 5092/5092/5092 5093/5093/5093 5072/5072/5072
f 5093/5093/5093 5094/5094/5094 5073/5073/5073
f 5094/5094/5094 5095/5095/5095 5074/5074/5074
f 5095/5095/5095 5096/5096/5096 5075/5075/5075
f 5096/5096/5096 5097/5097/5097 5076/5076/5076
f 5097/5097/5097 5098/5098/5098 5077/5077/5077
f 5098/5098/5098 5099/5099/5099 5078/5078/5078
f 5121/5121/5121 5120/5120/5120 5100/5100/5100
f 5122/5122/5122 5121/5121/5121 5101/5101/5101
f 5123/5123/5123 5122/5122/5122 5102/5102/5102
f 5124/5124/5124 5123/5123/5123 5103/5103/5103
f 5125/5125/5125 5124/5124/5124 5104/5104/5104
f 5126/5126/5126 5125/5125/5125 5105/5105/5105
f 5127/5127/5127 5126/5126/5126 5106/5106/5106
f 5128/5128/5128 5127/5127/5127 5107/5107/5107
f 5129/5129/5129 5128/5128/5128 5108/5108/5108
f 5130/5130/5130 5129/5129/5129 5109/5109/5109
f 5131/5131/5131 5130/5130/5130 5110/5110/5110
f 5132/5132/5132 5131/5131/5131 5111/5111/5111
f 5133/5133/5133 5132/5132/5132 5112/5112/5112
f 5134/5134/5134 5133/5133/5133 5113/5113/5113
f 5135/5135/5135 5134/5134/5134 5114/5114/5114
f 5136/5136/5136 5135/5135/5135 5115/5115/5115
f 5137/5137/5137 5136/5136/5136 5116/5116/5116
f 5138/5138/5138 5137/5137/5137 5117/5117/5117
f 5139/5139/5139 5138/5138/5138 5118/5118/5118
f 5140/5140/5140 5139/5139/5139 5119/5119/5119
o bike_front_fender
usemtl bike_red
v 0.8700000071525574 1.7599999993294477 0.07999999821186066
v 0.8700000071525574 1.7599999993294477 -0.07999999821186066
v 0.8700000071525574 1.7000000006705522 0.07999999821186066
v 0.8700000071525574 1.7000000006705522 -0.07999999821186066
v 0.5099999928474427 1.7599999993294477 -0.07999999821186066
v 0.5099999928474427 1.7599999993294477 0.07999999821186066
v 0.5099999928474427 1.7000000006705522 -0.07999999821186066
v 0.5099999928474427 1.7000000006705522 0.07999999821186066
v 0.5099999928474427 1.7599999993294477 -0.07999999821186066
v 0.8700000071525574 1.7599999993294477 -0.07999999821186066
v 0.5099999928474427 1.7599999993294477 0.07999999821186066
v 0.8700000071525574 1.7599999993294477 0.07999999821186066
v 0.5099999928474427 1.7000000006705522 0.07999999821186066
v 0.8700000071525574 1.7000000006705522 0.07999999821186066
v 0.5099999928474427 1.7000000006705522 -0.07999999821186066
v 0.8700000071525574 1.7000000006705522 -0.07999999821186066
v 0.5099999928474427 1.7599999993294477 0.07999999821186066
v 0.8700000071525574 1.7599999993294477 0.07999999821186066
v 0.5099999928474427 1.7000000006705522 0.07999999821186066
v 0.8700000071525574 1.7000000006705522 0.07999999821186066
v 0.8700000071525574 1.7599999993294477 -0.07999999821186066
v 0.5099999928474427 1.7599999993294477 -0.07999999821186066
v 0.8700000071525574 1.7000000006705522 -0.07999999821186066
v 0.5099999928474427 1.7000000006705522 -0.07999999821186066
vt 0 1
vt 1 1
vt 0 0
vt 1 0
vt 0 1
vt 1 1
vt 0 0
vt 1 0
vt 0 1
vt 1 1
vt 0 0
vt 1 0
vt 0 1
vt 1 1
vt 0 0
vt 1 0
vt 0 1
vt 1 1
vt 0 0
vt 1 0
vt 0 1
vt 1 1
vt 0 0
vt 1 0
vn 1 0 0
vn 1 0 0
vn 1 0 0
vn 1 0 0
vn -1 0 0
vn -1 0 0
vn -1 0 0
vn -1 0 0
vn 0 1 0
vn 0 1 0
vn 0 1 0
vn 0 1 0
vn 0 -1 0
vn 0 -1 0
vn 0 -1 0
vn 0 -1 0
vn 0 0 1
vn 0 0 1
vn 0 0 1
vn 0 0 1
vn 0 0 -1
vn 0 0 -1
vn 0 0 -1
vn 0 0 -1
f 5141/5141/5141 5143/5143/5143 5142/5142/5142
f 5143/5143/5143 5144/5144/5144 5142/5142/5142
f 5145/5145/5145 5147/5147/5147 5146/5146/5146
f 5147/5147/5147 5148/5148/5148 5146/5146/5146
f 5149/5149/5149 5151/5151/5151 5150/5150/5150
f 5151/5151/5151 5152/5152/5152 5150/5150/5150
f 5153/5153/5153 5155/5155/5155 5154/5154/5154
f 5155/5155/5155 5156/5156/5156 5154/5154/5154
f 5157/5157/5157 5159/5159/5159 5158/5158/5158
f 5159/5159/5159 5160/5160/5160 5158/5158/5158
f 5161/5161/5161 5163/5163/5163 5162/5162/5162
f 5163/5163/5163 5164/5164/5164 5162/5162/5162
o bike_tail
usemtl bike_red
v -0.5700000035762787 2.1600000007450584 0.10000000149011612
v -0.5700000035762787 2.1600000007450584 -0.10000000149011612
v -0.5700000035762787 2.0599999992549423 0.10000000149011612
v -0.5700000035762787 2.0599999992549423 -0.10000000149011612
v -0.8899999964237213 2.1600000007450584 -0.10000000149011612
v -0.8899999964237213 2.1600000007450584 0.10000000149011612
v -0.8899999964237213 2.0599999992549423 -0.10000000149011612
v -0.8899999964237213 2.0599999992549423 0.10000000149011612
v -0.8899999964237213 2.1600000007450584 -0.10000000149011612
v -0.5700000035762787 2.1600000007450584 -0.10000000149011612
v -0.8899999964237213 2.1600000007450584 0.10000000149011612
v -0.5700000035762787 2.1600000007450584 0.10000000149011612
v -0.8899999964237213 2.0599999992549423 0.10000000149011612
v -0.5700000035762787 2.0599999992549423 0.10000000149011612
v -0.8899999964237213 2.0599999992549423 -0.10000000149011612
v -0.5700000035762787 2.0599999992549423 -0.10000000149011612
v -0.8899999964237213 2.1600000007450584 0.10000000149011612
v -0.5700000035762787 2.1600000007450584 0.10000000149011612
v -0.8899999964237213 2.0599999992549423 0.10000000149011612
v -0.5700000035762787 2.0599999992549423 0.10000000149011612
v -0.5700000035762787 2.1600000007450584 -0.10000000149011612
v -0.8899999964237213 2.1600000007450584 -0.10000000149011612
v -0.5700000035762787 2.0599999992549423 -0.10000000149011612
v -0.8899999964237213 2.0599999992549423 -0.10000000149011612
vt 0 1
vt 1 1
vt 0 0
vt 1 0
vt 0 1
vt 1 1
vt 0 0
vt 1 0
vt 0 1
vt 1 1
vt 0 0
vt 1 0
vt 0 1
vt 1 1
vt 0 0
vt 1 0
vt 0 1
vt 1 1
vt 0 0
vt 1 0
vt 0 1
vt 1 1
vt 0 0
vt 1 0
vn 1 0 0
vn 1 0 0
vn 1 0 0
vn 1 0 0
vn -1 0 0
vn -1 0 0
vn -1 0 0
vn -1 0 0
vn 0 1 0
vn 0 1 0
vn 0 1 0
vn 0 1 0
vn 0 -1 0
vn 0 -1 0
vn 0 -1 0
vn 0 -1 0
vn 0 0 1
vn 0 0 1
vn 0 0 1
vn 0 0 1
vn 0 0 -1
vn 0 0 -1
vn 0 0 -1
vn 0 0 -1
f 5165/5165/5165 5167/5167/5167 5166/5166/5166
f 5167/5167/5167 5168/5168/5168 5166/5166/5166
f 5169/5169/5169 5171/5171/5171 5170/5170/5170
f 5171/5171/5171 5172/5172/5172 5170/5170/5170
f 5173/5173/5173 5175/5175/5175 5174/5174/5174
f 5175/5175/5175 5176/5176/5176 5174/5174/5174
f 5177/5177/5177 5179/5179/5179 5178/5178/5178
f 5179/5179/5179 5180/5180/5180 5178/5178/5178
f 5181/5181/5181 5183/5183/5183 5182/5182/5182
f 5183/5183/5183 5184/5184/5184 5182/5182/5182
f 5185/5185/5185 5187/5187/5187 5186/5186/5186
f 5187/5187/5187 5188/5188/5188 5186/5186/5186
o bike_taillight
usemtl bike_ink
v -0.864999999627471 2.1499999991059306 0.07999999821186066
v -0.864999999627471 2.1499999991059306 -0.07999999821186066
v -0.864999999627471 2.07000000089407 0.07999999821186066
v -0.864999999627471 2.07000000089407 -0.07999999821186066
v -0.915000000372529 2.1499999991059306 -0.07999999821186066
v -0.915000000372529 2.1499999991059306 0.07999999821186066
v -0.915000000372529 2.07000000089407 -0.07999999821186066
v -0.915000000372529 2.07000000089407 0.07999999821186066
v -0.915000000372529 2.1499999991059306 -0.07999999821186066
v -0.864999999627471 2.1499999991059306 -0.07999999821186066
v -0.915000000372529 2.1499999991059306 0.07999999821186066
v -0.864999999627471 2.1499999991059306 0.07999999821186066
v -0.915000000372529 2.07000000089407 0.07999999821186066
v -0.864999999627471 2.07000000089407 0.07999999821186066
v -0.915000000372529 2.07000000089407 -0.07999999821186066
v -0.864999999627471 2.07000000089407 -0.07999999821186066
v -0.915000000372529 2.1499999991059306 0.07999999821186066
v -0.864999999627471 2.1499999991059306 0.07999999821186066
v -0.915000000372529 2.07000000089407 0.07999999821186066
v -0.864999999627471 2.07000000089407 0.07999999821186066
v -0.864999999627471 2.1499999991059306 -0.07999999821186066
v -0.915000000372529 2.1499999991059306 -0.07999999821186066
v -0.864999999627471 2.07000000089407 -0.07999999821186066
v -0.915000000372529 2.07000000089407 -0.07999999821186066
vt 0 1
vt 1 1
vt 0 0
vt 1 0
vt 0 1
vt 1 1
vt 0 0
vt 1 0
vt 0 1
vt 1 1
vt 0 0
vt 1 0
vt 0 1
vt 1 1
vt 0 0
vt 1 0
vt 0 1
vt 1 1
vt 0 0
vt 1 0
vt 0 1
vt 1 1
vt 0 0
vt 1 0
vn 1 0 0
vn 1 0 0
vn 1 0 0
vn 1 0 0
vn -1 0 0
vn -1 0 0
vn -1 0 0
vn -1 0 0
vn 0 1 0
vn 0 1 0
vn 0 1 0
vn 0 1 0
vn 0 -1 0
vn 0 -1 0
vn 0 -1 0
vn 0 -1 0
vn 0 0 1
vn 0 0 1
vn 0 0 1
vn 0 0 1
vn 0 0 -1
vn 0 0 -1
vn 0 0 -1
vn 0 0 -1
f 5189/5189/5189 5191/5191/5191 5190/5190/5190
f 5191/5191/5191 5192/5192/5192 5190/5190/5190
f 5193/5193/5193 5195/5195/5195 5194/5194/5194
f 5195/5195/5195 5196/5196/5196 5194/5194/5194
f 5197/5197/5197 5199/5199/5199 5198/5198/5198
f 5199/5199/5199 5200/5200/5200 5198/5198/5198
f 5201/5201/5201 5203/5203/5203 5202/5202/5202
f 5203/5203/5203 5204/5204/5204 5202/5202/5202
f 5205/5205/5205 5207/5207/5207 5206/5206/5206
f 5207/5207/5207 5208/5208/5208 5206/5206/5206
f 5209/5209/5209 5211/5211/5211 5210/5210/5210
f 5211/5211/5211 5212/5212/5212 5210/5210/5210
o bike_engine
usemtl bike_ink
v 0.2699999934434891 1.9000000017881393 0.17000000178813934
v 0.2699999934434891 1.9000000017881393 -0.17000000178813934
v 0.2699999934434891 1.5599999982118606 0.17000000178813934
v 0.2699999934434891 1.5599999982118606 -0.17000000178813934
v -0.14999999344348908 1.9000000017881393 -0.17000000178813934
v -0.14999999344348908 1.9000000017881393 0.17000000178813934
v -0.14999999344348908 1.5599999982118606 -0.17000000178813934
v -0.14999999344348908 1.5599999982118606 0.17000000178813934
v -0.14999999344348908 1.9000000017881393 -0.17000000178813934
v 0.2699999934434891 1.9000000017881393 -0.17000000178813934
v -0.14999999344348908 1.9000000017881393 0.17000000178813934
v 0.2699999934434891 1.9000000017881393 0.17000000178813934
v -0.14999999344348908 1.5599999982118606 0.17000000178813934
v 0.2699999934434891 1.5599999982118606 0.17000000178813934
v -0.14999999344348908 1.5599999982118606 -0.17000000178813934
v 0.2699999934434891 1.5599999982118606 -0.17000000178813934
v -0.14999999344348908 1.9000000017881393 0.17000000178813934
v 0.2699999934434891 1.9000000017881393 0.17000000178813934
v -0.14999999344348908 1.5599999982118606 0.17000000178813934
v 0.2699999934434891 1.5599999982118606 0.17000000178813934
v 0.2699999934434891 1.9000000017881393 -0.17000000178813934
v -0.14999999344348908 1.9000000017881393 -0.17000000178813934
v 0.2699999934434891 1.5599999982118606 -0.17000000178813934
v -0.14999999344348908 1.5599999982118606 -0.17000000178813934
vt 0 1
vt 1 1
vt 0 0
vt 1 0
vt 0 1
vt 1 1
vt 0 0
vt 1 0
vt 0 1
vt 1 1
vt 0 0
vt 1 0
vt 0 1
vt 1 1
vt 0 0
vt 1 0
vt 0 1
vt 1 1
vt 0 0
vt 1 0
vt 0 1
vt 1 1
vt 0 0
vt 1 0
vn 1 0 0
vn 1 0 0
vn 1 0 0
vn 1 0 0
vn -1 0 0
vn -1 0 0
vn -1 0 0
vn -1 0 0
vn 0 1 0
vn 0 1 0
vn 0 1 0
vn 0 1 0
vn 0 -1 0
vn 0 -1 0
vn 0 -1 0
vn 0 -1 0
vn 0 0 1
vn 0 0 1
vn 0 0 1
vn 0 0 1
vn 0 0 -1
vn 0 0 -1
vn 0 0 -1
vn 0 0 -1
f 5213/5213/5213 5215/5215/5215 5214/5214/5214
f 5215/5215/5215 5216/5216/5216 5214/5214/5214
f 5217/5217/5217 5219/5219/5219 5218/5218/5218
f 5219/5219/5219 5220/5220/5220 5218/5218/5218
f 5221/5221/5221 5223/5223/5223 5222/5222/5222
f 5223/5223/5223 5224/5224/5224 5222/5222/5222
f 5225/5225/5225 5227/5227/5227 5226/5226/5226
f 5227/5227/5227 5228/5228/5228 5226/5226/5226
f 5229/5229/5229 5231/5231/5231 5230/5230/5230
f 5231/5231/5231 5232/5232/5232 5230/5230/5230
f 5233/5233/5233 5235/5235/5235 5234/5234/5234
f 5235/5235/5235 5236/5236/5236 5234/5234/5234
o bike_frame_spine
usemtl bike_ink
v 0.3400000071525574 2.0499999986588957 0.10000000149011612
v 0.3400000071525574 2.0499999986588957 -0.10000000149011612
v 0.3400000071525574 1.9300000013411047 0.10000000149011612
v 0.3400000071525574 1.9300000013411047 -0.10000000149011612
v -0.5200000071525573 2.0499999986588957 -0.10000000149011612
v -0.5200000071525573 2.0499999986588957 0.10000000149011612
v -0.5200000071525573 1.9300000013411047 -0.10000000149011612
v -0.5200000071525573 1.9300000013411047 0.10000000149011612
v -0.5200000071525573 2.0499999986588957 -0.10000000149011612
v 0.3400000071525574 2.0499999986588957 -0.10000000149011612
v -0.5200000071525573 2.0499999986588957 0.10000000149011612
v 0.3400000071525574 2.0499999986588957 0.10000000149011612
v -0.5200000071525573 1.9300000013411047 0.10000000149011612
v 0.3400000071525574 1.9300000013411047 0.10000000149011612
v -0.5200000071525573 1.9300000013411047 -0.10000000149011612
v 0.3400000071525574 1.9300000013411047 -0.10000000149011612
v -0.5200000071525573 2.0499999986588957 0.10000000149011612
v 0.3400000071525574 2.0499999986588957 0.10000000149011612
v -0.5200000071525573 1.9300000013411047 0.10000000149011612
v 0.3400000071525574 1.9300000013411047 0.10000000149011612
v 0.3400000071525574 2.0499999986588957 -0.10000000149011612
v -0.5200000071525573 2.0499999986588957 -0.10000000149011612
v 0.3400000071525574 1.9300000013411047 -0.10000000149011612
v -0.5200000071525573 1.9300000013411047 -0.10000000149011612
vt 0 1
vt 1 1
vt 0 0
vt 1 0
vt 0 1
vt 1 1
vt 0 0
vt 1 0
vt 0 1
vt 1 1
vt 0 0
vt 1 0
vt 0 1
vt 1 1
vt 0 0
vt 1 0
vt 0 1
vt 1 1
vt 0 0
vt 1 0
vt 0 1
vt 1 1
vt 0 0
vt 1 0
vn 1 0 0
vn 1 0 0
vn 1 0 0
vn 1 0 0
vn -1 0 0
vn -1 0 0
vn -1 0 0
vn -1 0 0
vn 0 1 0
vn 0 1 0
vn 0 1 0
vn 0 1 0
vn 0 -1 0
vn 0 -1 0
vn 0 -1 0
vn 0 -1 0
vn 0 0 1
vn 0 0 1
vn 0 0 1
vn 0 0 1
vn 0 0 -1
vn 0 0 -1
vn 0 0 -1
vn 0 0 -1
f 5237/5237/5237 5239/5239/5239 5238/5238/5238
f 5239/5239/5239 5240/5240/5240 5238/5238/5238
f 5241/5241/5241 5243/5243/5243 5242/5242/5242
f 5243/5243/5243 5244/5244/5244 5242/5242/5242
f 5245/5245/5245 5247/5247/5247 5246/5246/5246
f 5247/5247/5247 5248/5248/5248 5246/5246/5246
f 5249/5249/5249 5251/5251/5251 5250/5250/5250
f 5251/5251/5251 5252/5252/5252 5250/5250/5250
f 5253/5253/5253 5255/5255/5255 5254/5254/5254
f 5255/5255/5255 5256/5256/5256 5254/5254/5254
f 5257/5257/5257 5259/5259/5259 5258/5258/5258
f 5259/5259/5259 5260/5260/5260 5258/5258/5258
o bike_tank
usemtl bike_red
v 0.44000000417232515 2.289999997317791 0.1599999964237213
v 0.44000000417232515 2.289999997317791 -0.1599999964237213
v 0.44000000417232515 2.050000002682209 0.1599999964237213
v 0.44000000417232515 2.050000002682209 -0.1599999964237213
v -0.020000004172325114 2.289999997317791 -0.1599999964237213
v -0.020000004172325114 2.289999997317791 0.1599999964237213
v -0.020000004172325114 2.050000002682209 -0.1599999964237213
v -0.020000004172325114 2.050000002682209 0.1599999964237213
v -0.020000004172325114 2.289999997317791 -0.1599999964237213
v 0.44000000417232515 2.289999997317791 -0.1599999964237213
v -0.020000004172325114 2.289999997317791 0.1599999964237213
v 0.44000000417232515 2.289999997317791 0.1599999964237213
v -0.020000004172325114 2.050000002682209 0.1599999964237213
v 0.44000000417232515 2.050000002682209 0.1599999964237213
v -0.020000004172325114 2.050000002682209 -0.1599999964237213
v 0.44000000417232515 2.050000002682209 -0.1599999964237213
v -0.020000004172325114 2.289999997317791 0.1599999964237213
v 0.44000000417232515 2.289999997317791 0.1599999964237213
v -0.020000004172325114 2.050000002682209 0.1599999964237213
v 0.44000000417232515 2.050000002682209 0.1599999964237213
v 0.44000000417232515 2.289999997317791 -0.1599999964237213
v -0.020000004172325114 2.289999997317791 -0.1599999964237213
v 0.44000000417232515 2.050000002682209 -0.1599999964237213
v -0.020000004172325114 2.050000002682209 -0.1599999964237213
vt 0 1
vt 1 1
vt 0 0
vt 1 0
vt 0 1
vt 1 1
vt 0 0
vt 1 0
vt 0 1
vt 1 1
vt 0 0
vt 1 0
vt 0 1
vt 1 1
vt 0 0
vt 1 0
vt 0 1
vt 1 1
vt 0 0
vt 1 0
vt 0 1
vt 1 1
vt 0 0
vt 1 0
vn 1 0 0
vn 1 0 0
vn 1 0 0
vn 1 0 0
vn -1 0 0
vn -1 0 0
vn -1 0 0
vn -1 0 0
vn 0 1 0
vn 0 1 0
vn 0 1 0
vn 0 1 0
vn 0 -1 0
vn 0 -1 0
vn 0 -1 0
vn 0 -1 0
vn 0 0 1
vn 0 0 1
vn 0 0 1
vn 0 0 1
vn 0 0 -1
vn 0 0 -1
vn 0 0 -1
vn 0 0 -1
f 5261/5261/5261 5263/5263/5263 5262/5262/5262
f 5263/5263/5263 5264/5264/5264 5262/5262/5262
f 5265/5265/5265 5267/5267/5267 5266/5266/5266
f 5267/5267/5267 5268/5268/5268 5266/5266/5266
f 5269/5269/5269 5271/5271/5271 5270/5270/5270
f 5271/5271/5271 5272/5272/5272 5270/5270/5270
f 5273/5273/5273 5275/5275/5275 5274/5274/5274
f 5275/5275/5275 5276/5276/5276 5274/5274/5274
f 5277/5277/5277 5279/5279/5279 5278/5278/5278
f 5279/5279/5279 5280/5280/5280 5278/5278/5278
f 5281/5281/5281 5283/5283/5283 5282/5282/5282
f 5283/5283/5283 5284/5284/5284 5282/5282/5282
o bike_seat
usemtl bike_ink
v -0.09000000953674314 2.1899999986588954 0.12999999523162842
v -0.09000000953674314 2.1899999986588954 -0.12999999523162842
v -0.09000000953674314 2.0700000013411044 0.12999999523162842
v -0.09000000953674314 2.0700000013411044 -0.12999999523162842
v -0.6099999904632568 2.1899999986588954 -0.12999999523162842
v -0.6099999904632568 2.1899999986588954 0.12999999523162842
v -0.6099999904632568 2.0700000013411044 -0.12999999523162842
v -0.6099999904632568 2.0700000013411044 0.12999999523162842
v -0.6099999904632568 2.1899999986588954 -0.12999999523162842
v -0.09000000953674314 2.1899999986588954 -0.12999999523162842
v -0.6099999904632568 2.1899999986588954 0.12999999523162842
v -0.09000000953674314 2.1899999986588954 0.12999999523162842
v -0.6099999904632568 2.0700000013411044 0.12999999523162842
v -0.09000000953674314 2.0700000013411044 0.12999999523162842
v -0.6099999904632568 2.0700000013411044 -0.12999999523162842
v -0.09000000953674314 2.0700000013411044 -0.12999999523162842
v -0.6099999904632568 2.1899999986588954 0.12999999523162842
v -0.09000000953674314 2.1899999986588954 0.12999999523162842
v -0.6099999904632568 2.0700000013411044 0.12999999523162842
v -0.09000000953674314 2.0700000013411044 0.12999999523162842
v -0.09000000953674314 2.1899999986588954 -0.12999999523162842
v -0.6099999904632568 2.1899999986588954 -0.12999999523162842
v -0.09000000953674314 2.0700000013411044 -0.12999999523162842
v -0.6099999904632568 2.0700000013411044 -0.12999999523162842
vt 0 1
vt 1 1
vt 0 0
vt 1 0
vt 0 1
vt 1 1
vt 0 0
vt 1 0
vt 0 1
vt 1 1
vt 0 0
vt 1 0
vt 0 1
vt 1 1
vt 0 0
vt 1 0
vt 0 1
vt 1 1
vt 0 0
vt 1 0
vt 0 1
vt 1 1
vt 0 0
vt 1 0
vn 1 0 0
vn 1 0 0
vn 1 0 0
vn 1 0 0
vn -1 0 0
vn -1 0 0
vn -1 0 0
vn -1 0 0
vn 0 1 0
vn 0 1 0
vn 0 1 0
vn 0 1 0
vn 0 -1 0
vn 0 -1 0
vn 0 -1 0
vn 0 -1 0
vn 0 0 1
vn 0 0 1
vn 0 0 1
vn 0 0 1
vn 0 0 -1
vn 0 0 -1
vn 0 0 -1
vn 0 0 -1
f 5285/5285/5285 5287/5287/5287 5286/5286/5286
f 5287/5287/5287 5288/5288/5288 5286/5286/5286
f 5289/5289/5289 5291/5291/5291 5290/5290/5290
f 5291/5291/5291 5292/5292/5292 5290/5290/5290
f 5293/5293/5293 5295/5295/5295 5294/5294/5294
f 5295/5295/5295 5296/5296/5296 5294/5294/5294
f 5297/5297/5297 5299/5299/5299 5298/5298/5298
f 5299/5299/5299 5300/5300/5300 5298/5298/5298
f 5301/5301/5301 5303/5303/5303 5302/5302/5302
f 5303/5303/5303 5304/5304/5304 5302/5302/5302
f 5305/5305/5305 5307/5307/5307 5306/5306/5306
f 5307/5307/5307 5308/5308/5308 5306/5306/5306
o bike_headlight
usemtl bike_chrome
v 0.5700000008940697 2.13 0.10999999940395355
v 0.5700000008940697 2.1639918695390223 0.10461621731519699
v 0.5700000008940697 2.194656376838684 0.08899187296628952
v 0.5700000008940697 2.2189918729662894 0.06465637683868408
v 0.5700000008940697 2.234616217315197 0.033991869539022446
v 0.5700000008940697 2.2399999994039534 6.735557192910056e-18
v 0.5700000008940697 2.234616217315197 -0.033991869539022446
v 0.5700000008940697 2.2189918729662894 -0.06465637683868408
v 0.5700000008940697 2.194656376838684 -0.08899187296628952
v 0.5700000008940697 2.1639918695390223 -0.10461621731519699
v 0.5700000008940697 2.13 -0.10999999940395355
v 0.5700000008940697 2.0960081304609774 -0.10461621731519699
v 0.5700000008940697 2.065343623161316 -0.08899187296628952
v 0.5700000008940697 2.0410081270337104 -0.06465637683868408
v 0.5700000008940697 2.025383782684803 -0.033991869539022446
v 0.5700000008940697 2.0200000005960463 -2.020667240591078e-17
v 0.5700000008940697 2.025383782684803 0.033991869539022446
v 0.5700000008940697 2.0410081270337104 0.06465637683868408
v 0.5700000008940697 2.065343623161316 0.08899187296628952
v 0.5700000008940697 2.0960081304609774 0.10461621731519699
v 0.5700000008940697 2.13 0.10999999940395355
v 0.6499999991059303 2.13 0.10999999940395355
v 0.6499999991059303 2.1639918695390223 0.10461621731519699
v 0.6499999991059303 2.194656376838684 0.08899187296628952
v 0.6499999991059303 2.2189918729662894 0.06465637683868408
v 0.6499999991059303 2.234616217315197 0.033991869539022446
v 0.6499999991059303 2.2399999994039534 6.735557192910056e-18
v 0.6499999991059303 2.234616217315197 -0.033991869539022446
v 0.6499999991059303 2.2189918729662894 -0.06465637683868408
v 0.6499999991059303 2.194656376838684 -0.08899187296628952
v 0.6499999991059303 2.1639918695390223 -0.10461621731519699
v 0.6499999991059303 2.13 -0.10999999940395355
v 0.6499999991059303 2.0960081304609774 -0.10461621731519699
v 0.6499999991059303 2.065343623161316 -0.08899187296628952
v 0.6499999991059303 2.0410081270337104 -0.06465637683868408
v 0.6499999991059303 2.025383782684803 -0.033991869539022446
v 0.6499999991059303 2.0200000005960463 -2.020667240591078e-17
v 0.6499999991059303 2.025383782684803 0.033991869539022446
v 0.6499999991059303 2.0410081270337104 0.06465637683868408
v 0.6499999991059303 2.065343623161316 0.08899187296628952
v 0.6499999991059303 2.0960081304609774 0.10461621731519699
v 0.6499999991059303 2.13 0.10999999940395355
v 0.5700000008940697 2.13 0
v 0.5700000008940697 2.13 0
v 0.5700000008940697 2.13 0
v 0.5700000008940697 2.13 0
v 0.5700000008940697 2.13 0
v 0.5700000008940697 2.13 0
v 0.5700000008940697 2.13 0
v 0.5700000008940697 2.13 0
v 0.5700000008940697 2.13 0
v 0.5700000008940697 2.13 0
v 0.5700000008940697 2.13 0
v 0.5700000008940697 2.13 0
v 0.5700000008940697 2.13 0
v 0.5700000008940697 2.13 0
v 0.5700000008940697 2.13 0
v 0.5700000008940697 2.13 0
v 0.5700000008940697 2.13 0
v 0.5700000008940697 2.13 0
v 0.5700000008940697 2.13 0
v 0.5700000008940697 2.13 0
v 0.5700000008940697 2.13 0.10999999940395355
v 0.5700000008940697 2.1639918695390223 0.10461621731519699
v 0.5700000008940697 2.194656376838684 0.08899187296628952
v 0.5700000008940697 2.2189918729662894 0.06465637683868408
v 0.5700000008940697 2.234616217315197 0.033991869539022446
v 0.5700000008940697 2.2399999994039534 6.735557192910056e-18
v 0.5700000008940697 2.234616217315197 -0.033991869539022446
v 0.5700000008940697 2.2189918729662894 -0.06465637683868408
v 0.5700000008940697 2.194656376838684 -0.08899187296628952
v 0.5700000008940697 2.1639918695390223 -0.10461621731519699
v 0.5700000008940697 2.13 -0.10999999940395355
v 0.5700000008940697 2.0960081304609774 -0.10461621731519699
v 0.5700000008940697 2.065343623161316 -0.08899187296628952
v 0.5700000008940697 2.0410081270337104 -0.06465637683868408
v 0.5700000008940697 2.025383782684803 -0.033991869539022446
v 0.5700000008940697 2.0200000005960463 -2.020667240591078e-17
v 0.5700000008940697 2.025383782684803 0.033991869539022446
v 0.5700000008940697 2.0410081270337104 0.06465637683868408
v 0.5700000008940697 2.065343623161316 0.08899187296628952
v 0.5700000008940697 2.0960081304609774 0.10461621731519699
v 0.5700000008940697 2.13 0.10999999940395355
v 0.6499999991059303 2.13 0
v 0.6499999991059303 2.13 0
v 0.6499999991059303 2.13 0
v 0.6499999991059303 2.13 0
v 0.6499999991059303 2.13 0
v 0.6499999991059303 2.13 0
v 0.6499999991059303 2.13 0
v 0.6499999991059303 2.13 0
v 0.6499999991059303 2.13 0
v 0.6499999991059303 2.13 0
v 0.6499999991059303 2.13 0
v 0.6499999991059303 2.13 0
v 0.6499999991059303 2.13 0
v 0.6499999991059303 2.13 0
v 0.6499999991059303 2.13 0
v 0.6499999991059303 2.13 0
v 0.6499999991059303 2.13 0
v 0.6499999991059303 2.13 0
v 0.6499999991059303 2.13 0
v 0.6499999991059303 2.13 0
v 0.6499999991059303 2.13 0.10999999940395355
v 0.6499999991059303 2.1639918695390223 0.10461621731519699
v 0.6499999991059303 2.194656376838684 0.08899187296628952
v 0.6499999991059303 2.2189918729662894 0.06465637683868408
v 0.6499999991059303 2.234616217315197 0.033991869539022446
v 0.6499999991059303 2.2399999994039534 6.735557192910056e-18
v 0.6499999991059303 2.234616217315197 -0.033991869539022446
v 0.6499999991059303 2.2189918729662894 -0.06465637683868408
v 0.6499999991059303 2.194656376838684 -0.08899187296628952
v 0.6499999991059303 2.1639918695390223 -0.10461621731519699
v 0.6499999991059303 2.13 -0.10999999940395355
v 0.6499999991059303 2.0960081304609774 -0.10461621731519699
v 0.6499999991059303 2.065343623161316 -0.08899187296628952
v 0.6499999991059303 2.0410081270337104 -0.06465637683868408
v 0.6499999991059303 2.025383782684803 -0.033991869539022446
v 0.6499999991059303 2.0200000005960463 -2.020667240591078e-17
v 0.6499999991059303 2.025383782684803 0.033991869539022446
v 0.6499999991059303 2.0410081270337104 0.06465637683868408
v 0.6499999991059303 2.065343623161316 0.08899187296628952
v 0.6499999991059303 2.0960081304609774 0.10461621731519699
v 0.6499999991059303 2.13 0.10999999940395355
vt 0 1
vt 0.05000000074505806 1
vt 0.10000000149011612 1
vt 0.15000000596046448 1
vt 0.20000000298023224 1
vt 0.25 1
vt 0.30000001192092896 1
vt 0.3499999940395355 1
vt 0.4000000059604645 1
vt 0.44999998807907104 1
vt 0.5 1
vt 0.550000011920929 1
vt 0.6000000238418579 1
vt 0.6499999761581421 1
vt 0.699999988079071 1
vt 0.75 1
vt 0.800000011920929 1
vt 0.8500000238418579 1
vt 0.8999999761581421 1
vt 0.949999988079071 1
vt 1 1
vt 0 0
vt 0.05000000074505806 0
vt 0.10000000149011612 0
vt 0.15000000596046448 0
vt 0.20000000298023224 0
vt 0.25 0
vt 0.30000001192092896 0
vt 0.3499999940395355 0
vt 0.4000000059604645 0
vt 0.44999998807907104 0
vt 0.5 0
vt 0.550000011920929 0
vt 0.6000000238418579 0
vt 0.6499999761581421 0
vt 0.699999988079071 0
vt 0.75 0
vt 0.800000011920929 0
vt 0.8500000238418579 0
vt 0.8999999761581421 0
vt 0.949999988079071 0
vt 1 0
vt 0.5 0.5
vt 0.5 0.5
vt 0.5 0.5
vt 0.5 0.5
vt 0.5 0.5
vt 0.5 0.5
vt 0.5 0.5
vt 0.5 0.5
vt 0.5 0.5
vt 0.5 0.5
vt 0.5 0.5
vt 0.5 0.5
vt 0.5 0.5
vt 0.5 0.5
vt 0.5 0.5
vt 0.5 0.5
vt 0.5 0.5
vt 0.5 0.5
vt 0.5 0.5
vt 0.5 0.5
vt 1 0.5
vt 0.9755282402038574 0.6545084714889526
vt 0.9045084714889526 0.7938926219940186
vt 0.7938926219940186 0.9045084714889526
vt 0.6545084714889526 0.9755282402038574
vt 0.5 1
vt 0.345491498708725 0.9755282402038574
vt 0.20610737800598145 0.9045084714889526
vt 0.09549150615930557 0.7938926219940186
vt 0.024471741169691086 0.6545084714889526
vt 0 0.5
vt 0.024471741169691086 0.345491498708725
vt 0.09549150615930557 0.20610737800598145
vt 0.20610737800598145 0.09549150615930557
vt 0.345491498708725 0.024471741169691086
vt 0.5 0
vt 0.6545084714889526 0.024471741169691086
vt 0.7938926219940186 0.09549150615930557
vt 0.9045084714889526 0.20610737800598145
vt 0.9755282402038574 0.345491498708725
vt 1 0.5
vt 0.5 0.5
vt 0.5 0.5
vt 0.5 0.5
vt 0.5 0.5
vt 0.5 0.5
vt 0.5 0.5
vt 0.5 0.5
vt 0.5 0.5
vt 0.5 0.5
vt 0.5 0.5
vt 0.5 0.5
vt 0.5 0.5
vt 0.5 0.5
vt 0.5 0.5
vt 0.5 0.5
vt 0.5 0.5
vt 0.5 0.5
vt 0.5 0.5
vt 0.5 0.5
vt 0.5 0.5
vt 1 0.5
vt 0.9755282402038574 0.345491498708725
vt 0.9045084714889526 0.20610737800598145
vt 0.7938926219940186 0.09549150615930557
vt 0.6545084714889526 0.024471741169691086
vt 0.5 0
vt 0.345491498708725 0.024471741169691086
vt 0.20610737800598145 0.09549150615930557
vt 0.09549150615930557 0.20610737800598145
vt 0.024471741169691086 0.345491498708725
vt 0 0.5
vt 0.024471741169691086 0.6545084714889526
vt 0.09549150615930557 0.7938926219940186
vt 0.20610737800598145 0.9045084714889526
vt 0.345491498708725 0.9755282402038574
vt 0.5 1
vt 0.6545084714889526 0.9755282402038574
vt 0.7938926219940186 0.9045084714889526
vt 0.9045084714889526 0.7938926219940186
vt 0.9755282402038574 0.6545084714889526
vt 1 0.5
vn 0 0 1
vn 6.861555653181067e-17 0.3090169948284817 0.9510565161477913
vn 1.3051454205252937e-16 0.5877852429542022 0.8090170011595983
vn 1.796378604001166e-16 0.8090170011595983 0.5877852429542022
vn 2.1117696838941298e-16 0.9510565161477913 0.3090169948284817
vn 2.220446049250313e-16 1 6.123234262925839e-17
vn 2.1117696838941298e-16 0.9510565161477913 -0.3090169948284817
vn 1.796378604001166e-16 0.8090170011595983 -0.5877852429542022
vn 1.3051454205252937e-16 0.5877852429542022 -0.8090170011595983
vn 6.861555653181067e-17 0.3090169948284817 -0.9510565161477913
vn 2.7192622655495665e-32 1.2246468525851679e-16 -1
vn -6.861555653181067e-17 -0.3090169948284817 -0.9510565161477913
vn -1.3051454205252937e-16 -0.5877852429542022 -0.8090170011595983
vn -1.796378604001166e-16 -0.8090170011595983 -0.5877852429542022
vn -2.1117696838941298e-16 -0.9510565161477913 -0.3090169948284817
vn -2.220446049250313e-16 -1 -1.8369701465288538e-16
vn -2.1117696838941298e-16 -0.9510565161477913 0.3090169948284817
vn -1.796378604001166e-16 -0.8090170011595983 0.5877852429542022
vn -1.3051454205252937e-16 -0.5877852429542022 0.8090170011595983
vn -6.861555653181067e-17 -0.3090169948284817 0.9510565161477913
vn -5.438524531099133e-32 -2.4492937051703357e-16 1
vn 0 0 1
vn 6.861555653181067e-17 0.3090169948284817 0.9510565161477913
vn 1.3051454205252937e-16 0.5877852429542022 0.8090170011595983
vn 1.796378604001166e-16 0.8090170011595983 0.5877852429542022
vn 2.1117696838941298e-16 0.9510565161477913 0.3090169948284817
vn 2.220446049250313e-16 1 6.123234262925839e-17
vn 2.1117696838941298e-16 0.9510565161477913 -0.3090169948284817
vn 1.796378604001166e-16 0.8090170011595983 -0.5877852429542022
vn 1.3051454205252937e-16 0.5877852429542022 -0.8090170011595983
vn 6.861555653181067e-17 0.3090169948284817 -0.9510565161477913
vn 2.7192622655495665e-32 1.2246468525851679e-16 -1
vn -6.861555653181067e-17 -0.3090169948284817 -0.9510565161477913
vn -1.3051454205252937e-16 -0.5877852429542022 -0.8090170011595983
vn -1.796378604001166e-16 -0.8090170011595983 -0.5877852429542022
vn -2.1117696838941298e-16 -0.9510565161477913 -0.3090169948284817
vn -2.220446049250313e-16 -1 -1.8369701465288538e-16
vn -2.1117696838941298e-16 -0.9510565161477913 0.3090169948284817
vn -1.796378604001166e-16 -0.8090170011595983 0.5877852429542022
vn -1.3051454205252937e-16 -0.5877852429542022 0.8090170011595983
vn -6.861555653181067e-17 -0.3090169948284817 0.9510565161477913
vn -5.438524531099133e-32 -2.4492937051703357e-16 1
vn -1 2.220446049250313e-16 0
vn -1 2.220446049250313e-16 0
vn -1 2.220446049250313e-16 0
vn -1 2.220446049250313e-16 0
vn -1 2.220446049250313e-16 0
vn -1 2.220446049250313e-16 0
vn -1 2.220446049250313e-16 0
vn -1 2.220446049250313e-16 0
vn -1 2.220446049250313e-16 0
vn -1 2.220446049250313e-16 0
vn -1 2.220446049250313e-16 0
vn -1 2.220446049250313e-16 0
vn -1 2.220446049250313e-16 0
vn -1 2.220446049250313e-16 0
vn -1 2.220446049250313e-16 0
vn -1 2.220446049250313e-16 0
vn -1 2.220446049250313e-16 0
vn -1 2.220446049250313e-16 0
vn -1 2.220446049250313e-16 0
vn -1 2.220446049250313e-16 0
vn -1 2.220446049250313e-16 0
vn -1 2.220446049250313e-16 0
vn -1 2.220446049250313e-16 0
vn -1 2.220446049250313e-16 0
vn -1 2.220446049250313e-16 0
vn -1 2.220446049250313e-16 0
vn -1 2.220446049250313e-16 0
vn -1 2.220446049250313e-16 0
vn -1 2.220446049250313e-16 0
vn -1 2.220446049250313e-16 0
vn -1 2.220446049250313e-16 0
vn -1 2.220446049250313e-16 0
vn -1 2.220446049250313e-16 0
vn -1 2.220446049250313e-16 0
vn -1 2.220446049250313e-16 0
vn -1 2.220446049250313e-16 0
vn -1 2.220446049250313e-16 0
vn -1 2.220446049250313e-16 0
vn -1 2.220446049250313e-16 0
vn -1 2.220446049250313e-16 0
vn -1 2.220446049250313e-16 0
vn 1 -2.220446049250313e-16 0
vn 1 -2.220446049250313e-16 0
vn 1 -2.220446049250313e-16 0
vn 1 -2.220446049250313e-16 0
vn 1 -2.220446049250313e-16 0
vn 1 -2.220446049250313e-16 0
vn 1 -2.220446049250313e-16 0
vn 1 -2.220446049250313e-16 0
vn 1 -2.220446049250313e-16 0
vn 1 -2.220446049250313e-16 0
vn 1 -2.220446049250313e-16 0
vn 1 -2.220446049250313e-16 0
vn 1 -2.220446049250313e-16 0
vn 1 -2.220446049250313e-16 0
vn 1 -2.220446049250313e-16 0
vn 1 -2.220446049250313e-16 0
vn 1 -2.220446049250313e-16 0
vn 1 -2.220446049250313e-16 0
vn 1 -2.220446049250313e-16 0
vn 1 -2.220446049250313e-16 0
vn 1 -2.220446049250313e-16 0
vn 1 -2.220446049250313e-16 0
vn 1 -2.220446049250313e-16 0
vn 1 -2.220446049250313e-16 0
vn 1 -2.220446049250313e-16 0
vn 1 -2.220446049250313e-16 0
vn 1 -2.220446049250313e-16 0
vn 1 -2.220446049250313e-16 0
vn 1 -2.220446049250313e-16 0
vn 1 -2.220446049250313e-16 0
vn 1 -2.220446049250313e-16 0
vn 1 -2.220446049250313e-16 0
vn 1 -2.220446049250313e-16 0
vn 1 -2.220446049250313e-16 0
vn 1 -2.220446049250313e-16 0
vn 1 -2.220446049250313e-16 0
vn 1 -2.220446049250313e-16 0
vn 1 -2.220446049250313e-16 0
vn 1 -2.220446049250313e-16 0
vn 1 -2.220446049250313e-16 0
vn 1 -2.220446049250313e-16 0
f 5309/5309/5309 5330/5330/5330 5310/5310/5310
f 5330/5330/5330 5331/5331/5331 5310/5310/5310
f 5310/5310/5310 5331/5331/5331 5311/5311/5311
f 5331/5331/5331 5332/5332/5332 5311/5311/5311
f 5311/5311/5311 5332/5332/5332 5312/5312/5312
f 5332/5332/5332 5333/5333/5333 5312/5312/5312
f 5312/5312/5312 5333/5333/5333 5313/5313/5313
f 5333/5333/5333 5334/5334/5334 5313/5313/5313
f 5313/5313/5313 5334/5334/5334 5314/5314/5314
f 5334/5334/5334 5335/5335/5335 5314/5314/5314
f 5314/5314/5314 5335/5335/5335 5315/5315/5315
f 5335/5335/5335 5336/5336/5336 5315/5315/5315
f 5315/5315/5315 5336/5336/5336 5316/5316/5316
f 5336/5336/5336 5337/5337/5337 5316/5316/5316
f 5316/5316/5316 5337/5337/5337 5317/5317/5317
f 5337/5337/5337 5338/5338/5338 5317/5317/5317
f 5317/5317/5317 5338/5338/5338 5318/5318/5318
f 5338/5338/5338 5339/5339/5339 5318/5318/5318
f 5318/5318/5318 5339/5339/5339 5319/5319/5319
f 5339/5339/5339 5340/5340/5340 5319/5319/5319
f 5319/5319/5319 5340/5340/5340 5320/5320/5320
f 5340/5340/5340 5341/5341/5341 5320/5320/5320
f 5320/5320/5320 5341/5341/5341 5321/5321/5321
f 5341/5341/5341 5342/5342/5342 5321/5321/5321
f 5321/5321/5321 5342/5342/5342 5322/5322/5322
f 5342/5342/5342 5343/5343/5343 5322/5322/5322
f 5322/5322/5322 5343/5343/5343 5323/5323/5323
f 5343/5343/5343 5344/5344/5344 5323/5323/5323
f 5323/5323/5323 5344/5344/5344 5324/5324/5324
f 5344/5344/5344 5345/5345/5345 5324/5324/5324
f 5324/5324/5324 5345/5345/5345 5325/5325/5325
f 5345/5345/5345 5346/5346/5346 5325/5325/5325
f 5325/5325/5325 5346/5346/5346 5326/5326/5326
f 5346/5346/5346 5347/5347/5347 5326/5326/5326
f 5326/5326/5326 5347/5347/5347 5327/5327/5327
f 5347/5347/5347 5348/5348/5348 5327/5327/5327
f 5327/5327/5327 5348/5348/5348 5328/5328/5328
f 5348/5348/5348 5349/5349/5349 5328/5328/5328
f 5328/5328/5328 5349/5349/5349 5329/5329/5329
f 5349/5349/5349 5350/5350/5350 5329/5329/5329
f 5371/5371/5371 5372/5372/5372 5351/5351/5351
f 5372/5372/5372 5373/5373/5373 5352/5352/5352
f 5373/5373/5373 5374/5374/5374 5353/5353/5353
f 5374/5374/5374 5375/5375/5375 5354/5354/5354
f 5375/5375/5375 5376/5376/5376 5355/5355/5355
f 5376/5376/5376 5377/5377/5377 5356/5356/5356
f 5377/5377/5377 5378/5378/5378 5357/5357/5357
f 5378/5378/5378 5379/5379/5379 5358/5358/5358
f 5379/5379/5379 5380/5380/5380 5359/5359/5359
f 5380/5380/5380 5381/5381/5381 5360/5360/5360
f 5381/5381/5381 5382/5382/5382 5361/5361/5361
f 5382/5382/5382 5383/5383/5383 5362/5362/5362
f 5383/5383/5383 5384/5384/5384 5363/5363/5363
f 5384/5384/5384 5385/5385/5385 5364/5364/5364
f 5385/5385/5385 5386/5386/5386 5365/5365/5365
f 5386/5386/5386 5387/5387/5387 5366/5366/5366
f 5387/5387/5387 5388/5388/5388 5367/5367/5367
f 5388/5388/5388 5389/5389/5389 5368/5368/5368
f 5389/5389/5389 5390/5390/5390 5369/5369/5369
f 5390/5390/5390 5391/5391/5391 5370/5370/5370
f 5413/5413/5413 5412/5412/5412 5392/5392/5392
f 5414/5414/5414 5413/5413/5413 5393/5393/5393
f 5415/5415/5415 5414/5414/5414 5394/5394/5394
f 5416/5416/5416 5415/5415/5415 5395/5395/5395
f 5417/5417/5417 5416/5416/5416 5396/5396/5396
f 5418/5418/5418 5417/5417/5417 5397/5397/5397
f 5419/5419/5419 5418/5418/5418 5398/5398/5398
f 5420/5420/5420 5419/5419/5419 5399/5399/5399
f 5421/5421/5421 5420/5420/5420 5400/5400/5400
f 5422/5422/5422 5421/5421/5421 5401/5401/5401
f 5423/5423/5423 5422/5422/5422 5402/5402/5402
f 5424/5424/5424 5423/5423/5423 5403/5403/5403
f 5425/5425/5425 5424/5424/5424 5404/5404/5404
f 5426/5426/5426 5425/5425/5425 5405/5405/5405
f 5427/5427/5427 5426/5426/5426 5406/5406/5406
f 5428/5428/5428 5427/5427/5427 5407/5407/5407
f 5429/5429/5429 5428/5428/5428 5408/5408/5408
f 5430/5430/5430 5429/5429/5429 5409/5409/5409
f 5431/5431/5431 5430/5430/5430 5410/5410/5410
f 5432/5432/5432 5431/5431/5431 5411/5411/5411
o bike_handlebar
usemtl bike_chrome
v 0.47000000000000003 2.2280000001192093 0.33000001311302185
v 0.4809999999403954 2.2309474404901266 0.33000001311302185
v 0.4890525595098734 2.2390000000596046 0.33000001311302185
v 0.49199999988079074 2.25 0.33000001311302185
v 0.4890525595098734 2.2609999999403954 0.33000001311302185
v 0.4809999999403954 2.2690525595098734 0.33000001311302185
v 0.47000000000000003 2.2719999998807907 0.33000001311302185
v 0.4590000000596047 2.2690525595098734 0.33000001311302185
v 0.45094744049012664 2.2609999999403954 0.33000001311302185
v 0.4480000001192093 2.25 0.33000001311302185
v 0.45094744049012664 2.2390000000596046 0.33000001311302185
v 0.4590000000596047 2.2309474404901266 0.33000001311302185
v 0.47000000000000003 2.2280000001192093 0.33000001311302185
v 0.47000000000000003 2.2280000001192093 -0.33000001311302185
v 0.4809999999403954 2.2309474404901266 -0.33000001311302185
v 0.4890525595098734 2.2390000000596046 -0.33000001311302185
v 0.49199999988079074 2.25 -0.33000001311302185
v 0.4890525595098734 2.2609999999403954 -0.33000001311302185
v 0.4809999999403954 2.2690525595098734 -0.33000001311302185
v 0.47000000000000003 2.2719999998807907 -0.33000001311302185
v 0.4590000000596047 2.2690525595098734 -0.33000001311302185
v 0.45094744049012664 2.2609999999403954 -0.33000001311302185
v 0.4480000001192093 2.25 -0.33000001311302185
v 0.45094744049012664 2.2390000000596046 -0.33000001311302185
v 0.4590000000596047 2.2309474404901266 -0.33000001311302185
v 0.47000000000000003 2.2280000001192093 -0.33000001311302185
v 0.47000000000000003 2.25 0.33000001311302185
v 0.47000000000000003 2.25 0.33000001311302185
v 0.47000000000000003 2.25 0.33000001311302185
v 0.47000000000000003 2.25 0.33000001311302185
v 0.47000000000000003 2.25 0.33000001311302185
v 0.47000000000000003 2.25 0.33000001311302185
v 0.47000000000000003 2.25 0.33000001311302185
v 0.47000000000000003 2.25 0.33000001311302185
v 0.47000000000000003 2.25 0.33000001311302185
v 0.47000000000000003 2.25 0.33000001311302185
v 0.47000000000000003 2.25 0.33000001311302185
v 0.47000000000000003 2.25 0.33000001311302185
v 0.47000000000000003 2.2280000001192093 0.33000001311302185
v 0.4809999999403954 2.2309474404901266 0.33000001311302185
v 0.4890525595098734 2.2390000000596046 0.33000001311302185
v 0.49199999988079074 2.25 0.33000001311302185
v 0.4890525595098734 2.2609999999403954 0.33000001311302185
v 0.4809999999403954 2.2690525595098734 0.33000001311302185
v 0.47000000000000003 2.2719999998807907 0.33000001311302185
v 0.4590000000596047 2.2690525595098734 0.33000001311302185
v 0.45094744049012664 2.2609999999403954 0.33000001311302185
v 0.4480000001192093 2.25 0.33000001311302185
v 0.45094744049012664 2.2390000000596046 0.33000001311302185
v 0.4590000000596047 2.2309474404901266 0.33000001311302185
v 0.47000000000000003 2.2280000001192093 0.33000001311302185
v 0.47000000000000003 2.25 -0.33000001311302185
v 0.47000000000000003 2.25 -0.33000001311302185
v 0.47000000000000003 2.25 -0.33000001311302185
v 0.47000000000000003 2.25 -0.33000001311302185
v 0.47000000000000003 2.25 -0.33000001311302185
v 0.47000000000000003 2.25 -0.33000001311302185
v 0.47000000000000003 2.25 -0.33000001311302185
v 0.47000000000000003 2.25 -0.33000001311302185
v 0.47000000000000003 2.25 -0.33000001311302185
v 0.47000000000000003 2.25 -0.33000001311302185
v 0.47000000000000003 2.25 -0.33000001311302185
v 0.47000000000000003 2.25 -0.33000001311302185
v 0.47000000000000003 2.2280000001192093 -0.33000001311302185
v 0.4809999999403954 2.2309474404901266 -0.33000001311302185
v 0.4890525595098734 2.2390000000596046 -0.33000001311302185
v 0.49199999988079074 2.25 -0.33000001311302185
v 0.4890525595098734 2.2609999999403954 -0.33000001311302185
v 0.4809999999403954 2.2690525595098734 -0.33000001311302185
v 0.47000000000000003 2.2719999998807907 -0.33000001311302185
v 0.4590000000596047 2.2690525595098734 -0.33000001311302185
v 0.45094744049012664 2.2609999999403954 -0.33000001311302185
v 0.4480000001192093 2.25 -0.33000001311302185
v 0.45094744049012664 2.2390000000596046 -0.33000001311302185
v 0.4590000000596047 2.2309474404901266 -0.33000001311302185
v 0.47000000000000003 2.2280000001192093 -0.33000001311302185
vt 0 1
vt 0.0833333358168602 1
vt 0.1666666716337204 1
vt 0.25 1
vt 0.3333333432674408 1
vt 0.4166666567325592 1
vt 0.5 1
vt 0.5833333134651184 1
vt 0.6666666865348816 1
vt 0.75 1
vt 0.8333333134651184 1
vt 0.9166666865348816 1
vt 1 1
vt 0 0
vt 0.0833333358168602 0
vt 0.1666666716337204 0
vt 0.25 0
vt 0.3333333432674408 0
vt 0.4166666567325592 0
vt 0.5 0
vt 0.5833333134651184 0
vt 0.6666666865348816 0
vt 0.75 0
vt 0.8333333134651184 0
vt 0.9166666865348816 0
vt 1 0
vt 0.5 0.5
vt 0.5 0.5
vt 0.5 0.5
vt 0.5 0.5
vt 0.5 0.5
vt 0.5 0.5
vt 0.5 0.5
vt 0.5 0.5
vt 0.5 0.5
vt 0.5 0.5
vt 0.5 0.5
vt 0.5 0.5
vt 1 0.5
vt 0.9330127239227295 0.75
vt 0.75 0.9330127239227295
vt 0.5 1
vt 0.25 0.9330127239227295
vt 0.0669872984290123 0.75
vt 0 0.5
vt 0.0669872984290123 0.25
vt 0.25 0.0669872984290123
vt 0.5 0
vt 0.75 0.0669872984290123
vt 0.9330127239227295 0.25
vt 1 0.5
vt 0.5 0.5
vt 0.5 0.5
vt 0.5 0.5
vt 0.5 0.5
vt 0.5 0.5
vt 0.5 0.5
vt 0.5 0.5
vt 0.5 0.5
vt 0.5 0.5
vt 0.5 0.5
vt 0.5 0.5
vt 0.5 0.5
vt 1 0.5
vt 0.9330127239227295 0.25
vt 0.75 0.0669872984290123
vt 0.5 0
vt 0.25 0.0669872984290123
vt 0.0669872984290123 0.25
vt 0 0.5
vt 0.0669872984290123 0.75
vt 0.25 0.9330127239227295
vt 0.5 1
vt 0.75 0.9330127239227295
vt 0.9330127239227295 0.75
vt 1 0.5
vn 0 -1 2.220446049250313e-16
vn 0.5000000067305869 -0.8660253998985324 1.9229626777551189e-16
vn 0.8660253998985324 -0.5000000067305869 1.1102230395700616e-16
vn 1 -6.123234262925839e-17 1.3596311327747833e-32
vn 0.8660253998985324 0.5000000067305869 -1.1102230395700616e-16
vn 0.5000000067305869 0.8660253998985324 -1.9229626777551189e-16
vn 1.2246468525851679e-16 1 -2.220446049250313e-16
vn -0.5000000067305869 0.8660253998985324 -1.9229626777551189e-16
vn -0.8660253998985324 0.5000000067305869 -1.1102230395700616e-16
vn -1 1.8369701465288538e-16 -4.078893104450762e-32
vn -0.8660253998985324 -0.5000000067305869 1.1102230395700616e-16
vn -0.5000000067305869 -0.8660253998985324 1.9229626777551189e-16
vn -2.4492937051703357e-16 -1 2.220446049250313e-16
vn 0 -1 2.220446049250313e-16
vn 0.5000000067305869 -0.8660253998985324 1.9229626777551189e-16
vn 0.8660253998985324 -0.5000000067305869 1.1102230395700616e-16
vn 1 -6.123234262925839e-17 1.3596311327747833e-32
vn 0.8660253998985324 0.5000000067305869 -1.1102230395700616e-16
vn 0.5000000067305869 0.8660253998985324 -1.9229626777551189e-16
vn 1.2246468525851679e-16 1 -2.220446049250313e-16
vn -0.5000000067305869 0.8660253998985324 -1.9229626777551189e-16
vn -0.8660253998985324 0.5000000067305869 -1.1102230395700616e-16
vn -1 1.8369701465288538e-16 -4.078893104450762e-32
vn -0.8660253998985324 -0.5000000067305869 1.1102230395700616e-16
vn -0.5000000067305869 -0.8660253998985324 1.9229626777551189e-16
vn -2.4492937051703357e-16 -1 2.220446049250313e-16
vn 0 2.220446049250313e-16 1
vn 0 2.220446049250313e-16 1
vn 0 2.220446049250313e-16 1
vn 0 2.220446049250313e-16 1
vn 0 2.220446049250313e-16 1
vn 0 2.220446049250313e-16 1
vn 0 2.220446049250313e-16 1
vn 0 2.220446049250313e-16 1
vn 0 2.220446049250313e-16 1
vn 0 2.220446049250313e-16 1
vn 0 2.220446049250313e-16 1
vn 0 2.220446049250313e-16 1
vn 0 2.220446049250313e-16 1
vn 0 2.220446049250313e-16 1
vn 0 2.220446049250313e-16 1
vn 0 2.220446049250313e-16 1
vn 0 2.220446049250313e-16 1
vn 0 2.220446049250313e-16 1
vn 0 2.220446049250313e-16 1
vn 0 2.220446049250313e-16 1
vn 0 2.220446049250313e-16 1
vn 0 2.220446049250313e-16 1
vn 0 2.220446049250313e-16 1
vn 0 2.220446049250313e-16 1
vn 0 2.220446049250313e-16 1
vn 0 -2.220446049250313e-16 -1
vn 0 -2.220446049250313e-16 -1
vn 0 -2.220446049250313e-16 -1
vn 0 -2.220446049250313e-16 -1
vn 0 -2.220446049250313e-16 -1
vn 0 -2.220446049250313e-16 -1
vn 0 -2.220446049250313e-16 -1
vn 0 -2.220446049250313e-16 -1
vn 0 -2.220446049250313e-16 -1
vn 0 -2.220446049250313e-16 -1
vn 0 -2.220446049250313e-16 -1
vn 0 -2.220446049250313e-16 -1
vn 0 -2.220446049250313e-16 -1
vn 0 -2.220446049250313e-16 -1
vn 0 -2.220446049250313e-16 -1
vn 0 -2.220446049250313e-16 -1
vn 0 -2.220446049250313e-16 -1
vn 0 -2.220446049250313e-16 -1
vn 0 -2.220446049250313e-16 -1
vn 0 -2.220446049250313e-16 -1
vn 0 -2.220446049250313e-16 -1
vn 0 -2.220446049250313e-16 -1
vn 0 -2.220446049250313e-16 -1
vn 0 -2.220446049250313e-16 -1
vn 0 -2.220446049250313e-16 -1
f 5433/5433/5433 5446/5446/5446 5434/5434/5434
f 5446/5446/5446 5447/5447/5447 5434/5434/5434
f 5434/5434/5434 5447/5447/5447 5435/5435/5435
f 5447/5447/5447 5448/5448/5448 5435/5435/5435
f 5435/5435/5435 5448/5448/5448 5436/5436/5436
f 5448/5448/5448 5449/5449/5449 5436/5436/5436
f 5436/5436/5436 5449/5449/5449 5437/5437/5437
f 5449/5449/5449 5450/5450/5450 5437/5437/5437
f 5437/5437/5437 5450/5450/5450 5438/5438/5438
f 5450/5450/5450 5451/5451/5451 5438/5438/5438
f 5438/5438/5438 5451/5451/5451 5439/5439/5439
f 5451/5451/5451 5452/5452/5452 5439/5439/5439
f 5439/5439/5439 5452/5452/5452 5440/5440/5440
f 5452/5452/5452 5453/5453/5453 5440/5440/5440
f 5440/5440/5440 5453/5453/5453 5441/5441/5441
f 5453/5453/5453 5454/5454/5454 5441/5441/5441
f 5441/5441/5441 5454/5454/5454 5442/5442/5442
f 5454/5454/5454 5455/5455/5455 5442/5442/5442
f 5442/5442/5442 5455/5455/5455 5443/5443/5443
f 5455/5455/5455 5456/5456/5456 5443/5443/5443
f 5443/5443/5443 5456/5456/5456 5444/5444/5444
f 5456/5456/5456 5457/5457/5457 5444/5444/5444
f 5444/5444/5444 5457/5457/5457 5445/5445/5445
f 5457/5457/5457 5458/5458/5458 5445/5445/5445
f 5471/5471/5471 5472/5472/5472 5459/5459/5459
f 5472/5472/5472 5473/5473/5473 5460/5460/5460
f 5473/5473/5473 5474/5474/5474 5461/5461/5461
f 5474/5474/5474 5475/5475/5475 5462/5462/5462
f 5475/5475/5475 5476/5476/5476 5463/5463/5463
f 5476/5476/5476 5477/5477/5477 5464/5464/5464
f 5477/5477/5477 5478/5478/5478 5465/5465/5465
f 5478/5478/5478 5479/5479/5479 5466/5466/5466
f 5479/5479/5479 5480/5480/5480 5467/5467/5467
f 5480/5480/5480 5481/5481/5481 5468/5468/5468
f 5481/5481/5481 5482/5482/5482 5469/5469/5469
f 5482/5482/5482 5483/5483/5483 5470/5470/5470
f 5497/5497/5497 5496/5496/5496 5484/5484/5484
f 5498/5498/5498 5497/5497/5497 5485/5485/5485
f 5499/5499/5499 5498/5498/5498 5486/5486/5486
f 5500/5500/5500 5499/5499/5499 5487/5487/5487
f 5501/5501/5501 5500/5500/5500 5488/5488/5488
f 5502/5502/5502 5501/5501/5501 5489/5489/5489
f 5503/5503/5503 5502/5502/5502 5490/5490/5490
f 5504/5504/5504 5503/5503/5503 5491/5491/5491
f 5505/5505/5505 5504/5504/5504 5492/5492/5492
f 5506/5506/5506 5505/5505/5505 5493/5493/5493
f 5507/5507/5507 5506/5506/5506 5494/5494/5494
f 5508/5508/5508 5507/5507/5507 5495/5495/5495
o bike_fork_l
usemtl bike_chrome
v 0.5098584129568402 2.171181345040462 0.11498426989445493
v 0.5266022931013521 2.1751601696956286 0.11150586083502699
v 0.5408186256634431 2.178353404709745 0.10170856329850837
v 0.5503431009273634 2.1802749084228785 0.08708392330916839
v 0.5537257074826486 2.1806321502453714 0.06985841174383436
v 0.5504514679970484 2.1793707418299038 0.05265445574193245
v 0.5410188619042591 2.1766827226457655 0.03809120076392708
v 0.5268639143535028 2.172977318420841 0.028385772398539483
v 0.510141589772423 2.1688186437392343 0.025015730408796552
v 0.4933977096279112 2.1648398190840674 0.02849413946822448
v 0.4791813770658202 2.1616465840699512 0.0382914370047431
v 0.46965690180189984 2.1597250803568175 0.05291607699408308
v 0.4662742952466147 2.1593678385343247 0.0701415885594171
v 0.46954853473221486 2.1606292469497923 0.08734554456131902
v 0.4789811408250042 2.1633172661339306 0.10190879953932439
v 0.4931360883757605 2.167022670358855 0.11161422790471198
v 0.5098584129568402 2.171181345040462 0.11498426989445493
v 0.6898584102275772 1.4311813562607658 0.13498426959120347
v 0.706602290372089 1.4351601809159327 0.13150586053177551
v 0.72081862293418 1.438353415930049 0.1217085629952569
v 0.7303430981981003 1.4402749196431825 0.10708392300591693
v 0.7337257047533855 1.4406321614656754 0.08985841144058289
v 0.7304514652677854 1.4393707530502078 0.07265445543868099
v 0.721018859174996 1.4366827338660697 0.05809120046067561
v 0.7068639116242397 1.4329773296411454 0.048385772095288014
v 0.69014158704316 1.4288186549595383 0.045015730105545076
v 0.6733977068986481 1.4248398303043714 0.04849413916497301
v 0.6591813743365571 1.4216465952902553 0.05829143670149163
v 0.6496568990726368 1.4197250915771216 0.07291607669083161
v 0.6462742925173516 1.4193678497546287 0.09014158825616564
v 0.6495485320029518 1.4206292581700966 0.10734554425806755
v 0.6589811380957411 1.4233172773542346 0.12190879923607292
v 0.6731360856464974 1.427022681579159 0.13161422760146052
v 0.6898584102275771 1.4311813562607658 0.13498426959120347
v 0.5100000013646316 2.169999994389848 0.07000000015162573
v 0.5100000013646316 2.169999994389848 0.07000000015162573
v 0.5100000013646316 2.169999994389848 0.07000000015162573
v 0.5100000013646316 2.169999994389848 0.07000000015162573
v 0.5100000013646316 2.169999994389848 0.07000000015162573
v 0.5100000013646316 2.169999994389848 0.07000000015162573
v 0.5100000013646316 2.169999994389848 0.07000000015162573
v 0.5100000013646316 2.169999994389848 0.07000000015162573
v 0.5100000013646316 2.169999994389848 0.07000000015162573
v 0.5100000013646316 2.169999994389848 0.07000000015162573
v 0.5100000013646316 2.169999994389848 0.07000000015162573
v 0.5100000013646316 2.169999994389848 0.07000000015162573
v 0.5100000013646316 2.169999994389848 0.07000000015162573
v 0.5100000013646316 2.169999994389848 0.07000000015162573
v 0.5100000013646316 2.169999994389848 0.07000000015162573
v 0.5100000013646316 2.169999994389848 0.07000000015162573
v 0.5098584129568402 2.171181345040462 0.11498426989445493
v 0.5266022931013521 2.1751601696956286 0.11150586083502699
v 0.5408186256634431 2.178353404709745 0.10170856329850837
v 0.5503431009273634 2.1802749084228785 0.08708392330916839
v 0.5537257074826486 2.1806321502453714 0.06985841174383436
v 0.5504514679970484 2.1793707418299038 0.05265445574193245
v 0.5410188619042591 2.1766827226457655 0.03809120076392708
v 0.5268639143535028 2.172977318420841 0.028385772398539483
v 0.510141589772423 2.1688186437392343 0.025015730408796552
v 0.4933977096279112 2.1648398190840674 0.02849413946822448
v 0.4791813770658202 2.1616465840699512 0.0382914370047431
v 0.46965690180189984 2.1597250803568175 0.05291607699408308
v 0.4662742952466147 2.1593678385343247 0.0701415885594171
v 0.46954853473221486 2.1606292469497923 0.08734554456131902
v 0.4789811408250042 2.1633172661339306 0.10190879953932439
v 0.4931360883757605 2.167022670358855 0.11161422790471198
v 0.5098584129568402 2.171181345040462 0.11498426989445493
v 0.6899999986353685 1.430000005610152 0.08999999984837427
v 0.6899999986353685 1.430000005610152 0.08999999984837427
v 0.6899999986353685 1.430000005610152 0.08999999984837427
v 0.6899999986353685 1.430000005610152 0.08999999984837427
v 0.6899999986353685 1.430000005610152 0.08999999984837427
v 0.6899999986353685 1.430000005610152 0.08999999984837427
v 0.6899999986353685 1.430000005610152 0.08999999984837427
v 0.6899999986353685 1.430000005610152 0.08999999984837427
v 0.6899999986353685 1.430000005610152 0.08999999984837427
v 0.6899999986353685 1.430000005610152 0.08999999984837427
v 0.6899999986353685 1.430000005610152 0.08999999984837427
v 0.6899999986353685 1.430000005610152 0.08999999984837427
v 0.6899999986353685 1.430000005610152 0.08999999984837427
v 0.6899999986353685 1.430000005610152 0.08999999984837427
v 0.6899999986353685 1.430000005610152 0.08999999984837427
v 0.6899999986353685 1.430000005610152 0.08999999984837427
v 0.6898584102275772 1.4311813562607658 0.13498426959120347
v 0.706602290372089 1.4351601809159327 0.13150586053177551
v 0.72081862293418 1.438353415930049 0.1217085629952569
v 0.7303430981981003 1.4402749196431825 0.10708392300591693
v 0.7337257047533855 1.4406321614656754 0.08985841144058289
v 0.7304514652677854 1.4393707530502078 0.07265445543868099
v 0.721018859174996 1.4366827338660697 0.05809120046067561
v 0.7068639116242397 1.4329773296411454 0.048385772095288014
v 0.69014158704316 1.4288186549595383 0.045015730105545076
v 0.6733977068986481 1.4248398303043714 0.04849413916497301
v 0.6591813743365571 1.4216465952902553 0.05829143670149163
v 0.6496568990726368 1.4197250915771216 0.07291607669083161
v 0.6462742925173516 1.4193678497546287 0.09014158825616564
v 0.6495485320029518 1.4206292581700966 0.10734554425806755
v 0.6589811380957411 1.4233172773542346 0.12190879923607292
v 0.6731360856464974 1.427022681579159 0.13161422760146052
v 0.6898584102275771 1.4311813562607658 0.13498426959120347
vt 0 1
vt 0.0625 1
vt 0.125 1
vt 0.1875 1
vt 0.25 1
vt 0.3125 1
vt 0.375 1
vt 0.4375 1
vt 0.5 1
vt 0.5625 1
vt 0.625 1
vt 0.6875 1
vt 0.75 1
vt 0.8125 1
vt 0.875 1
vt 0.9375 1
vt 1 1
vt 0 0
vt 0.0625 0
vt 0.125 0
vt 0.1875 0
vt 0.25 0
vt 0.3125 0
vt 0.375 0
vt 0.4375 0
vt 0.5 0
vt 0.5625 0
vt 0.625 0
vt 0.6875 0
vt 0.75 0
vt 0.8125 0
vt 0.875 0
vt 0.9375 0
vt 1 0
vt 0.5 0.5
vt 0.5 0.5
vt 0.5 0.5
vt 0.5 0.5
vt 0.5 0.5
vt 0.5 0.5
vt 0.5 0.5
vt 0.5 0.5
vt 0.5 0.5
vt 0.5 0.5
vt 0.5 0.5
vt 0.5 0.5
vt 0.5 0.5
vt 0.5 0.5
vt 0.5 0.5
vt 0.5 0.5
vt 1 0.5
vt 0.9619397521018982 0.6913416981697083
vt 0.8535534143447876 0.8535534143447876
vt 0.6913416981697083 0.9619397521018982
vt 0.5 1
vt 0.30865827202796936 0.9619397521018982
vt 0.1464466154575348 0.8535534143447876
vt 0.03806023299694061 0.6913416981697083
vt 0 0.5
vt 0.03806023299694061 0.30865827202796936
vt 0.1464466154575348 0.1464466154575348
vt 0.30865827202796936 0.03806023299694061
vt 0.5 0
vt 0.6913416981697083 0.03806023299694061
vt 0.8535534143447876 0.1464466154575348
vt 0.9619397521018982 0.30865827202796936
vt 1 0.5
vt 0.5 0.5
vt 0.5 0.5
vt 0.5 0.5
vt 0.5 0.5
vt 0.5 0.5
vt 0.5 0.5
vt 0.5 0.5
vt 0.5 0.5
vt 0.5 0.5
vt 0.5 0.5
vt 0.5 0.5
vt 0.5 0.5
vt 0.5 0.5
vt 0.5 0.5
vt 0.5 0.5
vt 0.5 0.5
vt 1 0.5
vt 0.9619397521018982 0.30865827202796936
vt 0.8535534143447876 0.1464466154575348
vt 0.6913416981697083 0.03806023299694061
vt 0.5 0
vt 0.30865827202796936 0.03806023299694061
vt 0.1464466154575348 0.1464466154575348
vt 0.03806023299694061 0.30865827202796936
vt 0 0.5
vt 0.03806023299694061 0.6913416981697083
vt 0.1464466154575348 0.8535534143447876
vt 0.30865827202796936 0.9619397521018982
vt 0.5 1
vt 0.6913416981697083 0.9619397521018982
vt 0.8535534143447876 0.8535534143447876
vt 0.9619397521018982 0.6913416981697083
vt 1 0.5
vn -0.0031464089370035323 0.026252235637134257 0.9996503990069997
vn 0.3689398269719321 0.11467056501420854 0.9223524627783258
vn 0.6848583102291359 0.1856313384032479 0.7046347288579461
vn 0.8965133266744361 0.22833142399486422 0.3796427477400478
vn 0.9716823195669682 0.23627012073420847 -0.0031464089370034703
vn 0.8989214838472621 0.2082388324665389 -0.38545655336342305
vn 0.6893080044206182 0.14850507072259833 -0.7090844230494285
vn 0.3747536325953073 0.06616275874071935 -0.9247606199511519
vn 0.003146408937003651 -0.02625223563713423 -0.9996503990069997
vn -0.3689398269719321 -0.11467056501420854 -0.9223524627783258
vn -0.6848583102291359 -0.1856313384032479 -0.7046347288579461
vn -0.8965133266744361 -0.22833142399486422 -0.3796427477400478
vn -0.9716823195669682 -0.23627012073420847 0.003146408937003348
vn -0.8989214838472621 -0.2082388324665389 0.38545655336342305
vn -0.6893080044206182 -0.14850507072259833 0.7090844230494285
vn -0.3747536325953073 -0.06616275874071935 0.9247606199511519
vn -0.0031464089370037704 0.0262522356371342 0.9996503990069997
vn -0.0031464089370035323 0.026252235637134257 0.9996503990069997
vn 0.3689398269719321 0.11467056501420854 0.9223524627783258
vn 0.6848583102291359 0.1856313384032479 0.7046347288579461
vn 0.8965133266744361 0.22833142399486422 0.3796427477400478
vn 0.9716823195669682 0.23627012073420847 -0.0031464089370034703
vn 0.8989214838472621 0.2082388324665389 -0.38545655336342305
vn 0.6893080044206182 0.14850507072259833 -0.7090844230494285
vn 0.3747536325953073 0.06616275874071935 -0.9247606199511519
vn 0.003146408937003651 -0.02625223563713423 -0.9996503990069997
vn -0.3689398269719321 -0.11467056501420854 -0.9223524627783258
vn -0.6848583102291359 -0.1856313384032479 -0.7046347288579461
vn -0.8965133266744361 -0.22833142399486422 -0.3796427477400478
vn -0.9716823195669682 -0.23627012073420847 0.003146408937003348
vn -0.8989214838472621 -0.2082388324665389 0.38545655336342305
vn -0.6893080044206182 -0.14850507072259833 0.7090844230494285
vn -0.3747536325953073 -0.06616275874071935 0.9247606199511519
vn -0.0031464089370037704 0.0262522356371342 0.9996503990069997
vn -0.23627012073420847 0.9713327185739677 -0.02625223563713425
vn -0.23627012073420847 0.9713327185739677 -0.02625223563713425
vn -0.23627012073420847 0.9713327185739677 -0.02625223563713425
vn -0.23627012073420847 0.9713327185739677 -0.02625223563713425
vn -0.23627012073420847 0.9713327185739677 -0.02625223563713425
vn -0.23627012073420847 0.9713327185739677 -0.02625223563713425
vn -0.23627012073420847 0.9713327185739677 -0.02625223563713425
vn -0.23627012073420847 0.9713327185739677 -0.02625223563713425
vn -0.23627012073420847 0.9713327185739677 -0.02625223563713425
vn -0.23627012073420847 0.9713327185739677 -0.02625223563713425
vn -0.23627012073420847 0.9713327185739677 -0.02625223563713425
vn -0.23627012073420847 0.9713327185739677 -0.02625223563713425
vn -0.23627012073420847 0.9713327185739677 -0.02625223563713425
vn -0.23627012073420847 0.9713327185739677 -0.02625223563713425
vn -0.23627012073420847 0.9713327185739677 -0.02625223563713425
vn -0.23627012073420847 0.9713327185739677 -0.02625223563713425
vn -0.23627012073420847 0.9713327185739677 -0.02625223563713425
vn -0.23627012073420847 0.9713327185739677 -0.02625223563713425
vn -0.23627012073420847 0.9713327185739677 -0.02625223563713425
vn -0.23627012073420847 0.9713327185739677 -0.02625223563713425
vn -0.23627012073420847 0.9713327185739677 -0.02625223563713425
vn -0.23627012073420847 0.9713327185739677 -0.02625223563713425
vn -0.23627012073420847 0.9713327185739677 -0.02625223563713425
vn -0.23627012073420847 0.9713327185739677 -0.02625223563713425
vn -0.23627012073420847 0.9713327185739677 -0.02625223563713425
vn -0.23627012073420847 0.9713327185739677 -0.02625223563713425
vn -0.23627012073420847 0.9713327185739677 -0.02625223563713425
vn -0.23627012073420847 0.9713327185739677 -0.02625223563713425
vn -0.23627012073420847 0.9713327185739677 -0.02625223563713425
vn -0.23627012073420847 0.9713327185739677 -0.02625223563713425
vn -0.23627012073420847 0.9713327185739677 -0.02625223563713425
vn -0.23627012073420847 0.9713327185739677 -0.02625223563713425
vn -0.23627012073420847 0.9713327185739677 -0.02625223563713425
vn 0.23627012073420847 -0.9713327185739677 0.02625223563713425
vn 0.23627012073420847 -0.9713327185739677 0.02625223563713425
vn 0.23627012073420847 -0.9713327185739677 0.02625223563713425
vn 0.23627012073420847 -0.9713327185739677 0.02625223563713425
vn 0.23627012073420847 -0.9713327185739677 0.02625223563713425
vn 0.23627012073420847 -0.9713327185739677 0.02625223563713425
vn 0.23627012073420847 -0.9713327185739677 0.02625223563713425
vn 0.23627012073420847 -0.9713327185739677 0.02625223563713425
vn 0.23627012073420847 -0.9713327185739677 0.02625223563713425
vn 0.23627012073420847 -0.9713327185739677 0.02625223563713425
vn 0.23627012073420847 -0.9713327185739677 0.02625223563713425
vn 0.23627012073420847 -0.9713327185739677 0.02625223563713425
vn 0.23627012073420847 -0.9713327185739677 0.02625223563713425
vn 0.23627012073420847 -0.9713327185739677 0.02625223563713425
vn 0.23627012073420847 -0.9713327185739677 0.02625223563713425
vn 0.23627012073420847 -0.9713327185739677 0.02625223563713425
vn 0.23627012073420847 -0.9713327185739677 0.02625223563713425
vn 0.23627012073420847 -0.9713327185739677 0.02625223563713425
vn 0.23627012073420847 -0.9713327185739677 0.02625223563713425
vn 0.23627012073420847 -0.9713327185739677 0.02625223563713425
vn 0.23627012073420847 -0.9713327185739677 0.02625223563713425
vn 0.23627012073420847 -0.9713327185739677 0.02625223563713425
vn 0.23627012073420847 -0.9713327185739677 0.02625223563713425
vn 0.23627012073420847 -0.9713327185739677 0.02625223563713425
vn 0.23627012073420847 -0.9713327185739677 0.02625223563713425
vn 0.23627012073420847 -0.9713327185739677 0.02625223563713425
vn 0.23627012073420847 -0.9713327185739677 0.02625223563713425
vn 0.23627012073420847 -0.9713327185739677 0.02625223563713425
vn 0.23627012073420847 -0.9713327185739677 0.02625223563713425
vn 0.23627012073420847 -0.9713327185739677 0.02625223563713425
vn 0.23627012073420847 -0.9713327185739677 0.02625223563713425
vn 0.23627012073420847 -0.9713327185739677 0.02625223563713425
vn 0.23627012073420847 -0.9713327185739677 0.02625223563713425
f 5509/5509/5509 5526/5526/5526 5510/5510/5510
f 5526/5526/5526 5527/5527/5527 5510/5510/5510
f 5510/5510/5510 5527/5527/5527 5511/5511/5511
f 5527/5527/5527 5528/5528/5528 5511/5511/5511
f 5511/5511/5511 5528/5528/5528 5512/5512/5512
f 5528/5528/5528 5529/5529/5529 5512/5512/5512
f 5512/5512/5512 5529/5529/5529 5513/5513/5513
f 5529/5529/5529 5530/5530/5530 5513/5513/5513
f 5513/5513/5513 5530/5530/5530 5514/5514/5514
f 5530/5530/5530 5531/5531/5531 5514/5514/5514
f 5514/5514/5514 5531/5531/5531 5515/5515/5515
f 5531/5531/5531 5532/5532/5532 5515/5515/5515
f 5515/5515/5515 5532/5532/5532 5516/5516/5516
f 5532/5532/5532 5533/5533/5533 5516/5516/5516
f 5516/5516/5516 5533/5533/5533 5517/5517/5517
f 5533/5533/5533 5534/5534/5534 5517/5517/5517
f 5517/5517/5517 5534/5534/5534 5518/5518/5518
f 5534/5534/5534 5535/5535/5535 5518/5518/5518
f 5518/5518/5518 5535/5535/5535 5519/5519/5519
f 5535/5535/5535 5536/5536/5536 5519/5519/5519
f 5519/5519/5519 5536/5536/5536 5520/5520/5520
f 5536/5536/5536 5537/5537/5537 5520/5520/5520
f 5520/5520/5520 5537/5537/5537 5521/5521/5521
f 5537/5537/5537 5538/5538/5538 5521/5521/5521
f 5521/5521/5521 5538/5538/5538 5522/5522/5522
f 5538/5538/5538 5539/5539/5539 5522/5522/5522
f 5522/5522/5522 5539/5539/5539 5523/5523/5523
f 5539/5539/5539 5540/5540/5540 5523/5523/5523
f 5523/5523/5523 5540/5540/5540 5524/5524/5524
f 5540/5540/5540 5541/5541/5541 5524/5524/5524
f 5524/5524/5524 5541/5541/5541 5525/5525/5525
f 5541/5541/5541 5542/5542/5542 5525/5525/5525
f 5559/5559/5559 5560/5560/5560 5543/5543/5543
f 5560/5560/5560 5561/5561/5561 5544/5544/5544
f 5561/5561/5561 5562/5562/5562 5545/5545/5545
f 5562/5562/5562 5563/5563/5563 5546/5546/5546
f 5563/5563/5563 5564/5564/5564 5547/5547/5547
f 5564/5564/5564 5565/5565/5565 5548/5548/5548
f 5565/5565/5565 5566/5566/5566 5549/5549/5549
f 5566/5566/5566 5567/5567/5567 5550/5550/5550
f 5567/5567/5567 5568/5568/5568 5551/5551/5551
f 5568/5568/5568 5569/5569/5569 5552/5552/5552
f 5569/5569/5569 5570/5570/5570 5553/5553/5553
f 5570/5570/5570 5571/5571/5571 5554/5554/5554
f 5571/5571/5571 5572/5572/5572 5555/5555/5555
f 5572/5572/5572 5573/5573/5573 5556/5556/5556
f 5573/5573/5573 5574/5574/5574 5557/5557/5557
f 5574/5574/5574 5575/5575/5575 5558/5558/5558
f 5593/5593/5593 5592/5592/5592 5576/5576/5576
f 5594/5594/5594 5593/5593/5593 5577/5577/5577
f 5595/5595/5595 5594/5594/5594 5578/5578/5578
f 5596/5596/5596 5595/5595/5595 5579/5579/5579
f 5597/5597/5597 5596/5596/5596 5580/5580/5580
f 5598/5598/5598 5597/5597/5597 5581/5581/5581
f 5599/5599/5599 5598/5598/5598 5582/5582/5582
f 5600/5600/5600 5599/5599/5599 5583/5583/5583
f 5601/5601/5601 5600/5600/5600 5584/5584/5584
f 5602/5602/5602 5601/5601/5601 5585/5585/5585
f 5603/5603/5603 5602/5602/5602 5586/5586/5586
f 5604/5604/5604 5603/5603/5603 5587/5587/5587
f 5605/5605/5605 5604/5604/5604 5588/5588/5588
f 5606/5606/5606 5605/5605/5605 5589/5589/5589
f 5607/5607/5607 5606/5606/5606 5590/5590/5590
f 5608/5608/5608 5607/5607/5607 5591/5591/5591
o bike_grip_l
usemtl bike_ink
v 0.4999999993294478 2.2799999993294477 0.3299999986588955
v 0.4999999993294478 2.2799999993294477 0.21000000134110453
v 0.4999999993294478 2.2200000006705523 0.3299999986588955
v 0.4999999993294478 2.2200000006705523 0.21000000134110453
v 0.4400000006705523 2.2799999993294477 0.21000000134110453
v 0.4400000006705523 2.2799999993294477 0.3299999986588955
v 0.4400000006705523 2.2200000006705523 0.21000000134110453
v 0.4400000006705523 2.2200000006705523 0.3299999986588955
v 0.4400000006705523 2.2799999993294477 0.21000000134110453
v 0.4999999993294478 2.2799999993294477 0.21000000134110453
v 0.4400000006705523 2.2799999993294477 0.3299999986588955
v 0.4999999993294478 2.2799999993294477 0.3299999986588955
v 0.4400000006705523 2.2200000006705523 0.3299999986588955
v 0.4999999993294478 2.2200000006705523 0.3299999986588955
v 0.4400000006705523 2.2200000006705523 0.21000000134110453
v 0.4999999993294478 2.2200000006705523 0.21000000134110453
v 0.4400000006705523 2.2799999993294477 0.3299999986588955
v 0.4999999993294478 2.2799999993294477 0.3299999986588955
v 0.4400000006705523 2.2200000006705523 0.3299999986588955
v 0.4999999993294478 2.2200000006705523 0.3299999986588955
v 0.4999999993294478 2.2799999993294477 0.21000000134110453
v 0.4400000006705523 2.2799999993294477 0.21000000134110453
v 0.4999999993294478 2.2200000006705523 0.21000000134110453
v 0.4400000006705523 2.2200000006705523 0.21000000134110453
vt 0 1
vt 1 1
vt 0 0
vt 1 0
vt 0 1
vt 1 1
vt 0 0
vt 1 0
vt 0 1
vt 1 1
vt 0 0
vt 1 0
vt 0 1
vt 1 1
vt 0 0
vt 1 0
vt 0 1
vt 1 1
vt 0 0
vt 1 0
vt 0 1
vt 1 1
vt 0 0
vt 1 0
vn 1 0 0
vn 1 0 0
vn 1 0 0
vn 1 0 0
vn -1 0 0
vn -1 0 0
vn -1 0 0
vn -1 0 0
vn 0 1 0
vn 0 1 0
vn 0 1 0
vn 0 1 0
vn 0 -1 0
vn 0 -1 0
vn 0 -1 0
vn 0 -1 0
vn 0 0 1
vn 0 0 1
vn 0 0 1
vn 0 0 1
vn 0 0 -1
vn 0 0 -1
vn 0 0 -1
vn 0 0 -1
f 5609/5609/5609 5611/5611/5611 5610/5610/5610
f 5611/5611/5611 5612/5612/5612 5610/5610/5610
f 5613/5613/5613 5615/5615/5615 5614/5614/5614
f 5615/5615/5615 5616/5616/5616 5614/5614/5614
f 5617/5617/5617 5619/5619/5619 5618/5618/5618
f 5619/5619/5619 5620/5620/5620 5618/5618/5618
f 5621/5621/5621 5623/5623/5623 5622/5622/5622
f 5623/5623/5623 5624/5624/5624 5622/5622/5622
f 5625/5625/5625 5627/5627/5627 5626/5626/5626
f 5627/5627/5627 5628/5628/5628 5626/5626/5626
f 5629/5629/5629 5631/5631/5631 5630/5630/5630
f 5631/5631/5631 5632/5632/5632 5630/5630/5630
o bike_mirror_stem_l
usemtl bike_chrome
v 0.4212275892800198 2.4124179328969957 0.2540358579119275
v 0.42696346851945943 2.414808540288549 0.25343721950135983
v 0.43163922253843967 2.417989500132625 0.25079288603608885
v 0.4345430111499771 2.421476540074698 0.24650543401967173
v 0.43523275810272666 2.4247387901395943 0.2412275882515721
v 0.43360345531133093 2.427279602048608 0.2357628531661764
v 0.429903149771459 2.428712160184977 0.23094318546511
v 0.4246951800678295 2.428818371230027 0.22750233507150452
v 0.4187724115110938 2.4275820648878863 0.22596414082229066
v 0.41303653227165416 2.4251914574963336 0.22656277923285836
v 0.4083607782526739 2.422010497652257 0.22920711269812932
v 0.4054569896411365 2.418523457710184 0.2334945647145465
v 0.40476724268838693 2.4152612076452877 0.2387724104826461
v 0.40639654547978266 2.4127203957362746 0.2442371455680418
v 0.41009685101965465 2.411287837599905 0.2490568132691082
v 0.41530482072328406 2.411181626554855 0.25249766366271365
v 0.4212275892800198 2.4124179328969957 0.2540358579119275
v 0.4712275884889062 2.272417935112114 0.17403585917770936
v 0.47696346772834586 2.2748085425036666 0.17343722076714166
v 0.4816392217473261 2.2779895023477432 0.1707928873018707
v 0.4845430103588635 2.2814765422898162 0.16650543528545353
v 0.4852327573116131 2.2847387923547124 0.16122758951735391
v 0.48360345452021736 2.2872796042637256 0.15576285443195823
v 0.47990314898034536 2.288712162400095 0.15094318673089183
v 0.47469517927671595 2.288818373445145 0.14750233633728638
v 0.4687724107199802 2.2875820671030045 0.14596414208807248
v 0.4630365314805406 2.2851914597114513 0.1465627804986402
v 0.45836077746156034 2.282010499867375 0.14920711396391115
v 0.4554569888500229 2.278523459925302 0.1534945659803283
v 0.45476724189727336 2.275261209860406 0.15877241174842793
v 0.4563965446886691 2.2727203979513924 0.16423714683382362
v 0.460096850228541 2.2712878398150234 0.16905681453489002
v 0.4653048199321705 2.2711816287699733 0.1724976649284955
v 0.4712275884889062 2.272417935112114 0.17403585917770936
v 0.4200000003955568 2.419999998892441 0.23999999936710908
v 0.4200000003955568 2.419999998892441 0.23999999936710908
v 0.4200000003955568 2.419999998892441 0.23999999936710908
v 0.4200000003955568 2.419999998892441 0.23999999936710908
v 0.4200000003955568 2.419999998892441 0.23999999936710908
v 0.4200000003955568 2.419999998892441 0.23999999936710908
v 0.4200000003955568 2.419999998892441 0.23999999936710908
v 0.4200000003955568 2.419999998892441 0.23999999936710908
v 0.4200000003955568 2.419999998892441 0.23999999936710908
v 0.4200000003955568 2.419999998892441 0.23999999936710908
v 0.4200000003955568 2.419999998892441 0.23999999936710908
v 0.4200000003955568 2.419999998892441 0.23999999936710908
v 0.4200000003955568 2.419999998892441 0.23999999936710908
v 0.4200000003955568 2.419999998892441 0.23999999936710908
v 0.4200000003955568 2.419999998892441 0.23999999936710908
v 0.4200000003955568 2.419999998892441 0.23999999936710908
v 0.4212275892800198 2.4124179328969957 0.2540358579119275
v 0.42696346851945943 2.414808540288549 0.25343721950135983
v 0.43163922253843967 2.417989500132625 0.25079288603608885
v 0.4345430111499771 2.421476540074698 0.24650543401967173
v 0.43523275810272666 2.4247387901395943 0.2412275882515721
v 0.43360345531133093 2.427279602048608 0.2357628531661764
v 0.429903149771459 2.428712160184977 0.23094318546511
v 0.4246951800678295 2.428818371230027 0.22750233507150452
v 0.4187724115110938 2.4275820648878863 0.22596414082229066
v 0.41303653227165416 2.4251914574963336 0.22656277923285836
v 0.4083607782526739 2.422010497652257 0.22920711269812932
v 0.4054569896411365 2.418523457710184 0.2334945647145465
v 0.40476724268838693 2.4152612076452877 0.2387724104826461
v 0.40639654547978266 2.4127203957362746 0.2442371455680418
v 0.41009685101965465 2.411287837599905 0.2490568132691082
v 0.41530482072328406 2.411181626554855 0.25249766366271365
v 0.4212275892800198 2.4124179328969957 0.2540358579119275
v 0.4699999996044432 2.280000001107559 0.16000000063289094
v 0.4699999996044432 2.280000001107559 0.16000000063289094
v 0.4699999996044432 2.280000001107559 0.16000000063289094
v 0.4699999996044432 2.280000001107559 0.16000000063289094
v 0.4699999996044432 2.280000001107559 0.16000000063289094
v 0.4699999996044432 2.280000001107559 0.16000000063289094
v 0.4699999996044432 2.280000001107559 0.16000000063289094
v 0.4699999996044432 2.280000001107559 0.16000000063289094
v 0.4699999996044432 2.280000001107559 0.16000000063289094
v 0.4699999996044432 2.280000001107559 0.16000000063289094
v 0.4699999996044432 2.280000001107559 0.16000000063289094
v 0.4699999996044432 2.280000001107559 0.16000000063289094
v 0.4699999996044432 2.280000001107559 0.16000000063289094
v 0.4699999996044432 2.280000001107559 0.16000000063289094
v 0.4699999996044432 2.280000001107559 0.16000000063289094
v 0.4699999996044432 2.280000001107559 0.16000000063289094
v 0.4712275884889062 2.272417935112114 0.17403585917770936
v 0.47696346772834586 2.2748085425036666 0.17343722076714166
v 0.4816392217473261 2.2779895023477432 0.1707928873018707
v 0.4845430103588635 2.2814765422898162 0.16650543528545353
v 0.4852327573116131 2.2847387923547124 0.16122758951735391
v 0.48360345452021736 2.2872796042637256 0.15576285443195823
v 0.47990314898034536 2.288712162400095 0.15094318673089183
v 0.47469517927671595 2.288818373445145 0.14750233633728638
v 0.4687724107199802 2.2875820671030045 0.14596414208807248
v 0.4630365314805406 2.2851914597114513 0.1465627804986402
v 0.45836077746156034 2.282010499867375 0.14920711396391115
v 0.4554569888500229 2.278523459925302 0.1534945659803283
v 0.45476724189727336 2.275261209860406 0.15877241174842793
v 0.4563965446886691 2.2727203979513924 0.16423714683382362
v 0.460096850228541 2.2712878398150234 0.16905681453489002
v 0.4653048199321705 2.2711816287699733 0.1724976649284955
v 0.4712275884889062 2.272417935112114 0.17403585917770936
vt 0 1
vt 0.0625 1
vt 0.125 1
vt 0.1875 1
vt 0.25 1
vt 0.3125 1
vt 0.375 1
vt 0.4375 1
vt 0.5 1
vt 0.5625 1
vt 0.625 1
vt 0.6875 1
vt 0.75 1
vt 0.8125 1
vt 0.875 1
vt 0.9375 1
vt 1 1
vt 0 0
vt 0.0625 0
vt 0.125 0
vt 0.1875 0
vt 0.25 0
vt 0.3125 0
vt 0.375 0
vt 0.4375 0
vt 0.5 0
vt 0.5625 0
vt 0.625 0
vt 0.6875 0
vt 0.75 0
vt 0.8125 0
vt 0.875 0
vt 0.9375 0
vt 1 0
vt 0.5 0.5
vt 0.5 0.5
vt 0.5 0.5
vt 0.5 0.5
vt 0.5 0.5
vt 0.5 0.5
vt 0.5 0.5
vt 0.5 0.5
vt 0.5 0.5
vt 0.5 0.5
vt 0.5 0.5
vt 0.5 0.5
vt 0.5 0.5
vt 0.5 0.5
vt 0.5 0.5
vt 0.5 0.5
vt 1 0.5
vt 0.9619397521018982 0.6913416981697083
vt 0.8535534143447876 0.8535534143447876
vt 0.6913416981697083 0.9619397521018982
vt 0.5 1
vt 0.30865827202796936 0.9619397521018982
vt 0.1464466154575348 0.8535534143447876
vt 0.03806023299694061 0.6913416981697083
vt 0 0.5
vt 0.03806023299694061 0.30865827202796936
vt 0.1464466154575348 0.1464466154575348
vt 0.30865827202796936 0.03806023299694061
vt 0.5 0
vt 0.6913416981697083 0.03806023299694061
vt 0.8535534143447876 0.1464466154575348
vt 0.9619397521018982 0.30865827202796936
vt 1 0.5
vt 0.5 0.5
vt 0.5 0.5
vt 0.5 0.5
vt 0.5 0.5
vt 0.5 0.5
vt 0.5 0.5
vt 0.5 0.5
vt 0.5 0.5
vt 0.5 0.5
vt 0.5 0.5
vt 0.5 0.5
vt 0.5 0.5
vt 0.5 0.5
vt 0.5 0.5
vt 0.5 0.5
vt 0.5 0.5
vt 1 0.5
vt 0.9619397521018982 0.30865827202796936
vt 0.8535534143447876 0.1464466154575348
vt 0.6913416981697083 0.03806023299694061
vt 0.5 0
vt 0.30865827202796936 0.03806023299694061
vt 0.1464466154575348 0.1464466154575348
vt 0.03806023299694061 0.30865827202796936
vt 0 0.5
vt 0.03806023299694061 0.6913416981697083
vt 0.1464466154575348 0.8535534143447876
vt 0.30865827202796936 0.9619397521018982
vt 0.5 1
vt 0.6913416981697083 0.9619397521018982
vt 0.8535534143447876 0.8535534143447876
vt 0.9619397521018982 0.6913416981697083
vt 1 0.5
vn 0.07672430163472839 -0.47387910220727364 0.8772411173844349
vn 0.4352167491788189 -0.32446615025217357 0.8398262311780663
vn 0.7274513839244421 -0.12565617248750832 0.6745554168059165
vn 0.9089381426609338 0.09228381797347485 0.40658965770950306
vn 0.9520473114782948 0.29617443887954625 0.07672430163472843
vn 0.8502159037495165 0.45497518514191476 -0.26482163415490323
vn 0.618946835989005 0.544510080779204 -0.5660508688704794
vn 0.29344872562421914 0.5511482547324488 -0.7811039922666492
vn -0.07672430163472828 0.4738791022072737 -0.8772411173844349
vn -0.4352167491788189 0.32446615025217357 -0.8398262311780663
vn -0.7274513839244421 0.12565617248750832 -0.6745554168059165
vn -0.9089381426609338 -0.09228381797347485 -0.40658965770950306
vn -0.9520473114782948 -0.2961744388795462 -0.07672430163472854
vn -0.8502159037495165 -0.45497518514191476 0.26482163415490323
vn -0.618946835989005 -0.544510080779204 0.5660508688704794
vn -0.29344872562421914 -0.5511482547324488 0.7811039922666492
vn 0.07672430163472815 -0.4738791022072737 0.8772411173844349
vn 0.07672430163472839 -0.47387910220727364 0.8772411173844349
vn 0.4352167491788189 -0.32446615025217357 0.8398262311780663
vn 0.7274513839244421 -0.12565617248750832 0.6745554168059165
vn 0.9089381426609338 0.09228381797347485 0.40658965770950306
vn 0.9520473114782948 0.29617443887954625 0.07672430163472843
vn 0.8502159037495165 0.45497518514191476 -0.26482163415490323
vn 0.618946835989005 0.544510080779204 -0.5660508688704794
vn 0.29344872562421914 0.5511482547324488 -0.7811039922666492
vn -0.07672430163472828 0.4738791022072737 -0.8772411173844349
vn -0.4352167491788189 0.32446615025217357 -0.8398262311780663
vn -0.7274513839244421 0.12565617248750832 -0.6745554168059165
vn -0.9089381426609338 -0.09228381797347485 -0.40658965770950306
vn -0.9520473114782948 -0.2961744388795462 -0.07672430163472854
vn -0.8502159037495165 -0.45497518514191476 0.26482163415490323
vn -0.618946835989005 -0.544510080779204 0.5660508688704794
vn -0.29344872562421914 -0.5511482547324488 0.7811039922666492
vn 0.07672430163472815 -0.4738791022072737 0.8772411173844349
vn -0.2961744388795463 0.8292884288627295 0.47387910220727353
vn -0.2961744388795463 0.8292884288627295 0.47387910220727353
vn -0.2961744388795463 0.8292884288627295 0.47387910220727353
vn -0.2961744388795463 0.8292884288627295 0.47387910220727353
vn -0.2961744388795463 0.8292884288627295 0.47387910220727353
vn -0.2961744388795463 0.8292884288627295 0.47387910220727353
vn -0.2961744388795463 0.8292884288627295 0.47387910220727353
vn -0.2961744388795463 0.8292884288627295 0.47387910220727353
vn -0.2961744388795463 0.8292884288627295 0.47387910220727353
vn -0.2961744388795463 0.8292884288627295 0.47387910220727353
vn -0.2961744388795463 0.8292884288627295 0.47387910220727353
vn -0.2961744388795463 0.8292884288627295 0.47387910220727353
vn -0.2961744388795463 0.8292884288627295 0.47387910220727353
vn -0.2961744388795463 0.8292884288627295 0.47387910220727353
vn -0.2961744388795463 0.8292884288627295 0.47387910220727353
vn -0.2961744388795463 0.8292884288627295 0.47387910220727353
vn -0.2961744388795463 0.8292884288627295 0.47387910220727353
vn -0.2961744388795463 0.8292884288627295 0.47387910220727353
vn -0.2961744388795463 0.8292884288627295 0.47387910220727353
vn -0.2961744388795463 0.8292884288627295 0.47387910220727353
vn -0.2961744388795463 0.8292884288627295 0.47387910220727353
vn -0.2961744388795463 0.8292884288627295 0.47387910220727353
vn -0.2961744388795463 0.8292884288627295 0.47387910220727353
vn -0.2961744388795463 0.8292884288627295 0.47387910220727353
vn -0.2961744388795463 0.8292884288627295 0.47387910220727353
vn -0.2961744388795463 0.8292884288627295 0.47387910220727353
vn -0.2961744388795463 0.8292884288627295 0.47387910220727353
vn -0.2961744388795463 0.8292884288627295 0.47387910220727353
vn -0.2961744388795463 0.8292884288627295 0.47387910220727353
vn -0.2961744388795463 0.8292884288627295 0.47387910220727353
vn -0.2961744388795463 0.8292884288627295 0.47387910220727353
vn -0.2961744388795463 0.8292884288627295 0.47387910220727353
vn -0.2961744388795463 0.8292884288627295 0.47387910220727353
vn 0.2961744388795463 -0.8292884288627295 -0.47387910220727353
vn 0.2961744388795463 -0.8292884288627295 -0.47387910220727353
vn 0.2961744388795463 -0.8292884288627295 -0.47387910220727353
vn 0.2961744388795463 -0.8292884288627295 -0.47387910220727353
vn 0.2961744388795463 -0.8292884288627295 -0.47387910220727353
vn 0.2961744388795463 -0.8292884288627295 -0.47387910220727353
vn 0.2961744388795463 -0.8292884288627295 -0.47387910220727353
vn 0.2961744388795463 -0.8292884288627295 -0.47387910220727353
vn 0.2961744388795463 -0.8292884288627295 -0.47387910220727353
vn 0.2961744388795463 -0.8292884288627295 -0.47387910220727353
vn 0.2961744388795463 -0.8292884288627295 -0.47387910220727353
vn 0.2961744388795463 -0.8292884288627295 -0.47387910220727353
vn 0.2961744388795463 -0.8292884288627295 -0.47387910220727353
vn 0.2961744388795463 -0.8292884288627295 -0.47387910220727353
vn 0.2961744388795463 -0.8292884288627295 -0.47387910220727353
vn 0.2961744388795463 -0.8292884288627295 -0.47387910220727353
vn 0.2961744388795463 -0.8292884288627295 -0.47387910220727353
vn 0.2961744388795463 -0.8292884288627295 -0.47387910220727353
vn 0.2961744388795463 -0.8292884288627295 -0.47387910220727353
vn 0.2961744388795463 -0.8292884288627295 -0.47387910220727353
vn 0.2961744388795463 -0.8292884288627295 -0.47387910220727353
vn 0.2961744388795463 -0.8292884288627295 -0.47387910220727353
vn 0.2961744388795463 -0.8292884288627295 -0.47387910220727353
vn 0.2961744388795463 -0.8292884288627295 -0.47387910220727353
vn 0.2961744388795463 -0.8292884288627295 -0.47387910220727353
vn 0.2961744388795463 -0.8292884288627295 -0.47387910220727353
vn 0.2961744388795463 -0.8292884288627295 -0.47387910220727353
vn 0.2961744388795463 -0.8292884288627295 -0.47387910220727353
vn 0.2961744388795463 -0.8292884288627295 -0.47387910220727353
vn 0.2961744388795463 -0.8292884288627295 -0.47387910220727353
vn 0.2961744388795463 -0.8292884288627295 -0.47387910220727353
vn 0.2961744388795463 -0.8292884288627295 -0.47387910220727353
vn 0.2961744388795463 -0.8292884288627295 -0.47387910220727353
f 5633/5633/5633 5650/5650/5650 5634/5634/5634
f 5650/5650/5650 5651/5651/5651 5634/5634/5634
f 5634/5634/5634 5651/5651/5651 5635/5635/5635
f 5651/5651/5651 5652/5652/5652 5635/5635/5635
f 5635/5635/5635 5652/5652/5652 5636/5636/5636
f 5652/5652/5652 5653/5653/5653 5636/5636/5636
f 5636/5636/5636 5653/5653/5653 5637/5637/5637
f 5653/5653/5653 5654/5654/5654 5637/5637/5637
f 5637/5637/5637 5654/5654/5654 5638/5638/5638
f 5654/5654/5654 5655/5655/5655 5638/5638/5638
f 5638/5638/5638 5655/5655/5655 5639/5639/5639
f 5655/5655/5655 5656/5656/5656 5639/5639/5639
f 5639/5639/5639 5656/5656/5656 5640/5640/5640
f 5656/5656/5656 5657/5657/5657 5640/5640/5640
f 5640/5640/5640 5657/5657/5657 5641/5641/5641
f 5657/5657/5657 5658/5658/5658 5641/5641/5641
f 5641/5641/5641 5658/5658/5658 5642/5642/5642
f 5658/5658/5658 5659/5659/5659 5642/5642/5642
f 5642/5642/5642 5659/5659/5659 5643/5643/5643
f 5659/5659/5659 5660/5660/5660 5643/5643/5643
f 5643/5643/5643 5660/5660/5660 5644/5644/5644
f 5660/5660/5660 5661/5661/5661 5644/5644/5644
f 5644/5644/5644 5661/5661/5661 5645/5645/5645
f 5661/5661/5661 5662/5662/5662 5645/5645/5645
f 5645/5645/5645 5662/5662/5662 5646/5646/5646
f 5662/5662/5662 5663/5663/5663 5646/5646/5646
f 5646/5646/5646 5663/5663/5663 5647/5647/5647
f 5663/5663/5663 5664/5664/5664 5647/5647/5647
f 5647/5647/5647 5664/5664/5664 5648/5648/5648
f 5664/5664/5664 5665/5665/5665 5648/5648/5648
f 5648/5648/5648 5665/5665/5665 5649/5649/5649
f 5665/5665/5665 5666/5666/5666 5649/5649/5649
f 5683/5683/5683 5684/5684/5684 5667/5667/5667
f 5684/5684/5684 5685/5685/5685 5668/5668/5668
f 5685/5685/5685 5686/5686/5686 5669/5669/5669
f 5686/5686/5686 5687/5687/5687 5670/5670/5670
f 5687/5687/5687 5688/5688/5688 5671/5671/5671
f 5688/5688/5688 5689/5689/5689 5672/5672/5672
f 5689/5689/5689 5690/5690/5690 5673/5673/5673
f 5690/5690/5690 5691/5691/5691 5674/5674/5674
f 5691/5691/5691 5692/5692/5692 5675/5675/5675
f 5692/5692/5692 5693/5693/5693 5676/5676/5676
f 5693/5693/5693 5694/5694/5694 5677/5677/5677
f 5694/5694/5694 5695/5695/5695 5678/5678/5678
f 5695/5695/5695 5696/5696/5696 5679/5679/5679
f 5696/5696/5696 5697/5697/5697 5680/5680/5680
f 5697/5697/5697 5698/5698/5698 5681/5681/5681
f 5698/5698/5698 5699/5699/5699 5682/5682/5682
f 5717/5717/5717 5716/5716/5716 5700/5700/5700
f 5718/5718/5718 5717/5717/5717 5701/5701/5701
f 5719/5719/5719 5718/5718/5718 5702/5702/5702
f 5720/5720/5720 5719/5719/5719 5703/5703/5703
f 5721/5721/5721 5720/5720/5720 5704/5704/5704
f 5722/5722/5722 5721/5721/5721 5705/5705/5705
f 5723/5723/5723 5722/5722/5722 5706/5706/5706
f 5724/5724/5724 5723/5723/5723 5707/5707/5707
f 5725/5725/5725 5724/5724/5724 5708/5708/5708
f 5726/5726/5726 5725/5725/5725 5709/5709/5709
f 5727/5727/5727 5726/5726/5726 5710/5710/5710
f 5728/5728/5728 5727/5727/5727 5711/5711/5711
f 5729/5729/5729 5728/5728/5728 5712/5712/5712
f 5730/5730/5730 5729/5729/5729 5713/5713/5713
f 5731/5731/5731 5730/5730/5730 5714/5714/5714
f 5732/5732/5732 5731/5731/5731 5715/5715/5715
o bike_mirror_l
usemtl bike_ink
v 0.4249999996647239 2.504999999701977 0.3200000002980232
v 0.4249999996647239 2.504999999701977 0.17999999970197678
v 0.4249999996647239 2.3950000002980234 0.3200000002980232
v 0.4249999996647239 2.3950000002980234 0.17999999970197678
v 0.39500000033527616 2.504999999701977 0.17999999970197678
v 0.39500000033527616 2.504999999701977 0.3200000002980232
v 0.39500000033527616 2.3950000002980234 0.17999999970197678
v 0.39500000033527616 2.3950000002980234 0.3200000002980232
v 0.39500000033527616 2.504999999701977 0.17999999970197678
v 0.4249999996647239 2.504999999701977 0.17999999970197678
v 0.39500000033527616 2.504999999701977 0.3200000002980232
v 0.4249999996647239 2.504999999701977 0.3200000002980232
v 0.39500000033527616 2.3950000002980234 0.3200000002980232
v 0.4249999996647239 2.3950000002980234 0.3200000002980232
v 0.39500000033527616 2.3950000002980234 0.17999999970197678
v 0.4249999996647239 2.3950000002980234 0.17999999970197678
v 0.39500000033527616 2.504999999701977 0.3200000002980232
v 0.4249999996647239 2.504999999701977 0.3200000002980232
v 0.39500000033527616 2.3950000002980234 0.3200000002980232
v 0.4249999996647239 2.3950000002980234 0.3200000002980232
v 0.4249999996647239 2.504999999701977 0.17999999970197678
v 0.39500000033527616 2.504999999701977 0.17999999970197678
v 0.4249999996647239 2.3950000002980234 0.17999999970197678
v 0.39500000033527616 2.3950000002980234 0.17999999970197678
vt 0 1
vt 1 1
vt 0 0
vt 1 0
vt 0 1
vt 1 1
vt 0 0
vt 1 0
vt 0 1
vt 1 1
vt 0 0
vt 1 0
vt 0 1
vt 1 1
vt 0 0
vt 1 0
vt 0 1
vt 1 1
vt 0 0
vt 1 0
vt 0 1
vt 1 1
vt 0 0
vt 1 0
vn 1 0 0
vn 1 0 0
vn 1 0 0
vn 1 0 0
vn -1 0 0
vn -1 0 0
vn -1 0 0
vn -1 0 0
vn 0 1 0
vn 0 1 0
vn 0 1 0
vn 0 1 0
vn 0 -1 0
vn 0 -1 0
vn 0 -1 0
vn 0 -1 0
vn 0 0 1
vn 0 0 1
vn 0 0 1
vn 0 0 1
vn 0 0 -1
vn 0 0 -1
vn 0 0 -1
vn 0 0 -1
f 5733/5733/5733 5735/5735/5735 5734/5734/5734
f 5735/5735/5735 5736/5736/5736 5734/5734/5734
f 5737/5737/5737 5739/5739/5739 5738/5738/5738
f 5739/5739/5739 5740/5740/5740 5738/5738/5738
f 5741/5741/5741 5743/5743/5743 5742/5742/5742
f 5743/5743/5743 5744/5744/5744 5742/5742/5742
f 5745/5745/5745 5747/5747/5747 5746/5746/5746
f 5747/5747/5747 5748/5748/5748 5746/5746/5746
f 5749/5749/5749 5751/5751/5751 5750/5750/5750
f 5751/5751/5751 5752/5752/5752 5750/5750/5750
f 5753/5753/5753 5755/5755/5755 5754/5754/5754
f 5755/5755/5755 5756/5756/5756 5754/5754/5754
o bike_swingarm_l
usemtl bike_chrome
v -0.10999999600856558 1.6300000014255125 0.1550000001490116
v -0.10549513324268578 1.617386385681049 0.1523357842862606
v -0.10167609497826041 1.6066930785406581 0.14474873699247837
v -0.09912429482761509 1.5995480381188512 0.13339391991496086
v -0.09822822206351206 1.5970390343793628 0.12
v -0.09912429482761509 1.5995480381188512 0.10660608008503913
v -0.10167609497826041 1.6066930785406581 0.09525126300752162
v -0.10549513324268578 1.617386385681049 0.08766421571373939
v -0.10999999600856558 1.6300000014255125 0.08499999985098838
v -0.11450485877444538 1.642613617169976 0.08766421571373939
v -0.11832389703887075 1.653306924310367 0.09525126300752162
v -0.12087569718951607 1.6604519647321738 0.10660608008503913
v -0.1217717699536191 1.6629609684716624 0.12
v -0.12087569718951607 1.6604519647321738 0.13339391991496086
v -0.11832389703887075 1.653306924310367 0.14474873699247837
v -0.11450485877444538 1.642613617169976 0.1523357842862606
v -0.10999999600856558 1.6300000014255125 0.1550000001490116
v -0.6700000039914344 1.429999998574488 0.1550000001490116
v -0.6654951412255546 1.4173863828300246 0.1523357842862606
v -0.6616761029611293 1.4066930756896334 0.14474873699247837
v -0.659124302810484 1.3995480352678267 0.13339391991496086
v -0.6582282300463809 1.397039031528338 0.12
v -0.659124302810484 1.3995480352678267 0.10660608008503913
v -0.6616761029611293 1.4066930756896334 0.09525126300752162
v -0.6654951412255546 1.4173863828300246 0.08766421571373939
v -0.6700000039914344 1.429999998574488 0.08499999985098838
v -0.6745048667573142 1.4426136143189514 0.08766421571373939
v -0.6783239050217396 1.4533069214593424 0.09525126300752162
v -0.6808757051723849 1.4604519618811493 0.10660608008503913
v -0.681771777936488 1.4629609656206377 0.12
v -0.6808757051723849 1.4604519618811493 0.13339391991496086
v -0.6783239050217396 1.4533069214593424 0.14474873699247837
v -0.6745048667573142 1.4426136143189514 0.1523357842862606
v -0.6700000039914344 1.429999998574488 0.1550000001490116
v -0.10999999600856558 1.6300000014255125 0.12
v -0.10999999600856558 1.6300000014255125 0.12
v -0.10999999600856558 1.6300000014255125 0.12
v -0.10999999600856558 1.6300000014255125 0.12
v -0.10999999600856558 1.6300000014255125 0.12
v -0.10999999600856558 1.6300000014255125 0.12
v -0.10999999600856558 1.6300000014255125 0.12
v -0.10999999600856558 1.6300000014255125 0.12
v -0.10999999600856558 1.6300000014255125 0.12
v -0.10999999600856558 1.6300000014255125 0.12
v -0.10999999600856558 1.6300000014255125 0.12
v -0.10999999600856558 1.6300000014255125 0.12
v -0.10999999600856558 1.6300000014255125 0.12
v -0.10999999600856558 1.6300000014255125 0.12
v -0.10999999600856558 1.6300000014255125 0.12
v -0.10999999600856558 1.6300000014255125 0.12
v -0.10999999600856558 1.6300000014255125 0.1550000001490116
v -0.10549513324268578 1.617386385681049 0.1523357842862606
v -0.10167609497826041 1.6066930785406581 0.14474873699247837
v -0.09912429482761509 1.5995480381188512 0.13339391991496086
v -0.09822822206351206 1.5970390343793628 0.12
v -0.09912429482761509 1.5995480381188512 0.10660608008503913
v -0.10167609497826041 1.6066930785406581 0.09525126300752162
v -0.10549513324268578 1.617386385681049 0.08766421571373939
v -0.10999999600856558 1.6300000014255125 0.08499999985098838
v -0.11450485877444538 1.642613617169976 0.08766421571373939
v -0.11832389703887075 1.653306924310367 0.09525126300752162
v -0.12087569718951607 1.6604519647321738 0.10660608008503913
v -0.1217717699536191 1.6629609684716624 0.12
v -0.12087569718951607 1.6604519647321738 0.13339391991496086
v -0.11832389703887075 1.653306924310367 0.14474873699247837
v -0.11450485877444538 1.642613617169976 0.1523357842862606
v -0.10999999600856558 1.6300000014255125 0.1550000001490116
v -0.6700000039914344 1.429999998574488 0.12
v -0.6700000039914344 1.429999998574488 0.12
v -0.6700000039914344 1.429999998574488 0.12
v -0.6700000039914344 1.429999998574488 0.12
v -0.6700000039914344 1.429999998574488 0.12
v -0.6700000039914344 1.429999998574488 0.12
v -0.6700000039914344 1.429999998574488 0.12
v -0.6700000039914344 1.429999998574488 0.12
v -0.6700000039914344 1.429999998574488 0.12
v -0.6700000039914344 1.429999998574488 0.12
v -0.6700000039914344 1.429999998574488 0.12
v -0.6700000039914344 1.429999998574488 0.12
v -0.6700000039914344 1.429999998574488 0.12
v -0.6700000039914344 1.429999998574488 0.12
v -0.6700000039914344 1.429999998574488 0.12
v -0.6700000039914344 1.429999998574488 0.12
v -0.6700000039914344 1.429999998574488 0.1550000001490116
v -0.6654951412255546 1.4173863828300246 0.1523357842862606
v -0.6616761029611293 1.4066930756896334 0.14474873699247837
v -0.659124302810484 1.3995480352678267 0.13339391991496086
v -0.6582282300463809 1.397039031528338 0.12
v -0.659124302810484 1.3995480352678267 0.10660608008503913
v -0.6616761029611293 1.4066930756896334 0.09525126300752162
v -0.6654951412255546 1.4173863828300246 0.08766421571373939
v -0.6700000039914344 1.429999998574488 0.08499999985098838
v -0.6745048667573142 1.4426136143189514 0.08766421571373939
v -0.6783239050217396 1.4533069214593424 0.09525126300752162
v -0.6808757051723849 1.4604519618811493 0.10660608008503913
v -0.681771777936488 1.4629609656206377 0.12
v -0.6808757051723849 1.4604519618811493 0.13339391991496086
v -0.6783239050217396 1.4533069214593424 0.14474873699247837
v -0.6745048667573142 1.4426136143189514 0.1523357842862606
v -0.6700000039914344 1.429999998574488 0.1550000001490116
vt 0 1
vt 0.0625 1
vt 0.125 1
vt 0.1875 1
vt 0.25 1
vt 0.3125 1
vt 0.375 1
vt 0.4375 1
vt 0.5 1
vt 0.5625 1
vt 0.625 1
vt 0.6875 1
vt 0.75 1
vt 0.8125 1
vt 0.875 1
vt 0.9375 1
vt 1 1
vt 0 0
vt 0.0625 0
vt 0.125 0
vt 0.1875 0
vt 0.25 0
vt 0.3125 0
vt 0.375 0
vt 0.4375 0
vt 0.5 0
vt 0.5625 0
vt 0.625 0
vt 0.6875 0
vt 0.75 0
vt 0.8125 0
vt 0.875 0
vt 0.9375 0
vt 1 0
vt 0.5 0.5
vt 0.5 0.5
vt 0.5 0.5
vt 0.5 0.5
vt 0.5 0.5
vt 0.5 0.5
vt 0.5 0.5
vt 0.5 0.5
vt 0.5 0.5
vt 0.5 0.5
vt 0.5 0.5
vt 0.5 0.5
vt 0.5 0.5
vt 0.5 0.5
vt 0.5 0.5
vt 0.5 0.5
vt 1 0.5
vt 0.9619397521018982 0.6913416981697083
vt 0.8535534143447876 0.8535534143447876
vt 0.6913416981697083 0.9619397521018982
vt 0.5 1
vt 0.30865827202796936 0.9619397521018982
vt 0.1464466154575348 0.8535534143447876
vt 0.03806023299694061 0.6913416981697083
vt 0 0.5
vt 0.03806023299694061 0.30865827202796936
vt 0.1464466154575348 0.1464466154575348
vt 0.30865827202796936 0.03806023299694061
vt 0.5 0
vt 0.6913416981697083 0.03806023299694061
vt 0.8535534143447876 0.1464466154575348
vt 0.9619397521018982 0.30865827202796936
vt 1 0.5
vt 0.5 0.5
vt 0.5 0.5
vt 0.5 0.5
vt 0.5 0.5
vt 0.5 0.5
vt 0.5 0.5
vt 0.5 0.5
vt 0.5 0.5
vt 0.5 0.5
vt 0.5 0.5
vt 0.5 0.5
vt 0.5 0.5
vt 0.5 0.5
vt 0.5 0.5
vt 0.5 0.5
vt 0.5 0.5
vt 1 0.5
vt 0.9619397521018982 0.30865827202796936
vt 0.8535534143447876 0.1464466154575348
vt 0.6913416981697083 0.03806023299694061
vt 0.5 0
vt 0.30865827202796936 0.03806023299694061
vt 0.1464466154575348 0.1464466154575348
vt 0.03806023299694061 0.30865827202796936
vt 0 0.5
vt 0.03806023299694061 0.6913416981697083
vt 0.1464466154575348 0.8535534143447876
vt 0.30865827202796936 0.9619397521018982
vt 0.5 1
vt 0.6913416981697083 0.9619397521018982
vt 0.8535534143447876 0.8535534143447876
vt 0.9619397521018982 0.6913416981697083
vt 1 0.5
vn 0 0 1
vn 0.12871036841208075 -0.36038903155382607 0.9238795305660377
vn 0.23782574707724702 -0.6659120918162916 0.7071067811865476
vn 0.31073431257092904 -0.8700560751986013 0.3826834370613369
vn 0.3363363969981562 -0.9417419115948374 6.123234262925839e-17
vn 0.31073431257092904 -0.8700560751986013 -0.3826834370613369
vn 0.23782574707724702 -0.6659120918162916 -0.7071067811865476
vn 0.12871036841208075 -0.36038903155382607 -0.9238795305660377
vn 4.118933099936275e-17 -1.153301267982157e-16 -1
vn -0.12871036841208075 0.36038903155382607 -0.9238795305660377
vn -0.23782574707724702 0.6659120918162916 -0.7071067811865476
vn -0.31073431257092904 0.8700560751986013 -0.3826834370613369
vn -0.3363363969981562 0.9417419115948374 -1.8369701465288538e-16
vn -0.31073431257092904 0.8700560751986013 0.3826834370613369
vn -0.23782574707724702 0.6659120918162916 0.7071067811865476
vn -0.12871036841208075 0.36038903155382607 0.9238795305660377
vn -8.23786619987255e-17 2.306602535964314e-16 1
vn 0 0 1
vn 0.12871036841208075 -0.36038903155382607 0.9238795305660377
vn 0.23782574707724702 -0.6659120918162916 0.7071067811865476
vn 0.31073431257092904 -0.8700560751986013 0.3826834370613369
vn 0.3363363969981562 -0.9417419115948374 6.123234262925839e-17
vn 0.31073431257092904 -0.8700560751986013 -0.3826834370613369
vn 0.23782574707724702 -0.6659120918162916 -0.7071067811865476
vn 0.12871036841208075 -0.36038903155382607 -0.9238795305660377
vn 4.118933099936275e-17 -1.153301267982157e-16 -1
vn -0.12871036841208075 0.36038903155382607 -0.9238795305660377
vn -0.23782574707724702 0.6659120918162916 -0.7071067811865476
vn -0.31073431257092904 0.8700560751986013 -0.3826834370613369
vn -0.3363363969981562 0.9417419115948374 -1.8369701465288538e-16
vn -0.31073431257092904 0.8700560751986013 0.3826834370613369
vn -0.23782574707724702 0.6659120918162916 0.7071067811865476
vn -0.12871036841208075 0.36038903155382607 0.9238795305660377
vn -8.23786619987255e-17 2.306602535964314e-16 1
vn 0.9417419115948374 0.3363363969981562 0
vn 0.9417419115948374 0.3363363969981562 0
vn 0.9417419115948374 0.3363363969981562 0
vn 0.9417419115948374 0.3363363969981562 0
vn 0.9417419115948374 0.3363363969981562 0
vn 0.9417419115948374 0.3363363969981562 0
vn 0.9417419115948374 0.3363363969981562 0
vn 0.9417419115948374 0.3363363969981562 0
vn 0.9417419115948374 0.3363363969981562 0
vn 0.9417419115948374 0.3363363969981562 0
vn 0.9417419115948374 0.3363363969981562 0
vn 0.9417419115948374 0.3363363969981562 0
vn 0.9417419115948374 0.3363363969981562 0
vn 0.9417419115948374 0.3363363969981562 0
vn 0.9417419115948374 0.3363363969981562 0
vn 0.9417419115948374 0.3363363969981562 0
vn 0.9417419115948374 0.3363363969981562 0
vn 0.9417419115948374 0.3363363969981562 0
vn 0.9417419115948374 0.3363363969981562 0
vn 0.9417419115948374 0.3363363969981562 0
vn 0.9417419115948374 0.3363363969981562 0
vn 0.9417419115948374 0.3363363969981562 0
vn 0.9417419115948374 0.3363363969981562 0
vn 0.9417419115948374 0.3363363969981562 0
vn 0.9417419115948374 0.3363363969981562 0
vn 0.9417419115948374 0.3363363969981562 0
vn 0.9417419115948374 0.3363363969981562 0
vn 0.9417419115948374 0.3363363969981562 0
vn 0.9417419115948374 0.3363363969981562 0
vn 0.9417419115948374 0.3363363969981562 0
vn 0.9417419115948374 0.3363363969981562 0
vn 0.9417419115948374 0.3363363969981562 0
vn 0.9417419115948374 0.3363363969981562 0
vn -0.9417419115948374 -0.3363363969981562 0
vn -0.9417419115948374 -0.3363363969981562 0
vn -0.9417419115948374 -0.3363363969981562 0
vn -0.9417419115948374 -0.3363363969981562 0
vn -0.9417419115948374 -0.3363363969981562 0
vn -0.9417419115948374 -0.3363363969981562 0
vn -0.9417419115948374 -0.3363363969981562 0
vn -0.9417419115948374 -0.3363363969981562 0
vn -0.9417419115948374 -0.3363363969981562 0
vn -0.9417419115948374 -0.3363363969981562 0
vn -0.9417419115948374 -0.3363363969981562 0
vn -0.9417419115948374 -0.3363363969981562 0
vn -0.9417419115948374 -0.3363363969981562 0
vn -0.9417419115948374 -0.3363363969981562 0
vn -0.9417419115948374 -0.3363363969981562 0
vn -0.9417419115948374 -0.3363363969981562 0
vn -0.9417419115948374 -0.3363363969981562 0
vn -0.9417419115948374 -0.3363363969981562 0
vn -0.9417419115948374 -0.3363363969981562 0
vn -0.9417419115948374 -0.3363363969981562 0
vn -0.9417419115948374 -0.3363363969981562 0
vn -0.9417419115948374 -0.3363363969981562 0
vn -0.9417419115948374 -0.3363363969981562 0
vn -0.9417419115948374 -0.3363363969981562 0
vn -0.9417419115948374 -0.3363363969981562 0
vn -0.9417419115948374 -0.3363363969981562 0
vn -0.9417419115948374 -0.3363363969981562 0
vn -0.9417419115948374 -0.3363363969981562 0
vn -0.9417419115948374 -0.3363363969981562 0
vn -0.9417419115948374 -0.3363363969981562 0
vn -0.9417419115948374 -0.3363363969981562 0
vn -0.9417419115948374 -0.3363363969981562 0
vn -0.9417419115948374 -0.3363363969981562 0
f 5757/5757/5757 5774/5774/5774 5758/5758/5758
f 5774/5774/5774 5775/5775/5775 5758/5758/5758
f 5758/5758/5758 5775/5775/5775 5759/5759/5759
f 5775/5775/5775 5776/5776/5776 5759/5759/5759
f 5759/5759/5759 5776/5776/5776 5760/5760/5760
f 5776/5776/5776 5777/5777/5777 5760/5760/5760
f 5760/5760/5760 5777/5777/5777 5761/5761/5761
f 5777/5777/5777 5778/5778/5778 5761/5761/5761
f 5761/5761/5761 5778/5778/5778 5762/5762/5762
f 5778/5778/5778 5779/5779/5779 5762/5762/5762
f 5762/5762/5762 5779/5779/5779 5763/5763/5763
f 5779/5779/5779 5780/5780/5780 5763/5763/5763
f 5763/5763/5763 5780/5780/5780 5764/5764/5764
f 5780/5780/5780 5781/5781/5781 5764/5764/5764
f 5764/5764/5764 5781/5781/5781 5765/5765/5765
f 5781/5781/5781 5782/5782/5782 5765/5765/5765
f 5765/5765/5765 5782/5782/5782 5766/5766/5766
f 5782/5782/5782 5783/5783/5783 5766/5766/5766
f 5766/5766/5766 5783/5783/5783 5767/5767/5767
f 5783/5783/5783 5784/5784/5784 5767/5767/5767
f 5767/5767/5767 5784/5784/5784 5768/5768/5768
f 5784/5784/5784 5785/5785/5785 5768/5768/5768
f 5768/5768/5768 5785/5785/5785 5769/5769/5769
f 5785/5785/5785 5786/5786/5786 5769/5769/5769
f 5769/5769/5769 5786/5786/5786 5770/5770/5770
f 5786/5786/5786 5787/5787/5787 5770/5770/5770
f 5770/5770/5770 5787/5787/5787 5771/5771/5771
f 5787/5787/5787 5788/5788/5788 5771/5771/5771
f 5771/5771/5771 5788/5788/5788 5772/5772/5772
f 5788/5788/5788 5789/5789/5789 5772/5772/5772
f 5772/5772/5772 5789/5789/5789 5773/5773/5773
f 5789/5789/5789 5790/5790/5790 5773/5773/5773
f 5807/5807/5807 5808/5808/5808 5791/5791/5791
f 5808/5808/5808 5809/5809/5809 5792/5792/5792
f 5809/5809/5809 5810/5810/5810 5793/5793/5793
f 5810/5810/5810 5811/5811/5811 5794/5794/5794
f 5811/5811/5811 5812/5812/5812 5795/5795/5795
f 5812/5812/5812 5813/5813/5813 5796/5796/5796
f 5813/5813/5813 5814/5814/5814 5797/5797/5797
f 5814/5814/5814 5815/5815/5815 5798/5798/5798
f 5815/5815/5815 5816/5816/5816 5799/5799/5799
f 5816/5816/5816 5817/5817/5817 5800/5800/5800
f 5817/5817/5817 5818/5818/5818 5801/5801/5801
f 5818/5818/5818 5819/5819/5819 5802/5802/5802
f 5819/5819/5819 5820/5820/5820 5803/5803/5803
f 5820/5820/5820 5821/5821/5821 5804/5804/5804
f 5821/5821/5821 5822/5822/5822 5805/5805/5805
f 5822/5822/5822 5823/5823/5823 5806/5806/5806
f 5841/5841/5841 5840/5840/5840 5824/5824/5824
f 5842/5842/5842 5841/5841/5841 5825/5825/5825
f 5843/5843/5843 5842/5842/5842 5826/5826/5826
f 5844/5844/5844 5843/5843/5843 5827/5827/5827
f 5845/5845/5845 5844/5844/5844 5828/5828/5828
f 5846/5846/5846 5845/5845/5845 5829/5829/5829
f 5847/5847/5847 5846/5846/5846 5830/5830/5830
f 5848/5848/5848 5847/5847/5847 5831/5831/5831
f 5849/5849/5849 5848/5848/5848 5832/5832/5832
f 5850/5850/5850 5849/5849/5849 5833/5833/5833
f 5851/5851/5851 5850/5850/5850 5834/5834/5834
f 5852/5852/5852 5851/5851/5851 5835/5835/5835
f 5853/5853/5853 5852/5852/5852 5836/5836/5836
f 5854/5854/5854 5853/5853/5853 5837/5837/5837
f 5855/5855/5855 5854/5854/5854 5838/5838/5838
f 5856/5856/5856 5855/5855/5855 5839/5839/5839
o bike_shock_l
usemtl bike_chrome
v -0.5478684342263374 1.5493927900523572 0.13991801603046072
v -0.5577587881480339 1.5554805887157486 0.13845635792878455
v -0.5664679375275279 1.5607340173887971 0.13266247832998368
v -0.5726699918207223 1.5643532881901083 0.12341844036199609
v -0.5754207463649709 1.5657874011646453 0.11213156714209303
v -0.5743014226523715 1.5648180249375856 0.10052018213317057
v -0.569482428717798 1.5615927389501945 0.0903520129616515
v -0.5616974105418354 1.5566025624613267 0.08317507300422983
v -0.5521315684091581 1.5506072056903044 0.0800819840709045
v -0.5422412144874615 1.544519407026913 0.08154364217258067
v -0.5335320651079676 1.5392659783538645 0.08733752177138154
v -0.5273300108147732 1.5356467075525533 0.09658155973936913
v -0.5245792562705246 1.5342125945780163 0.10786843295927219
v -0.525698579983124 1.535181970805076 0.11947981796819465
v -0.5305175739176976 1.5384072567924671 0.12964798713971373
v -0.5383025920936602 1.543397433281335 0.1368249270971354
v -0.5478684342263374 1.5493927900523572 0.13991801603046072
v -0.2878684315908419 1.969392794309696 0.12991801592909552
v -0.29775878551253854 1.9754805929730874 0.12845635782741935
v -0.3064679348920325 1.980734021646136 0.12266247822861848
v -0.3126699891852269 1.9843532924474472 0.11341844026063089
v -0.3154207437294755 1.9857874054219842 0.10213156704072783
v -0.31430142001687605 1.9848180291949244 0.09052018203180537
v -0.3094824260823025 1.9815927432075333 0.0803520128602863
v -0.30169740790634 1.9766025667186655 0.07317507290286462
v -0.2921315657736627 1.9706072099476433 0.0700819839695393
v -0.2822412118519661 1.964519411284252 0.07154364207121547
v -0.27353206247247214 1.9592659826112033 0.07733752167001634
v -0.26733000817927777 1.9556467118098921 0.08658155963800393
v -0.2645792536350292 1.9542125988353551 0.09786843285790699
v -0.2656985773476286 1.9551819750624149 0.10947981786682945
v -0.27051757128220216 1.958407261049806 0.11964798703834852
v -0.27830258945816466 1.9633974375386738 0.1268249269957702
v -0.2878684315908419 1.969392794309696 0.12991801592909552
v -0.5500000013177477 1.5499999978713308 0.11000000005068261
v -0.5500000013177477 1.5499999978713308 0.11000000005068261
v -0.5500000013177477 1.5499999978713308 0.11000000005068261
v -0.5500000013177477 1.5499999978713308 0.11000000005068261
v -0.5500000013177477 1.5499999978713308 0.11000000005068261
v -0.5500000013177477 1.5499999978713308 0.11000000005068261
v -0.5500000013177477 1.5499999978713308 0.11000000005068261
v -0.5500000013177477 1.5499999978713308 0.11000000005068261
v -0.5500000013177477 1.5499999978713308 0.11000000005068261
v -0.5500000013177477 1.5499999978713308 0.11000000005068261
v -0.5500000013177477 1.5499999978713308 0.11000000005068261
v -0.5500000013177477 1.5499999978713308 0.11000000005068261
v -0.5500000013177477 1.5499999978713308 0.11000000005068261
v -0.5500000013177477 1.5499999978713308 0.11000000005068261
v -0.5500000013177477 1.5499999978713308 0.11000000005068261
v -0.5500000013177477 1.5499999978713308 0.11000000005068261
v -0.5478684342263374 1.5493927900523572 0.13991801603046072
v -0.5577587881480339 1.5554805887157486 0.13845635792878455
v -0.5664679375275279 1.5607340173887971 0.13266247832998368
v -0.5726699918207223 1.5643532881901083 0.12341844036199609
v -0.5754207463649709 1.5657874011646453 0.11213156714209303
v -0.5743014226523715 1.5648180249375856 0.10052018213317057
v -0.569482428717798 1.5615927389501945 0.0903520129616515
v -0.5616974105418354 1.5566025624613267 0.08317507300422983
v -0.5521315684091581 1.5506072056903044 0.0800819840709045
v -0.5422412144874615 1.544519407026913 0.08154364217258067
v -0.5335320651079676 1.5392659783538645 0.08733752177138154
v -0.5273300108147732 1.5356467075525533 0.09658155973936913
v -0.5245792562705246 1.5342125945780163 0.10786843295927219
v -0.525698579983124 1.535181970805076 0.11947981796819465
v -0.5305175739176976 1.5384072567924671 0.12964798713971373
v -0.5383025920936602 1.543397433281335 0.1368249270971354
v -0.5478684342263374 1.5493927900523572 0.13991801603046072
v -0.28999999868225235 1.9700000021286697 0.09999999994931741
v -0.28999999868225235 1.9700000021286697 0.09999999994931741
v -0.28999999868225235 1.9700000021286697 0.09999999994931741
v -0.28999999868225235 1.9700000021286697 0.09999999994931741
v -0.28999999868225235 1.9700000021286697 0.09999999994931741
v -0.28999999868225235 1.9700000021286697 0.09999999994931741
v -0.28999999868225235 1.9700000021286697 0.09999999994931741
v -0.28999999868225235 1.9700000021286697 0.09999999994931741
v -0.28999999868225235 1.9700000021286697 0.09999999994931741
v -0.28999999868225235 1.9700000021286697 0.09999999994931741
v -0.28999999868225235 1.9700000021286697 0.09999999994931741
v -0.28999999868225235 1.9700000021286697 0.09999999994931741
v -0.28999999868225235 1.9700000021286697 0.09999999994931741
v -0.28999999868225235 1.9700000021286697 0.09999999994931741
v -0.28999999868225235 1.9700000021286697 0.09999999994931741
v -0.28999999868225235 1.9700000021286697 0.09999999994931741
v -0.2878684315908419 1.969392794309696 0.12991801592909552
v -0.29775878551253854 1.9754805929730874 0.12845635782741935
v -0.3064679348920325 1.980734021646136 0.12266247822861848
v -0.3126699891852269 1.9843532924474472 0.11341844026063089
v -0.3154207437294755 1.9857874054219842 0.10213156704072783
v -0.31430142001687605 1.9848180291949244 0.09052018203180537
v -0.3094824260823025 1.9815927432075333 0.0803520128602863
v -0.30169740790634 1.9766025667186655 0.07317507290286462
v -0.2921315657736627 1.9706072099476433 0.0700819839695393
v -0.2822412118519661 1.964519411284252 0.07154364207121547
v -0.27353206247247214 1.9592659826112033 0.07733752167001634
v -0.26733000817927777 1.9556467118098921 0.08658155963800393
v -0.2645792536350292 1.9542125988353551 0.09786843285790699
v -0.2656985773476286 1.9551819750624149 0.10947981786682945
v -0.27051757128220216 1.958407261049806 0.11964798703834852
v -0.27830258945816466 1.9633974375386738 0.1268249269957702
v -0.2878684315908419 1.969392794309696 0.12991801592909552
vt 0 1
vt 0.0625 1
vt 0.125 1
vt 0.1875 1
vt 0.25 1
vt 0.3125 1
vt 0.375 1
vt 0.4375 1
vt 0.5 1
vt 0.5625 1
vt 0.625 1
vt 0.6875 1
vt 0.75 1
vt 0.8125 1
vt 0.875 1
vt 0.9375 1
vt 1 1
vt 0 0
vt 0.0625 0
vt 0.125 0
vt 0.1875 0
vt 0.25 0
vt 0.3125 0
vt 0.375 0
vt 0.4375 0
vt 0.5 0
vt 0.5625 0
vt 0.625 0
vt 0.6875 0
vt 0.75 0
vt 0.8125 0
vt 0.875 0
vt 0.9375 0
vt 1 0
vt 0.5 0.5
vt 0.5 0.5
vt 0.5 0.5
vt 0.5 0.5
vt 0.5 0.5
vt 0.5 0.5
vt 0.5 0.5
vt 0.5 0.5
vt 0.5 0.5
vt 0.5 0.5
vt 0.5 0.5
vt 0.5 0.5
vt 0.5 0.5
vt 0.5 0.5
vt 0.5 0.5
vt 0.5 0.5
vt 1 0.5
vt 0.9619397521018982 0.6913416981697083
vt 0.8535534143447876 0.8535534143447876
vt 0.6913416981697083 0.9619397521018982
vt 0.5 1
vt 0.30865827202796936 0.9619397521018982
vt 0.1464466154575348 0.8535534143447876
vt 0.03806023299694061 0.6913416981697083
vt 0 0.5
vt 0.03806023299694061 0.30865827202796936
vt 0.1464466154575348 0.1464466154575348
vt 0.30865827202796936 0.03806023299694061
vt 0.5 0
vt 0.6913416981697083 0.03806023299694061
vt 0.8535534143447876 0.1464466154575348
vt 0.9619397521018982 0.30865827202796936
vt 1 0.5
vt 0.5 0.5
vt 0.5 0.5
vt 0.5 0.5
vt 0.5 0.5
vt 0.5 0.5
vt 0.5 0.5
vt 0.5 0.5
vt 0.5 0.5
vt 0.5 0.5
vt 0.5 0.5
vt 0.5 0.5
vt 0.5 0.5
vt 0.5 0.5
vt 0.5 0.5
vt 0.5 0.5
vt 0.5 0.5
vt 1 0.5
vt 0.9619397521018982 0.30865827202796936
vt 0.8535534143447876 0.1464466154575348
vt 0.6913416981697083 0.03806023299694061
vt 0.5 0
vt 0.30865827202796936 0.03806023299694061
vt 0.1464466154575348 0.1464466154575348
vt 0.03806023299694061 0.30865827202796936
vt 0 0.5
vt 0.03806023299694061 0.6913416981697083
vt 0.1464466154575348 0.8535534143447876
vt 0.30865827202796936 0.9619397521018982
vt 0.5 1
vt 0.6913416981697083 0.9619397521018982
vt 0.8535534143447876 0.8535534143447876
vt 0.9619397521018982 0.6913416981697083
vt 1 0.5
vn 0.07105223796848859 -0.020240261084859688 0.9972672216165968
vn -0.258626235232382 0.18268636674368205 0.948545287192719
vn -0.5489312009634172 0.3578006466522619 0.7554159343461613
vn -0.7556663695571159 0.47844302297099645 0.44728135629684246
vn -0.8473581871807037 0.5262467882063518 0.07105223796848859
vn -0.8100473988304784 0.4939342483289423 -0.3159939397768553
vn -0.6494142395354141 0.38642469838444277 -0.654932895774164
vn -0.3899136517523692 0.2200854925629105 -0.8941642579193565
vn -0.07105223796848868 0.020240261084859754 -0.9972672216165968
vn 0.258626235232382 -0.18268636674368205 -0.948545287192719
vn 0.5489312009634172 -0.3578006466522619 -0.7554159343461613
vn 0.7556663695571159 -0.47844302297099645 -0.44728135629684246
vn 0.8473581871807037 -0.5262467882063518 -0.07105223796848871
vn 0.8100473988304784 -0.4939342483289423 0.3159939397768553
vn 0.6494142395354141 -0.38642469838444277 0.654932895774164
vn 0.3899136517523692 -0.2200854925629105 0.8941642579193565
vn 0.0710522379684888 -0.020240261084859816 0.9972672216165968
vn 0.07105223796848859 -0.020240261084859688 0.9972672216165968
vn -0.258626235232382 0.18268636674368205 0.948545287192719
vn -0.5489312009634172 0.3578006466522619 0.7554159343461613
vn -0.7556663695571159 0.47844302297099645 0.44728135629684246
vn -0.8473581871807037 0.5262467882063518 0.07105223796848859
vn -0.8100473988304784 0.4939342483289423 -0.3159939397768553
vn -0.6494142395354141 0.38642469838444277 -0.654932895774164
vn -0.3899136517523692 0.2200854925629105 -0.8941642579193565
vn -0.07105223796848868 0.020240261084859754 -0.9972672216165968
vn 0.258626235232382 -0.18268636674368205 -0.948545287192719
vn 0.5489312009634172 -0.3578006466522619 -0.7554159343461613
vn 0.7556663695571159 -0.47844302297099645 -0.44728135629684246
vn 0.8473581871807037 -0.5262467882063518 -0.07105223796848871
vn 0.8100473988304784 -0.4939342483289423 0.3159939397768553
vn 0.6494142395354141 -0.38642469838444277 0.654932895774164
vn 0.3899136517523692 -0.2200854925629105 0.8941642579193565
vn 0.0710522379684888 -0.020240261084859816 0.9972672216165968
vn -0.5262467882063518 -0.850090965564107 0.02024026108485967
vn -0.5262467882063518 -0.850090965564107 0.02024026108485967
vn -0.5262467882063518 -0.850090965564107 0.02024026108485967
vn -0.5262467882063518 -0.850090965564107 0.02024026108485967
vn -0.5262467882063518 -0.850090965564107 0.02024026108485967
vn -0.5262467882063518 -0.850090965564107 0.02024026108485967
vn -0.5262467882063518 -0.850090965564107 0.02024026108485967
vn -0.5262467882063518 -0.850090965564107 0.02024026108485967
vn -0.5262467882063518 -0.850090965564107 0.02024026108485967
vn -0.5262467882063518 -0.850090965564107 0.02024026108485967
vn -0.5262467882063518 -0.850090965564107 0.02024026108485967
vn -0.5262467882063518 -0.850090965564107 0.02024026108485967
vn -0.5262467882063518 -0.850090965564107 0.02024026108485967
vn -0.5262467882063518 -0.850090965564107 0.02024026108485967
vn -0.5262467882063518 -0.850090965564107 0.02024026108485967
vn -0.5262467882063518 -0.850090965564107 0.02024026108485967
vn -0.5262467882063518 -0.850090965564107 0.02024026108485967
vn -0.5262467882063518 -0.850090965564107 0.02024026108485967
vn -0.5262467882063518 -0.850090965564107 0.02024026108485967
vn -0.5262467882063518 -0.850090965564107 0.02024026108485967
vn -0.5262467882063518 -0.850090965564107 0.02024026108485967
vn -0.5262467882063518 -0.850090965564107 0.02024026108485967
vn -0.5262467882063518 -0.850090965564107 0.02024026108485967
vn -0.5262467882063518 -0.850090965564107 0.02024026108485967
vn -0.5262467882063518 -0.850090965564107 0.02024026108485967
vn -0.5262467882063518 -0.850090965564107 0.02024026108485967
vn -0.5262467882063518 -0.850090965564107 0.02024026108485967
vn -0.5262467882063518 -0.850090965564107 0.02024026108485967
vn -0.5262467882063518 -0.850090965564107 0.02024026108485967
vn -0.5262467882063518 -0.850090965564107 0.02024026108485967
vn -0.5262467882063518 -0.850090965564107 0.02024026108485967
vn -0.5262467882063518 -0.850090965564107 0.02024026108485967
vn -0.5262467882063518 -0.850090965564107 0.02024026108485967
vn 0.5262467882063518 0.850090965564107 -0.02024026108485967
vn 0.5262467882063518 0.850090965564107 -0.02024026108485967
vn 0.5262467882063518 0.850090965564107 -0.02024026108485967
vn 0.5262467882063518 0.850090965564107 -0.02024026108485967
vn 0.5262467882063518 0.850090965564107 -0.02024026108485967
vn 0.5262467882063518 0.850090965564107 -0.02024026108485967
vn 0.5262467882063518 0.850090965564107 -0.02024026108485967
vn 0.5262467882063518 0.850090965564107 -0.02024026108485967
vn 0.5262467882063518 0.850090965564107 -0.02024026108485967
vn 0.5262467882063518 0.850090965564107 -0.02024026108485967
vn 0.5262467882063518 0.850090965564107 -0.02024026108485967
vn 0.5262467882063518 0.850090965564107 -0.02024026108485967
vn 0.5262467882063518 0.850090965564107 -0.02024026108485967
vn 0.5262467882063518 0.850090965564107 -0.02024026108485967
vn 0.5262467882063518 0.850090965564107 -0.02024026108485967
vn 0.5262467882063518 0.850090965564107 -0.02024026108485967
vn 0.5262467882063518 0.850090965564107 -0.02024026108485967
vn 0.5262467882063518 0.850090965564107 -0.02024026108485967
vn 0.5262467882063518 0.850090965564107 -0.02024026108485967
vn 0.5262467882063518 0.850090965564107 -0.02024026108485967
vn 0.5262467882063518 0.850090965564107 -0.02024026108485967
vn 0.5262467882063518 0.850090965564107 -0.02024026108485967
vn 0.5262467882063518 0.850090965564107 -0.02024026108485967
vn 0.5262467882063518 0.850090965564107 -0.02024026108485967
vn 0.5262467882063518 0.850090965564107 -0.02024026108485967
vn 0.5262467882063518 0.850090965564107 -0.02024026108485967
vn 0.5262467882063518 0.850090965564107 -0.02024026108485967
vn 0.5262467882063518 0.850090965564107 -0.02024026108485967
vn 0.5262467882063518 0.850090965564107 -0.02024026108485967
vn 0.5262467882063518 0.850090965564107 -0.02024026108485967
vn 0.5262467882063518 0.850090965564107 -0.02024026108485967
vn 0.5262467882063518 0.850090965564107 -0.02024026108485967
vn 0.5262467882063518 0.850090965564107 -0.02024026108485967
f 5857/5857/5857 5874/5874/5874 5858/5858/5858
f 5874/5874/5874 5875/5875/5875 5858/5858/5858
f 5858/5858/5858 5875/5875/5875 5859/5859/5859
f 5875/5875/5875 5876/5876/5876 5859/5859/5859
f 5859/5859/5859 5876/5876/5876 5860/5860/5860
f 5876/5876/5876 5877/5877/5877 5860/5860/5860
f 5860/5860/5860 5877/5877/5877 5861/5861/5861
f 5877/5877/5877 5878/5878/5878 5861/5861/5861
f 5861/5861/5861 5878/5878/5878 5862/5862/5862
f 5878/5878/5878 5879/5879/5879 5862/5862/5862
f 5862/5862/5862 5879/5879/5879 5863/5863/5863
f 5879/5879/5879 5880/5880/5880 5863/5863/5863
f 5863/5863/5863 5880/5880/5880 5864/5864/5864
f 5880/5880/5880 5881/5881/5881 5864/5864/5864
f 5864/5864/5864 5881/5881/5881 5865/5865/5865
f 5881/5881/5881 5882/5882/5882 5865/5865/5865
f 5865/5865/5865 5882/5882/5882 5866/5866/5866
f 5882/5882/5882 5883/5883/5883 5866/5866/5866
f 5866/5866/5866 5883/5883/5883 5867/5867/5867
f 5883/5883/5883 5884/5884/5884 5867/5867/5867
f 5867/5867/5867 5884/5884/5884 5868/5868/5868
f 5884/5884/5884 5885/5885/5885 5868/5868/5868
f 5868/5868/5868 5885/5885/5885 5869/5869/5869
f 5885/5885/5885 5886/5886/5886 5869/5869/5869
f 5869/5869/5869 5886/5886/5886 5870/5870/5870
f 5886/5886/5886 5887/5887/5887 5870/5870/5870
f 5870/5870/5870 5887/5887/5887 5871/5871/5871
f 5887/5887/5887 5888/5888/5888 5871/5871/5871
f 5871/5871/5871 5888/5888/5888 5872/5872/5872
f 5888/5888/5888 5889/5889/5889 5872/5872/5872
f 5872/5872/5872 5889/5889/5889 5873/5873/5873
f 5889/5889/5889 5890/5890/5890 5873/5873/5873
f 5907/5907/5907 5908/5908/5908 5891/5891/5891
f 5908/5908/5908 5909/5909/5909 5892/5892/5892
f 5909/5909/5909 5910/5910/5910 5893/5893/5893
f 5910/5910/5910 5911/5911/5911 5894/5894/5894
f 5911/5911/5911 5912/5912/5912 5895/5895/5895
f 5912/5912/5912 5913/5913/5913 5896/5896/5896
f 5913/5913/5913 5914/5914/5914 5897/5897/5897
f 5914/5914/5914 5915/5915/5915 5898/5898/5898
f 5915/5915/5915 5916/5916/5916 5899/5899/5899
f 5916/5916/5916 5917/5917/5917 5900/5900/5900
f 5917/5917/5917 5918/5918/5918 5901/5901/5901
f 5918/5918/5918 5919/5919/5919 5902/5902/5902
f 5919/5919/5919 5920/5920/5920 5903/5903/5903
f 5920/5920/5920 5921/5921/5921 5904/5904/5904
f 5921/5921/5921 5922/5922/5922 5905/5905/5905
f 5922/5922/5922 5923/5923/5923 5906/5906/5906
f 5941/5941/5941 5940/5940/5940 5924/5924/5924
f 5942/5942/5942 5941/5941/5941 5925/5925/5925
f 5943/5943/5943 5942/5942/5942 5926/5926/5926
f 5944/5944/5944 5943/5943/5943 5927/5927/5927
f 5945/5945/5945 5944/5944/5944 5928/5928/5928
f 5946/5946/5946 5945/5945/5945 5929/5929/5929
f 5947/5947/5947 5946/5946/5946 5930/5930/5930
f 5948/5948/5948 5947/5947/5947 5931/5931/5931
f 5949/5949/5949 5948/5948/5948 5932/5932/5932
f 5950/5950/5950 5949/5949/5949 5933/5933/5933
f 5951/5951/5951 5950/5950/5950 5934/5934/5934
f 5952/5952/5952 5951/5951/5951 5935/5935/5935
f 5953/5953/5953 5952/5952/5952 5936/5936/5936
f 5954/5954/5954 5953/5953/5953 5937/5937/5937
f 5955/5955/5955 5954/5954/5954 5938/5938/5938
f 5956/5956/5956 5955/5955/5955 5939/5939/5939
o bike_fork_r
usemtl bike_chrome
v 0.510141589772423 2.1688186437392343 -0.025015730408796552
v 0.5268639143535028 2.172977318420841 -0.028385772398539483
v 0.5410188619042591 2.1766827226457655 -0.03809120076392708
v 0.5504514679970484 2.1793707418299038 -0.05265445574193245
v 0.5537257074826486 2.1806321502453714 -0.06985841174383435
v 0.5503431009273634 2.1802749084228785 -0.08708392330916839
v 0.5408186256634431 2.178353404709745 -0.10170856329850837
v 0.5266022931013521 2.1751601696956286 -0.11150586083502699
v 0.5098584129568402 2.171181345040462 -0.11498426989445493
v 0.4931360883757605 2.167022670358855 -0.11161422790471198
v 0.4789811408250042 2.1633172661339306 -0.10190879953932439
v 0.46954853473221486 2.1606292469497923 -0.08734554456131902
v 0.4662742952466147 2.1593678385343247 -0.07014158855941713
v 0.46965690180189984 2.1597250803568175 -0.05291607699408308
v 0.4791813770658202 2.1616465840699512 -0.0382914370047431
v 0.4933977096279112 2.1648398190840674 -0.02849413946822448
v 0.510141589772423 2.1688186437392343 -0.025015730408796552
v 0.69014158704316 1.4288186549595383 -0.045015730105545076
v 0.7068639116242397 1.4329773296411454 -0.048385772095288014
v 0.721018859174996 1.4366827338660697 -0.05809120046067561
v 0.7304514652677854 1.4393707530502078 -0.07265445543868099
v 0.7337257047533855 1.4406321614656754 -0.08985841144058289
v 0.7303430981981003 1.4402749196431825 -0.10708392300591693
v 0.72081862293418 1.438353415930049 -0.1217085629952569
v 0.706602290372089 1.4351601809159327 -0.13150586053177551
v 0.6898584102275772 1.4311813562607658 -0.13498426959120347
v 0.6731360856464974 1.427022681579159 -0.13161422760146052
v 0.6589811380957411 1.4233172773542346 -0.12190879923607292
v 0.6495485320029518 1.4206292581700966 -0.10734554425806755
v 0.6462742925173516 1.4193678497546287 -0.09014158825616565
v 0.6496568990726368 1.4197250915771216 -0.07291607669083161
v 0.6591813743365571 1.4216465952902553 -0.05829143670149163
v 0.6733977068986481 1.4248398303043714 -0.04849413916497301
v 0.69014158704316 1.4288186549595383 -0.045015730105545076
v 0.5100000013646316 2.169999994389848 -0.07000000015162573
v 0.5100000013646316 2.169999994389848 -0.07000000015162573
v 0.5100000013646316 2.169999994389848 -0.07000000015162573
v 0.5100000013646316 2.169999994389848 -0.07000000015162573
v 0.5100000013646316 2.169999994389848 -0.07000000015162573
v 0.5100000013646316 2.169999994389848 -0.07000000015162573
v 0.5100000013646316 2.169999994389848 -0.07000000015162573
v 0.5100000013646316 2.169999994389848 -0.07000000015162573
v 0.5100000013646316 2.169999994389848 -0.07000000015162573
v 0.5100000013646316 2.169999994389848 -0.07000000015162573
v 0.5100000013646316 2.169999994389848 -0.07000000015162573
v 0.5100000013646316 2.169999994389848 -0.07000000015162573
v 0.5100000013646316 2.169999994389848 -0.07000000015162573
v 0.5100000013646316 2.169999994389848 -0.07000000015162573
v 0.5100000013646316 2.169999994389848 -0.07000000015162573
v 0.5100000013646316 2.169999994389848 -0.07000000015162573
v 0.510141589772423 2.1688186437392343 -0.025015730408796552
v 0.5268639143535028 2.172977318420841 -0.028385772398539483
v 0.5410188619042591 2.1766827226457655 -0.03809120076392708
v 0.5504514679970484 2.1793707418299038 -0.05265445574193245
v 0.5537257074826486 2.1806321502453714 -0.06985841174383435
v 0.5503431009273634 2.1802749084228785 -0.08708392330916839
v 0.5408186256634431 2.178353404709745 -0.10170856329850837
v 0.5266022931013521 2.1751601696956286 -0.11150586083502699
v 0.5098584129568402 2.171181345040462 -0.11498426989445493
v 0.4931360883757605 2.167022670358855 -0.11161422790471198
v 0.4789811408250042 2.1633172661339306 -0.10190879953932439
v 0.46954853473221486 2.1606292469497923 -0.08734554456131902
v 0.4662742952466147 2.1593678385343247 -0.07014158855941713
v 0.46965690180189984 2.1597250803568175 -0.05291607699408308
v 0.4791813770658202 2.1616465840699512 -0.0382914370047431
v 0.4933977096279112 2.1648398190840674 -0.02849413946822448
v 0.510141589772423 2.1688186437392343 -0.025015730408796552
v 0.6899999986353685 1.430000005610152 -0.08999999984837427
v 0.6899999986353685 1.430000005610152 -0.08999999984837427
v 0.6899999986353685 1.430000005610152 -0.08999999984837427
v 0.6899999986353685 1.430000005610152 -0.08999999984837427
v 0.6899999986353685 1.430000005610152 -0.08999999984837427
v 0.6899999986353685 1.430000005610152 -0.08999999984837427
v 0.6899999986353685 1.430000005610152 -0.08999999984837427
v 0.6899999986353685 1.430000005610152 -0.08999999984837427
v 0.6899999986353685 1.430000005610152 -0.08999999984837427
v 0.6899999986353685 1.430000005610152 -0.08999999984837427
v 0.6899999986353685 1.430000005610152 -0.08999999984837427
v 0.6899999986353685 1.430000005610152 -0.08999999984837427
v 0.6899999986353685 1.430000005610152 -0.08999999984837427
v 0.6899999986353685 1.430000005610152 -0.08999999984837427
v 0.6899999986353685 1.430000005610152 -0.08999999984837427
v 0.6899999986353685 1.430000005610152 -0.08999999984837427
v 0.69014158704316 1.4288186549595383 -0.045015730105545076
v 0.7068639116242397 1.4329773296411454 -0.048385772095288014
v 0.721018859174996 1.4366827338660697 -0.05809120046067561
v 0.7304514652677854 1.4393707530502078 -0.07265445543868099
v 0.7337257047533855 1.4406321614656754 -0.08985841144058289
v 0.7303430981981003 1.4402749196431825 -0.10708392300591693
v 0.72081862293418 1.438353415930049 -0.1217085629952569
v 0.706602290372089 1.4351601809159327 -0.13150586053177551
v 0.6898584102275772 1.4311813562607658 -0.13498426959120347
v 0.6731360856464974 1.427022681579159 -0.13161422760146052
v 0.6589811380957411 1.4233172773542346 -0.12190879923607292
v 0.6495485320029518 1.4206292581700966 -0.10734554425806755
v 0.6462742925173516 1.4193678497546287 -0.09014158825616565
v 0.6496568990726368 1.4197250915771216 -0.07291607669083161
v 0.6591813743365571 1.4216465952902553 -0.05829143670149163
v 0.6733977068986481 1.4248398303043714 -0.04849413916497301
v 0.69014158704316 1.4288186549595383 -0.045015730105545076
vt 0 1
vt 0.0625 1
vt 0.125 1
vt 0.1875 1
vt 0.25 1
vt 0.3125 1
vt 0.375 1
vt 0.4375 1
vt 0.5 1
vt 0.5625 1
vt 0.625 1
vt 0.6875 1
vt 0.75 1
vt 0.8125 1
vt 0.875 1
vt 0.9375 1
vt 1 1
vt 0 0
vt 0.0625 0
vt 0.125 0
vt 0.1875 0
vt 0.25 0
vt 0.3125 0
vt 0.375 0
vt 0.4375 0
vt 0.5 0
vt 0.5625 0
vt 0.625 0
vt 0.6875 0
vt 0.75 0
vt 0.8125 0
vt 0.875 0
vt 0.9375 0
vt 1 0
vt 0.5 0.5
vt 0.5 0.5
vt 0.5 0.5
vt 0.5 0.5
vt 0.5 0.5
vt 0.5 0.5
vt 0.5 0.5
vt 0.5 0.5
vt 0.5 0.5
vt 0.5 0.5
vt 0.5 0.5
vt 0.5 0.5
vt 0.5 0.5
vt 0.5 0.5
vt 0.5 0.5
vt 0.5 0.5
vt 1 0.5
vt 0.9619397521018982 0.6913416981697083
vt 0.8535534143447876 0.8535534143447876
vt 0.6913416981697083 0.9619397521018982
vt 0.5 1
vt 0.30865827202796936 0.9619397521018982
vt 0.1464466154575348 0.8535534143447876
vt 0.03806023299694061 0.6913416981697083
vt 0 0.5
vt 0.03806023299694061 0.30865827202796936
vt 0.1464466154575348 0.1464466154575348
vt 0.30865827202796936 0.03806023299694061
vt 0.5 0
vt 0.6913416981697083 0.03806023299694061
vt 0.8535534143447876 0.1464466154575348
vt 0.9619397521018982 0.30865827202796936
vt 1 0.5
vt 0.5 0.5
vt 0.5 0.5
vt 0.5 0.5
vt 0.5 0.5
vt 0.5 0.5
vt 0.5 0.5
vt 0.5 0.5
vt 0.5 0.5
vt 0.5 0.5
vt 0.5 0.5
vt 0.5 0.5
vt 0.5 0.5
vt 0.5 0.5
vt 0.5 0.5
vt 0.5 0.5
vt 0.5 0.5
vt 1 0.5
vt 0.9619397521018982 0.30865827202796936
vt 0.8535534143447876 0.1464466154575348
vt 0.6913416981697083 0.03806023299694061
vt 0.5 0
vt 0.30865827202796936 0.03806023299694061
vt 0.1464466154575348 0.1464466154575348
vt 0.03806023299694061 0.30865827202796936
vt 0 0.5
vt 0.03806023299694061 0.6913416981697083
vt 0.1464466154575348 0.8535534143447876
vt 0.30865827202796936 0.9619397521018982
vt 0.5 1
vt 0.6913416981697083 0.9619397521018982
vt 0.8535534143447876 0.8535534143447876
vt 0.9619397521018982 0.6913416981697083
vt 1 0.5
vn 0.0031464089370035323 -0.026252235637134257 0.9996503990069997
vn 0.3747536325953073 0.06616275874071935 0.9247606199511519
vn 0.6893080044206182 0.14850507072259833 0.7090844230494285
vn 0.8989214838472621 0.2082388324665389 0.38545655336342305
vn 0.9716823195669682 0.23627012073420847 0.0031464089370035926
vn 0.8965133266744361 0.22833142399486422 -0.3796427477400478
vn 0.6848583102291359 0.1856313384032479 -0.7046347288579461
vn 0.3689398269719321 0.11467056501420854 -0.9223524627783258
vn -0.0031464089370034135 0.026252235637134285 -0.9996503990069997
vn -0.3747536325953073 -0.06616275874071935 -0.9247606199511519
vn -0.6893080044206182 -0.14850507072259833 -0.7090844230494285
vn -0.8989214838472621 -0.2082388324665389 -0.38545655336342305
vn -0.9716823195669682 -0.23627012073420847 -0.003146408937003715
vn -0.8965133266744361 -0.22833142399486422 0.3796427477400478
vn -0.6848583102291359 -0.1856313384032479 0.7046347288579461
vn -0.3689398269719321 -0.11467056501420854 0.9223524627783258
vn 0.0031464089370032942 -0.026252235637134316 0.9996503990069997
vn 0.0031464089370035323 -0.026252235637134257 0.9996503990069997
vn 0.3747536325953073 0.06616275874071935 0.9247606199511519
vn 0.6893080044206182 0.14850507072259833 0.7090844230494285
vn 0.8989214838472621 0.2082388324665389 0.38545655336342305
vn 0.9716823195669682 0.23627012073420847 0.0031464089370035926
vn 0.8965133266744361 0.22833142399486422 -0.3796427477400478
vn 0.6848583102291359 0.1856313384032479 -0.7046347288579461
vn 0.3689398269719321 0.11467056501420854 -0.9223524627783258
vn -0.0031464089370034135 0.026252235637134285 -0.9996503990069997
vn -0.3747536325953073 -0.06616275874071935 -0.9247606199511519
vn -0.6893080044206182 -0.14850507072259833 -0.7090844230494285
vn -0.8989214838472621 -0.2082388324665389 -0.38545655336342305
vn -0.9716823195669682 -0.23627012073420847 -0.003146408937003715
vn -0.8965133266744361 -0.22833142399486422 0.3796427477400478
vn -0.6848583102291359 -0.1856313384032479 0.7046347288579461
vn -0.3689398269719321 -0.11467056501420854 0.9223524627783258
vn 0.0031464089370032942 -0.026252235637134316 0.9996503990069997
vn -0.23627012073420847 0.9713327185739677 0.02625223563713425
vn -0.23627012073420847 0.9713327185739677 0.02625223563713425
vn -0.23627012073420847 0.9713327185739677 0.02625223563713425
vn -0.23627012073420847 0.9713327185739677 0.02625223563713425
vn -0.23627012073420847 0.9713327185739677 0.02625223563713425
vn -0.23627012073420847 0.9713327185739677 0.02625223563713425
vn -0.23627012073420847 0.9713327185739677 0.02625223563713425
vn -0.23627012073420847 0.9713327185739677 0.02625223563713425
vn -0.23627012073420847 0.9713327185739677 0.02625223563713425
vn -0.23627012073420847 0.9713327185739677 0.02625223563713425
vn -0.23627012073420847 0.9713327185739677 0.02625223563713425
vn -0.23627012073420847 0.9713327185739677 0.02625223563713425
vn -0.23627012073420847 0.9713327185739677 0.02625223563713425
vn -0.23627012073420847 0.9713327185739677 0.02625223563713425
vn -0.23627012073420847 0.9713327185739677 0.02625223563713425
vn -0.23627012073420847 0.9713327185739677 0.02625223563713425
vn -0.23627012073420847 0.9713327185739677 0.02625223563713425
vn -0.23627012073420847 0.9713327185739677 0.02625223563713425
vn -0.23627012073420847 0.9713327185739677 0.02625223563713425
vn -0.23627012073420847 0.9713327185739677 0.02625223563713425
vn -0.23627012073420847 0.9713327185739677 0.02625223563713425
vn -0.23627012073420847 0.9713327185739677 0.02625223563713425
vn -0.23627012073420847 0.9713327185739677 0.02625223563713425
vn -0.23627012073420847 0.9713327185739677 0.02625223563713425
vn -0.23627012073420847 0.9713327185739677 0.02625223563713425
vn -0.23627012073420847 0.9713327185739677 0.02625223563713425
vn -0.23627012073420847 0.9713327185739677 0.02625223563713425
vn -0.23627012073420847 0.9713327185739677 0.02625223563713425
vn -0.23627012073420847 0.9713327185739677 0.02625223563713425
vn -0.23627012073420847 0.9713327185739677 0.02625223563713425
vn -0.23627012073420847 0.9713327185739677 0.02625223563713425
vn -0.23627012073420847 0.9713327185739677 0.02625223563713425
vn -0.23627012073420847 0.9713327185739677 0.02625223563713425
vn 0.23627012073420847 -0.9713327185739677 -0.02625223563713425
vn 0.23627012073420847 -0.9713327185739677 -0.02625223563713425
vn 0.23627012073420847 -0.9713327185739677 -0.02625223563713425
vn 0.23627012073420847 -0.9713327185739677 -0.02625223563713425
vn 0.23627012073420847 -0.9713327185739677 -0.02625223563713425
vn 0.23627012073420847 -0.9713327185739677 -0.02625223563713425
vn 0.23627012073420847 -0.9713327185739677 -0.02625223563713425
vn 0.23627012073420847 -0.9713327185739677 -0.02625223563713425
vn 0.23627012073420847 -0.9713327185739677 -0.02625223563713425
vn 0.23627012073420847 -0.9713327185739677 -0.02625223563713425
vn 0.23627012073420847 -0.9713327185739677 -0.02625223563713425
vn 0.23627012073420847 -0.9713327185739677 -0.02625223563713425
vn 0.23627012073420847 -0.9713327185739677 -0.02625223563713425
vn 0.23627012073420847 -0.9713327185739677 -0.02625223563713425
vn 0.23627012073420847 -0.9713327185739677 -0.02625223563713425
vn 0.23627012073420847 -0.9713327185739677 -0.02625223563713425
vn 0.23627012073420847 -0.9713327185739677 -0.02625223563713425
vn 0.23627012073420847 -0.9713327185739677 -0.02625223563713425
vn 0.23627012073420847 -0.9713327185739677 -0.02625223563713425
vn 0.23627012073420847 -0.9713327185739677 -0.02625223563713425
vn 0.23627012073420847 -0.9713327185739677 -0.02625223563713425
vn 0.23627012073420847 -0.9713327185739677 -0.02625223563713425
vn 0.23627012073420847 -0.9713327185739677 -0.02625223563713425
vn 0.23627012073420847 -0.9713327185739677 -0.02625223563713425
vn 0.23627012073420847 -0.9713327185739677 -0.02625223563713425
vn 0.23627012073420847 -0.9713327185739677 -0.02625223563713425
vn 0.23627012073420847 -0.9713327185739677 -0.02625223563713425
vn 0.23627012073420847 -0.9713327185739677 -0.02625223563713425
vn 0.23627012073420847 -0.9713327185739677 -0.02625223563713425
vn 0.23627012073420847 -0.9713327185739677 -0.02625223563713425
vn 0.23627012073420847 -0.9713327185739677 -0.02625223563713425
vn 0.23627012073420847 -0.9713327185739677 -0.02625223563713425
vn 0.23627012073420847 -0.9713327185739677 -0.02625223563713425
f 5957/5957/5957 5974/5974/5974 5958/5958/5958
f 5974/5974/5974 5975/5975/5975 5958/5958/5958
f 5958/5958/5958 5975/5975/5975 5959/5959/5959
f 5975/5975/5975 5976/5976/5976 5959/5959/5959
f 5959/5959/5959 5976/5976/5976 5960/5960/5960
f 5976/5976/5976 5977/5977/5977 5960/5960/5960
f 5960/5960/5960 5977/5977/5977 5961/5961/5961
f 5977/5977/5977 5978/5978/5978 5961/5961/5961
f 5961/5961/5961 5978/5978/5978 5962/5962/5962
f 5978/5978/5978 5979/5979/5979 5962/5962/5962
f 5962/5962/5962 5979/5979/5979 5963/5963/5963
f 5979/5979/5979 5980/5980/5980 5963/5963/5963
f 5963/5963/5963 5980/5980/5980 5964/5964/5964
f 5980/5980/5980 5981/5981/5981 5964/5964/5964
f 5964/5964/5964 5981/5981/5981 5965/5965/5965
f 5981/5981/5981 5982/5982/5982 5965/5965/5965
f 5965/5965/5965 5982/5982/5982 5966/5966/5966
f 5982/5982/5982 5983/5983/5983 5966/5966/5966
f 5966/5966/5966 5983/5983/5983 5967/5967/5967
f 5983/5983/5983 5984/5984/5984 5967/5967/5967
f 5967/5967/5967 5984/5984/5984 5968/5968/5968
f 5984/5984/5984 5985/5985/5985 5968/5968/5968
f 5968/5968/5968 5985/5985/5985 5969/5969/5969
f 5985/5985/5985 5986/5986/5986 5969/5969/5969
f 5969/5969/5969 5986/5986/5986 5970/5970/5970
f 5986/5986/5986 5987/5987/5987 5970/5970/5970
f 5970/5970/5970 5987/5987/5987 5971/5971/5971
f 5987/5987/5987 5988/5988/5988 5971/5971/5971
f 5971/5971/5971 5988/5988/5988 5972/5972/5972
f 5988/5988/5988 5989/5989/5989 5972/5972/5972
f 5972/5972/5972 5989/5989/5989 5973/5973/5973
f 5989/5989/5989 5990/5990/5990 5973/5973/5973
f 6007/6007/6007 6008/6008/6008 5991/5991/5991
f 6008/6008/6008 6009/6009/6009 5992/5992/5992
f 6009/6009/6009 6010/6010/6010 5993/5993/5993
f 6010/6010/6010 6011/6011/6011 5994/5994/5994
f 6011/6011/6011 6012/6012/6012 5995/5995/5995
f 6012/6012/6012 6013/6013/6013 5996/5996/5996
f 6013/6013/6013 6014/6014/6014 5997/5997/5997
f 6014/6014/6014 6015/6015/6015 5998/5998/5998
f 6015/6015/6015 6016/6016/6016 5999/5999/5999
f 6016/6016/6016 6017/6017/6017 6000/6000/6000
f 6017/6017/6017 6018/6018/6018 6001/6001/6001
f 6018/6018/6018 6019/6019/6019 6002/6002/6002
f 6019/6019/6019 6020/6020/6020 6003/6003/6003
f 6020/6020/6020 6021/6021/6021 6004/6004/6004
f 6021/6021/6021 6022/6022/6022 6005/6005/6005
f 6022/6022/6022 6023/6023/6023 6006/6006/6006
f 6041/6041/6041 6040/6040/6040 6024/6024/6024
f 6042/6042/6042 6041/6041/6041 6025/6025/6025
f 6043/6043/6043 6042/6042/6042 6026/6026/6026
f 6044/6044/6044 6043/6043/6043 6027/6027/6027
f 6045/6045/6045 6044/6044/6044 6028/6028/6028
f 6046/6046/6046 6045/6045/6045 6029/6029/6029
f 6047/6047/6047 6046/6046/6046 6030/6030/6030
f 6048/6048/6048 6047/6047/6047 6031/6031/6031
f 6049/6049/6049 6048/6048/6048 6032/6032/6032
f 6050/6050/6050 6049/6049/6049 6033/6033/6033
f 6051/6051/6051 6050/6050/6050 6034/6034/6034
f 6052/6052/6052 6051/6051/6051 6035/6035/6035
f 6053/6053/6053 6052/6052/6052 6036/6036/6036
f 6054/6054/6054 6053/6053/6053 6037/6037/6037
f 6055/6055/6055 6054/6054/6054 6038/6038/6038
f 6056/6056/6056 6055/6055/6055 6039/6039/6039
o bike_grip_r
usemtl bike_ink
v 0.4999999993294478 2.2799999993294477 -0.21000000134110453
v 0.4999999993294478 2.2799999993294477 -0.3299999986588955
v 0.4999999993294478 2.2200000006705523 -0.21000000134110453
v 0.4999999993294478 2.2200000006705523 -0.3299999986588955
v 0.4400000006705523 2.2799999993294477 -0.3299999986588955
v 0.4400000006705523 2.2799999993294477 -0.21000000134110453
v 0.4400000006705523 2.2200000006705523 -0.3299999986588955
v 0.4400000006705523 2.2200000006705523 -0.21000000134110453
v 0.4400000006705523 2.2799999993294477 -0.3299999986588955
v 0.4999999993294478 2.2799999993294477 -0.3299999986588955
v 0.4400000006705523 2.2799999993294477 -0.21000000134110453
v 0.4999999993294478 2.2799999993294477 -0.21000000134110453
v 0.4400000006705523 2.2200000006705523 -0.21000000134110453
v 0.4999999993294478 2.2200000006705523 -0.21000000134110453
v 0.4400000006705523 2.2200000006705523 -0.3299999986588955
v 0.4999999993294478 2.2200000006705523 -0.3299999986588955
v 0.4400000006705523 2.2799999993294477 -0.21000000134110453
v 0.4999999993294478 2.2799999993294477 -0.21000000134110453
v 0.4400000006705523 2.2200000006705523 -0.21000000134110453
v 0.4999999993294478 2.2200000006705523 -0.21000000134110453
v 0.4999999993294478 2.2799999993294477 -0.3299999986588955
v 0.4400000006705523 2.2799999993294477 -0.3299999986588955
v 0.4999999993294478 2.2200000006705523 -0.3299999986588955
v 0.4400000006705523 2.2200000006705523 -0.3299999986588955
vt 0 1
vt 1 1
vt 0 0
vt 1 0
vt 0 1
vt 1 1
vt 0 0
vt 1 0
vt 0 1
vt 1 1
vt 0 0
vt 1 0
vt 0 1
vt 1 1
vt 0 0
vt 1 0
vt 0 1
vt 1 1
vt 0 0
vt 1 0
vt 0 1
vt 1 1
vt 0 0
vt 1 0
vn 1 0 0
vn 1 0 0
vn 1 0 0
vn 1 0 0
vn -1 0 0
vn -1 0 0
vn -1 0 0
vn -1 0 0
vn 0 1 0
vn 0 1 0
vn 0 1 0
vn 0 1 0
vn 0 -1 0
vn 0 -1 0
vn 0 -1 0
vn 0 -1 0
vn 0 0 1
vn 0 0 1
vn 0 0 1
vn 0 0 1
vn 0 0 -1
vn 0 0 -1
vn 0 0 -1
vn 0 0 -1
f 6057/6057/6057 6059/6059/6059 6058/6058/6058
f 6059/6059/6059 6060/6060/6060 6058/6058/6058
f 6061/6061/6061 6063/6063/6063 6062/6062/6062
f 6063/6063/6063 6064/6064/6064 6062/6062/6062
f 6065/6065/6065 6067/6067/6067 6066/6066/6066
f 6067/6067/6067 6068/6068/6068 6066/6066/6066
f 6069/6069/6069 6071/6071/6071 6070/6070/6070
f 6071/6071/6071 6072/6072/6072 6070/6070/6070
f 6073/6073/6073 6075/6075/6075 6074/6074/6074
f 6075/6075/6075 6076/6076/6076 6074/6074/6074
f 6077/6077/6077 6079/6079/6079 6078/6078/6078
f 6079/6079/6079 6080/6080/6080 6078/6078/6078
o bike_mirror_stem_r
usemtl bike_chrome
v 0.4187724115110938 2.4275820648878863 -0.22596414082229066
v 0.4246951800678295 2.428818371230027 -0.22750233507150452
v 0.429903149771459 2.428712160184977 -0.23094318546511
v 0.43360345531133093 2.427279602048608 -0.2357628531661764
v 0.43523275810272666 2.4247387901395943 -0.2412275882515721
v 0.4345430111499771 2.421476540074698 -0.24650543401967173
v 0.43163922253843967 2.417989500132625 -0.25079288603608885
v 0.42696346851945943 2.414808540288549 -0.25343721950135983
v 0.4212275892800198 2.4124179328969957 -0.2540358579119275
v 0.41530482072328406 2.411181626554855 -0.25249766366271365
v 0.41009685101965465 2.411287837599905 -0.2490568132691082
v 0.40639654547978266 2.4127203957362746 -0.2442371455680418
v 0.40476724268838693 2.4152612076452877 -0.2387724104826461
v 0.4054569896411365 2.418523457710184 -0.2334945647145465
v 0.4083607782526739 2.422010497652257 -0.22920711269812932
v 0.41303653227165416 2.4251914574963336 -0.22656277923285836
v 0.4187724115110938 2.4275820648878863 -0.22596414082229066
v 0.4687724107199802 2.2875820671030045 -0.14596414208807248
v 0.47469517927671595 2.288818373445145 -0.14750233633728638
v 0.47990314898034536 2.288712162400095 -0.15094318673089183
v 0.48360345452021736 2.2872796042637256 -0.15576285443195823
v 0.4852327573116131 2.2847387923547124 -0.16122758951735391
v 0.4845430103588635 2.2814765422898162 -0.16650543528545353
v 0.4816392217473261 2.2779895023477432 -0.1707928873018707
v 0.47696346772834586 2.2748085425036666 -0.17343722076714166
v 0.4712275884889062 2.272417935112114 -0.17403585917770936
v 0.4653048199321705 2.2711816287699733 -0.1724976649284955
v 0.460096850228541 2.2712878398150234 -0.16905681453489002
v 0.4563965446886691 2.2727203979513924 -0.16423714683382362
v 0.45476724189727336 2.275261209860406 -0.15877241174842793
v 0.4554569888500229 2.278523459925302 -0.1534945659803283
v 0.45836077746156034 2.282010499867375 -0.14920711396391115
v 0.4630365314805406 2.2851914597114513 -0.1465627804986402
v 0.4687724107199802 2.2875820671030045 -0.14596414208807248
v 0.4200000003955568 2.419999998892441 -0.23999999936710908
v 0.4200000003955568 2.419999998892441 -0.23999999936710908
v 0.4200000003955568 2.419999998892441 -0.23999999936710908
v 0.4200000003955568 2.419999998892441 -0.23999999936710908
v 0.4200000003955568 2.419999998892441 -0.23999999936710908
v 0.4200000003955568 2.419999998892441 -0.23999999936710908
v 0.4200000003955568 2.419999998892441 -0.23999999936710908
v 0.4200000003955568 2.419999998892441 -0.23999999936710908
v 0.4200000003955568 2.419999998892441 -0.23999999936710908
v 0.4200000003955568 2.419999998892441 -0.23999999936710908
v 0.4200000003955568 2.419999998892441 -0.23999999936710908
v 0.4200000003955568 2.419999998892441 -0.23999999936710908
v 0.4200000003955568 2.419999998892441 -0.23999999936710908
v 0.4200000003955568 2.419999998892441 -0.23999999936710908
v 0.4200000003955568 2.419999998892441 -0.23999999936710908
v 0.4200000003955568 2.419999998892441 -0.23999999936710908
v 0.4187724115110938 2.4275820648878863 -0.22596414082229066
v 0.4246951800678295 2.428818371230027 -0.22750233507150452
v 0.429903149771459 2.428712160184977 -0.23094318546511
v 0.43360345531133093 2.427279602048608 -0.2357628531661764
v 0.43523275810272666 2.4247387901395943 -0.2412275882515721
v 0.4345430111499771 2.421476540074698 -0.24650543401967173
v 0.43163922253843967 2.417989500132625 -0.25079288603608885
v 0.42696346851945943 2.414808540288549 -0.25343721950135983
v 0.4212275892800198 2.4124179328969957 -0.2540358579119275
v 0.41530482072328406 2.411181626554855 -0.25249766366271365
v 0.41009685101965465 2.411287837599905 -0.2490568132691082
v 0.40639654547978266 2.4127203957362746 -0.2442371455680418
v 0.40476724268838693 2.4152612076452877 -0.2387724104826461
v 0.4054569896411365 2.418523457710184 -0.2334945647145465
v 0.4083607782526739 2.422010497652257 -0.22920711269812932
v 0.41303653227165416 2.4251914574963336 -0.22656277923285836
v 0.4187724115110938 2.4275820648878863 -0.22596414082229066
v 0.4699999996044432 2.280000001107559 -0.16000000063289094
v 0.4699999996044432 2.280000001107559 -0.16000000063289094
v 0.4699999996044432 2.280000001107559 -0.16000000063289094
v 0.4699999996044432 2.280000001107559 -0.16000000063289094
v 0.4699999996044432 2.280000001107559 -0.16000000063289094
v 0.4699999996044432 2.280000001107559 -0.16000000063289094
v 0.4699999996044432 2.280000001107559 -0.16000000063289094
v 0.4699999996044432 2.280000001107559 -0.16000000063289094
v 0.4699999996044432 2.280000001107559 -0.16000000063289094
v 0.4699999996044432 2.280000001107559 -0.16000000063289094
v 0.4699999996044432 2.280000001107559 -0.16000000063289094
v 0.4699999996044432 2.280000001107559 -0.16000000063289094
v 0.4699999996044432 2.280000001107559 -0.16000000063289094
v 0.4699999996044432 2.280000001107559 -0.16000000063289094
v 0.4699999996044432 2.280000001107559 -0.16000000063289094
v 0.4699999996044432 2.280000001107559 -0.16000000063289094
v 0.4687724107199802 2.2875820671030045 -0.14596414208807248
v 0.47469517927671595 2.288818373445145 -0.14750233633728638
v 0.47990314898034536 2.288712162400095 -0.15094318673089183
v 0.48360345452021736 2.2872796042637256 -0.15576285443195823
v 0.4852327573116131 2.2847387923547124 -0.16122758951735391
v 0.4845430103588635 2.2814765422898162 -0.16650543528545353
v 0.4816392217473261 2.2779895023477432 -0.1707928873018707
v 0.47696346772834586 2.2748085425036666 -0.17343722076714166
v 0.4712275884889062 2.272417935112114 -0.17403585917770936
v 0.4653048199321705 2.2711816287699733 -0.1724976649284955
v 0.460096850228541 2.2712878398150234 -0.16905681453489002
v 0.4563965446886691 2.2727203979513924 -0.16423714683382362
v 0.45476724189727336 2.275261209860406 -0.15877241174842793
v 0.4554569888500229 2.278523459925302 -0.1534945659803283
v 0.45836077746156034 2.282010499867375 -0.14920711396391115
v 0.4630365314805406 2.2851914597114513 -0.1465627804986402
v 0.4687724107199802 2.2875820671030045 -0.14596414208807248
vt 0 1
vt 0.0625 1
vt 0.125 1
vt 0.1875 1
vt 0.25 1
vt 0.3125 1
vt 0.375 1
vt 0.4375 1
vt 0.5 1
vt 0.5625 1
vt 0.625 1
vt 0.6875 1
vt 0.75 1
vt 0.8125 1
vt 0.875 1
vt 0.9375 1
vt 1 1
vt 0 0
vt 0.0625 0
vt 0.125 0
vt 0.1875 0
vt 0.25 0
vt 0.3125 0
vt 0.375 0
vt 0.4375 0
vt 0.5 0
vt 0.5625 0
vt 0.625 0
vt 0.6875 0
vt 0.75 0
vt 0.8125 0
vt 0.875 0
vt 0.9375 0
vt 1 0
vt 0.5 0.5
vt 0.5 0.5
vt 0.5 0.5
vt 0.5 0.5
vt 0.5 0.5
vt 0.5 0.5
vt 0.5 0.5
vt 0.5 0.5
vt 0.5 0.5
vt 0.5 0.5
vt 0.5 0.5
vt 0.5 0.5
vt 0.5 0.5
vt 0.5 0.5
vt 0.5 0.5
vt 0.5 0.5
vt 1 0.5
vt 0.9619397521018982 0.6913416981697083
vt 0.8535534143447876 0.8535534143447876
vt 0.6913416981697083 0.9619397521018982
vt 0.5 1
vt 0.30865827202796936 0.9619397521018982
vt 0.1464466154575348 0.8535534143447876
vt 0.03806023299694061 0.6913416981697083
vt 0 0.5
vt 0.03806023299694061 0.30865827202796936
vt 0.1464466154575348 0.1464466154575348
vt 0.30865827202796936 0.03806023299694061
vt 0.5 0
vt 0.6913416981697083 0.03806023299694061
vt 0.8535534143447876 0.1464466154575348
vt 0.9619397521018982 0.30865827202796936
vt 1 0.5
vt 0.5 0.5
vt 0.5 0.5
vt 0.5 0.5
vt 0.5 0.5
vt 0.5 0.5
vt 0.5 0.5
vt 0.5 0.5
vt 0.5 0.5
vt 0.5 0.5
vt 0.5 0.5
vt 0.5 0.5
vt 0.5 0.5
vt 0.5 0.5
vt 0.5 0.5
vt 0.5 0.5
vt 0.5 0.5
vt 1 0.5
vt 0.9619397521018982 0.30865827202796936
vt 0.8535534143447876 0.1464466154575348
vt 0.6913416981697083 0.03806023299694061
vt 0.5 0
vt 0.30865827202796936 0.03806023299694061
vt 0.1464466154575348 0.1464466154575348
vt 0.03806023299694061 0.30865827202796936
vt 0 0.5
vt 0.03806023299694061 0.6913416981697083
vt 0.1464466154575348 0.8535534143447876
vt 0.30865827202796936 0.9619397521018982
vt 0.5 1
vt 0.6913416981697083 0.9619397521018982
vt 0.8535534143447876 0.8535534143447876
vt 0.9619397521018982 0.6913416981697083
vt 1 0.5
vn -0.07672430163472839 0.47387910220727364 0.8772411173844349
vn 0.29344872562421914 0.5511482547324488 0.7811039922666492
vn 0.618946835989005 0.544510080779204 0.5660508688704794
vn 0.8502159037495165 0.45497518514191476 0.26482163415490323
vn 0.9520473114782948 0.29617443887954636 -0.07672430163472832
vn 0.9089381426609338 0.09228381797347485 -0.40658965770950306
vn 0.7274513839244421 -0.12565617248750832 -0.6745554168059165
vn 0.4352167491788189 -0.32446615025217357 -0.8398262311780663
vn 0.0767243016347285 -0.4738791022072736 -0.8772411173844349
vn -0.29344872562421914 -0.5511482547324488 -0.7811039922666492
vn -0.618946835989005 -0.544510080779204 -0.5660508688704794
vn -0.8502159037495165 -0.45497518514191476 -0.26482163415490323
vn -0.9520473114782948 -0.2961744388795464 0.07672430163472821
vn -0.9089381426609338 -0.09228381797347485 0.40658965770950306
vn -0.7274513839244421 0.12565617248750832 0.6745554168059165
vn -0.4352167491788189 0.32446615025217357 0.8398262311780663
vn -0.07672430163472863 0.4738791022072736 0.8772411173844349
vn -0.07672430163472839 0.47387910220727364 0.8772411173844349
vn 0.29344872562421914 0.5511482547324488 0.7811039922666492
vn 0.618946835989005 0.544510080779204 0.5660508688704794
vn 0.8502159037495165 0.45497518514191476 0.26482163415490323
vn 0.9520473114782948 0.29617443887954636 -0.07672430163472832
vn 0.9089381426609338 0.09228381797347485 -0.40658965770950306
vn 0.7274513839244421 -0.12565617248750832 -0.6745554168059165
vn 0.4352167491788189 -0.32446615025217357 -0.8398262311780663
vn 0.0767243016347285 -0.4738791022072736 -0.8772411173844349
vn -0.29344872562421914 -0.5511482547324488 -0.7811039922666492
vn -0.618946835989005 -0.544510080779204 -0.5660508688704794
vn -0.8502159037495165 -0.45497518514191476 -0.26482163415490323
vn -0.9520473114782948 -0.2961744388795464 0.07672430163472821
vn -0.9089381426609338 -0.09228381797347485 0.40658965770950306
vn -0.7274513839244421 0.12565617248750832 0.6745554168059165
vn -0.4352167491788189 0.32446615025217357 0.8398262311780663
vn -0.07672430163472863 0.4738791022072736 0.8772411173844349
vn -0.2961744388795463 0.8292884288627295 -0.47387910220727353
vn -0.2961744388795463 0.8292884288627295 -0.47387910220727353
vn -0.2961744388795463 0.8292884288627295 -0.47387910220727353
vn -0.2961744388795463 0.8292884288627295 -0.47387910220727353
vn -0.2961744388795463 0.8292884288627295 -0.47387910220727353
vn -0.2961744388795463 0.8292884288627295 -0.47387910220727353
vn -0.2961744388795463 0.8292884288627295 -0.47387910220727353
vn -0.2961744388795463 0.8292884288627295 -0.47387910220727353
vn -0.2961744388795463 0.8292884288627295 -0.47387910220727353
vn -0.2961744388795463 0.8292884288627295 -0.47387910220727353
vn -0.2961744388795463 0.8292884288627295 -0.47387910220727353
vn -0.2961744388795463 0.8292884288627295 -0.47387910220727353
vn -0.2961744388795463 0.8292884288627295 -0.47387910220727353
vn -0.2961744388795463 0.8292884288627295 -0.47387910220727353
vn -0.2961744388795463 0.8292884288627295 -0.47387910220727353
vn -0.2961744388795463 0.8292884288627295 -0.47387910220727353
vn -0.2961744388795463 0.8292884288627295 -0.47387910220727353
vn -0.2961744388795463 0.8292884288627295 -0.47387910220727353
vn -0.2961744388795463 0.8292884288627295 -0.47387910220727353
vn -0.2961744388795463 0.8292884288627295 -0.47387910220727353
vn -0.2961744388795463 0.8292884288627295 -0.47387910220727353
vn -0.2961744388795463 0.8292884288627295 -0.47387910220727353
vn -0.2961744388795463 0.8292884288627295 -0.47387910220727353
vn -0.2961744388795463 0.8292884288627295 -0.47387910220727353
vn -0.2961744388795463 0.8292884288627295 -0.47387910220727353
vn -0.2961744388795463 0.8292884288627295 -0.47387910220727353
vn -0.2961744388795463 0.8292884288627295 -0.47387910220727353
vn -0.2961744388795463 0.8292884288627295 -0.47387910220727353
vn -0.2961744388795463 0.8292884288627295 -0.47387910220727353
vn -0.2961744388795463 0.8292884288627295 -0.47387910220727353
vn -0.2961744388795463 0.8292884288627295 -0.47387910220727353
vn -0.2961744388795463 0.8292884288627295 -0.47387910220727353
vn -0.2961744388795463 0.8292884288627295 -0.47387910220727353
vn 0.2961744388795463 -0.8292884288627295 0.47387910220727353
vn 0.2961744388795463 -0.8292884288627295 0.47387910220727353
vn 0.2961744388795463 -0.8292884288627295 0.47387910220727353
vn 0.2961744388795463 -0.8292884288627295 0.47387910220727353
vn 0.2961744388795463 -0.8292884288627295 0.47387910220727353
vn 0.2961744388795463 -0.8292884288627295 0.47387910220727353
vn 0.2961744388795463 -0.8292884288627295 0.47387910220727353
vn 0.2961744388795463 -0.8292884288627295 0.47387910220727353
vn 0.2961744388795463 -0.8292884288627295 0.47387910220727353
vn 0.2961744388795463 -0.8292884288627295 0.47387910220727353
vn 0.2961744388795463 -0.8292884288627295 0.47387910220727353
vn 0.2961744388795463 -0.8292884288627295 0.47387910220727353
vn 0.2961744388795463 -0.8292884288627295 0.47387910220727353
vn 0.2961744388795463 -0.8292884288627295 0.47387910220727353
vn 0.2961744388795463 -0.8292884288627295 0.47387910220727353
vn 0.2961744388795463 -0.8292884288627295 0.47387910220727353
vn 0.2961744388795463 -0.8292884288627295 0.47387910220727353
vn 0.2961744388795463 -0.8292884288627295 0.47387910220727353
vn 0.2961744388795463 -0.8292884288627295 0.47387910220727353
vn 0.2961744388795463 -0.8292884288627295 0.47387910220727353
vn 0.2961744388795463 -0.8292884288627295 0.47387910220727353
vn 0.2961744388795463 -0.8292884288627295 0.47387910220727353
vn 0.2961744388795463 -0.8292884288627295 0.47387910220727353
vn 0.2961744388795463 -0.8292884288627295 0.47387910220727353
vn 0.2961744388795463 -0.8292884288627295 0.47387910220727353
vn 0.2961744388795463 -0.8292884288627295 0.47387910220727353
vn 0.2961744388795463 -0.8292884288627295 0.47387910220727353
vn 0.2961744388795463 -0.8292884288627295 0.47387910220727353
vn 0.2961744388795463 -0.8292884288627295 0.47387910220727353
vn 0.2961744388795463 -0.8292884288627295 0.47387910220727353
vn 0.2961744388795463 -0.8292884288627295 0.47387910220727353
vn 0.2961744388795463 -0.8292884288627295 0.47387910220727353
vn 0.2961744388795463 -0.8292884288627295 0.47387910220727353
f 6081/6081/6081 6098/6098/6098 6082/6082/6082
f 6098/6098/6098 6099/6099/6099 6082/6082/6082
f 6082/6082/6082 6099/6099/6099 6083/6083/6083
f 6099/6099/6099 6100/6100/6100 6083/6083/6083
f 6083/6083/6083 6100/6100/6100 6084/6084/6084
f 6100/6100/6100 6101/6101/6101 6084/6084/6084
f 6084/6084/6084 6101/6101/6101 6085/6085/6085
f 6101/6101/6101 6102/6102/6102 6085/6085/6085
f 6085/6085/6085 6102/6102/6102 6086/6086/6086
f 6102/6102/6102 6103/6103/6103 6086/6086/6086
f 6086/6086/6086 6103/6103/6103 6087/6087/6087
f 6103/6103/6103 6104/6104/6104 6087/6087/6087
f 6087/6087/6087 6104/6104/6104 6088/6088/6088
f 6104/6104/6104 6105/6105/6105 6088/6088/6088
f 6088/6088/6088 6105/6105/6105 6089/6089/6089
f 6105/6105/6105 6106/6106/6106 6089/6089/6089
f 6089/6089/6089 6106/6106/6106 6090/6090/6090
f 6106/6106/6106 6107/6107/6107 6090/6090/6090
f 6090/6090/6090 6107/6107/6107 6091/6091/6091
f 6107/6107/6107 6108/6108/6108 6091/6091/6091
f 6091/6091/6091 6108/6108/6108 6092/6092/6092
f 6108/6108/6108 6109/6109/6109 6092/6092/6092
f 6092/6092/6092 6109/6109/6109 6093/6093/6093
f 6109/6109/6109 6110/6110/6110 6093/6093/6093
f 6093/6093/6093 6110/6110/6110 6094/6094/6094
f 6110/6110/6110 6111/6111/6111 6094/6094/6094
f 6094/6094/6094 6111/6111/6111 6095/6095/6095
f 6111/6111/6111 6112/6112/6112 6095/6095/6095
f 6095/6095/6095 6112/6112/6112 6096/6096/6096
f 6112/6112/6112 6113/6113/6113 6096/6096/6096
f 6096/6096/6096 6113/6113/6113 6097/6097/6097
f 6113/6113/6113 6114/6114/6114 6097/6097/6097
f 6131/6131/6131 6132/6132/6132 6115/6115/6115
f 6132/6132/6132 6133/6133/6133 6116/6116/6116
f 6133/6133/6133 6134/6134/6134 6117/6117/6117
f 6134/6134/6134 6135/6135/6135 6118/6118/6118
f 6135/6135/6135 6136/6136/6136 6119/6119/6119
f 6136/6136/6136 6137/6137/6137 6120/6120/6120
f 6137/6137/6137 6138/6138/6138 6121/6121/6121
f 6138/6138/6138 6139/6139/6139 6122/6122/6122
f 6139/6139/6139 6140/6140/6140 6123/6123/6123
f 6140/6140/6140 6141/6141/6141 6124/6124/6124
f 6141/6141/6141 6142/6142/6142 6125/6125/6125
f 6142/6142/6142 6143/6143/6143 6126/6126/6126
f 6143/6143/6143 6144/6144/6144 6127/6127/6127
f 6144/6144/6144 6145/6145/6145 6128/6128/6128
f 6145/6145/6145 6146/6146/6146 6129/6129/6129
f 6146/6146/6146 6147/6147/6147 6130/6130/6130
f 6165/6165/6165 6164/6164/6164 6148/6148/6148
f 6166/6166/6166 6165/6165/6165 6149/6149/6149
f 6167/6167/6167 6166/6166/6166 6150/6150/6150
f 6168/6168/6168 6167/6167/6167 6151/6151/6151
f 6169/6169/6169 6168/6168/6168 6152/6152/6152
f 6170/6170/6170 6169/6169/6169 6153/6153/6153
f 6171/6171/6171 6170/6170/6170 6154/6154/6154
f 6172/6172/6172 6171/6171/6171 6155/6155/6155
f 6173/6173/6173 6172/6172/6172 6156/6156/6156
f 6174/6174/6174 6173/6173/6173 6157/6157/6157
f 6175/6175/6175 6174/6174/6174 6158/6158/6158
f 6176/6176/6176 6175/6175/6175 6159/6159/6159
f 6177/6177/6177 6176/6176/6176 6160/6160/6160
f 6178/6178/6178 6177/6177/6177 6161/6161/6161
f 6179/6179/6179 6178/6178/6178 6162/6162/6162
f 6180/6180/6180 6179/6179/6179 6163/6163/6163
o bike_mirror_r
usemtl bike_ink
v 0.4249999996647239 2.504999999701977 -0.17999999970197678
v 0.4249999996647239 2.504999999701977 -0.3200000002980232
v 0.4249999996647239 2.3950000002980234 -0.17999999970197678
v 0.4249999996647239 2.3950000002980234 -0.3200000002980232
v 0.39500000033527616 2.504999999701977 -0.3200000002980232
v 0.39500000033527616 2.504999999701977 -0.17999999970197678
v 0.39500000033527616 2.3950000002980234 -0.3200000002980232
v 0.39500000033527616 2.3950000002980234 -0.17999999970197678
v 0.39500000033527616 2.504999999701977 -0.3200000002980232
v 0.4249999996647239 2.504999999701977 -0.3200000002980232
v 0.39500000033527616 2.504999999701977 -0.17999999970197678
v 0.4249999996647239 2.504999999701977 -0.17999999970197678
v 0.39500000033527616 2.3950000002980234 -0.17999999970197678
v 0.4249999996647239 2.3950000002980234 -0.17999999970197678
v 0.39500000033527616 2.3950000002980234 -0.3200000002980232
v 0.4249999996647239 2.3950000002980234 -0.3200000002980232
v 0.39500000033527616 2.504999999701977 -0.17999999970197678
v 0.4249999996647239 2.504999999701977 -0.17999999970197678
v 0.39500000033527616 2.3950000002980234 -0.17999999970197678
v 0.4249999996647239 2.3950000002980234 -0.17999999970197678
v 0.4249999996647239 2.504999999701977 -0.3200000002980232
v 0.39500000033527616 2.504999999701977 -0.3200000002980232
v 0.4249999996647239 2.3950000002980234 -0.3200000002980232
v 0.39500000033527616 2.3950000002980234 -0.3200000002980232
vt 0 1
vt 1 1
vt 0 0
vt 1 0
vt 0 1
vt 1 1
vt 0 0
vt 1 0
vt 0 1
vt 1 1
vt 0 0
vt 1 0
vt 0 1
vt 1 1
vt 0 0
vt 1 0
vt 0 1
vt 1 1
vt 0 0
vt 1 0
vt 0 1
vt 1 1
vt 0 0
vt 1 0
vn 1 0 0
vn 1 0 0
vn 1 0 0
vn 1 0 0
vn -1 0 0
vn -1 0 0
vn -1 0 0
vn -1 0 0
vn 0 1 0
vn 0 1 0
vn 0 1 0
vn 0 1 0
vn 0 -1 0
vn 0 -1 0
vn 0 -1 0
vn 0 -1 0
vn 0 0 1
vn 0 0 1
vn 0 0 1
vn 0 0 1
vn 0 0 -1
vn 0 0 -1
vn 0 0 -1
vn 0 0 -1
f 6181/6181/6181 6183/6183/6183 6182/6182/6182
f 6183/6183/6183 6184/6184/6184 6182/6182/6182
f 6185/6185/6185 6187/6187/6187 6186/6186/6186
f 6187/6187/6187 6188/6188/6188 6186/6186/6186
f 6189/6189/6189 6191/6191/6191 6190/6190/6190
f 6191/6191/6191 6192/6192/6192 6190/6190/6190
f 6193/6193/6193 6195/6195/6195 6194/6194/6194
f 6195/6195/6195 6196/6196/6196 6194/6194/6194
f 6197/6197/6197 6199/6199/6199 6198/6198/6198
f 6199/6199/6199 6200/6200/6200 6198/6198/6198
f 6201/6201/6201 6203/6203/6203 6202/6202/6202
f 6203/6203/6203 6204/6204/6204 6202/6202/6202
o bike_swingarm_r
usemtl bike_chrome
v -0.10999999600856558 1.6300000014255125 -0.08499999985098838
v -0.10549513324268578 1.617386385681049 -0.08766421571373939
v -0.10167609497826041 1.6066930785406581 -0.09525126300752162
v -0.09912429482761509 1.5995480381188512 -0.10660608008503913
v -0.09822822206351206 1.5970390343793628 -0.12
v -0.09912429482761509 1.5995480381188512 -0.13339391991496086
v -0.10167609497826041 1.6066930785406581 -0.14474873699247837
v -0.10549513324268578 1.617386385681049 -0.1523357842862606
v -0.10999999600856558 1.6300000014255125 -0.1550000001490116
v -0.11450485877444538 1.642613617169976 -0.1523357842862606
v -0.11832389703887075 1.653306924310367 -0.14474873699247837
v -0.12087569718951607 1.6604519647321738 -0.13339391991496086
v -0.1217717699536191 1.6629609684716624 -0.12
v -0.12087569718951607 1.6604519647321738 -0.10660608008503913
v -0.11832389703887075 1.653306924310367 -0.09525126300752162
v -0.11450485877444538 1.642613617169976 -0.08766421571373939
v -0.10999999600856558 1.6300000014255125 -0.08499999985098838
v -0.6700000039914344 1.429999998574488 -0.08499999985098838
v -0.6654951412255546 1.4173863828300246 -0.08766421571373939
v -0.6616761029611293 1.4066930756896334 -0.09525126300752162
v -0.659124302810484 1.3995480352678267 -0.10660608008503913
v -0.6582282300463809 1.397039031528338 -0.12
v -0.659124302810484 1.3995480352678267 -0.13339391991496086
v -0.6616761029611293 1.4066930756896334 -0.14474873699247837
v -0.6654951412255546 1.4173863828300246 -0.1523357842862606
v -0.6700000039914344 1.429999998574488 -0.1550000001490116
v -0.6745048667573142 1.4426136143189514 -0.1523357842862606
v -0.6783239050217396 1.4533069214593424 -0.14474873699247837
v -0.6808757051723849 1.4604519618811493 -0.13339391991496086
v -0.681771777936488 1.4629609656206377 -0.12
v -0.6808757051723849 1.4604519618811493 -0.10660608008503913
v -0.6783239050217396 1.4533069214593424 -0.09525126300752162
v -0.6745048667573142 1.4426136143189514 -0.08766421571373939
v -0.6700000039914344 1.429999998574488 -0.08499999985098838
v -0.10999999600856558 1.6300000014255125 -0.12
v -0.10999999600856558 1.6300000014255125 -0.12
v -0.10999999600856558 1.6300000014255125 -0.12
v -0.10999999600856558 1.6300000014255125 -0.12
v -0.10999999600856558 1.6300000014255125 -0.12
v -0.10999999600856558 1.6300000014255125 -0.12
v -0.10999999600856558 1.6300000014255125 -0.12
v -0.10999999600856558 1.6300000014255125 -0.12
v -0.10999999600856558 1.6300000014255125 -0.12
v -0.10999999600856558 1.6300000014255125 -0.12
v -0.10999999600856558 1.6300000014255125 -0.12
v -0.10999999600856558 1.6300000014255125 -0.12
v -0.10999999600856558 1.6300000014255125 -0.12
v -0.10999999600856558 1.6300000014255125 -0.12
v -0.10999999600856558 1.6300000014255125 -0.12
v -0.10999999600856558 1.6300000014255125 -0.12
v -0.10999999600856558 1.6300000014255125 -0.08499999985098838
v -0.10549513324268578 1.617386385681049 -0.08766421571373939
v -0.10167609497826041 1.6066930785406581 -0.09525126300752162
v -0.09912429482761509 1.5995480381188512 -0.10660608008503913
v -0.09822822206351206 1.5970390343793628 -0.12
v -0.09912429482761509 1.5995480381188512 -0.13339391991496086
v -0.10167609497826041 1.6066930785406581 -0.14474873699247837
v -0.10549513324268578 1.617386385681049 -0.1523357842862606
v -0.10999999600856558 1.6300000014255125 -0.1550000001490116
v -0.11450485877444538 1.642613617169976 -0.1523357842862606
v -0.11832389703887075 1.653306924310367 -0.14474873699247837
v -0.12087569718951607 1.6604519647321738 -0.13339391991496086
v -0.1217717699536191 1.6629609684716624 -0.12
v -0.12087569718951607 1.6604519647321738 -0.10660608008503913
v -0.11832389703887075 1.653306924310367 -0.09525126300752162
v -0.11450485877444538 1.642613617169976 -0.08766421571373939
v -0.10999999600856558 1.6300000014255125 -0.08499999985098838
v -0.6700000039914344 1.429999998574488 -0.12
v -0.6700000039914344 1.429999998574488 -0.12
v -0.6700000039914344 1.429999998574488 -0.12
v -0.6700000039914344 1.429999998574488 -0.12
v -0.6700000039914344 1.429999998574488 -0.12
v -0.6700000039914344 1.429999998574488 -0.12
v -0.6700000039914344 1.429999998574488 -0.12
v -0.6700000039914344 1.429999998574488 -0.12
v -0.6700000039914344 1.429999998574488 -0.12
v -0.6700000039914344 1.429999998574488 -0.12
v -0.6700000039914344 1.429999998574488 -0.12
v -0.6700000039914344 1.429999998574488 -0.12
v -0.6700000039914344 1.429999998574488 -0.12
v -0.6700000039914344 1.429999998574488 -0.12
v -0.6700000039914344 1.429999998574488 -0.12
v -0.6700000039914344 1.429999998574488 -0.12
v -0.6700000039914344 1.429999998574488 -0.08499999985098838
v -0.6654951412255546 1.4173863828300246 -0.08766421571373939
v -0.6616761029611293 1.4066930756896334 -0.09525126300752162
v -0.659124302810484 1.3995480352678267 -0.10660608008503913
v -0.6582282300463809 1.397039031528338 -0.12
v -0.659124302810484 1.3995480352678267 -0.13339391991496086
v -0.6616761029611293 1.4066930756896334 -0.14474873699247837
v -0.6654951412255546 1.4173863828300246 -0.1523357842862606
v -0.6700000039914344 1.429999998574488 -0.1550000001490116
v -0.6745048667573142 1.4426136143189514 -0.1523357842862606
v -0.6783239050217396 1.4533069214593424 -0.14474873699247837
v -0.6808757051723849 1.4604519618811493 -0.13339391991496086
v -0.681771777936488 1.4629609656206377 -0.12
v -0.6808757051723849 1.4604519618811493 -0.10660608008503913
v -0.6783239050217396 1.4533069214593424 -0.09525126300752162
v -0.6745048667573142 1.4426136143189514 -0.08766421571373939
v -0.6700000039914344 1.429999998574488 -0.08499999985098838
vt 0 1
vt 0.0625 1
vt 0.125 1
vt 0.1875 1
vt 0.25 1
vt 0.3125 1
vt 0.375 1
vt 0.4375 1
vt 0.5 1
vt 0.5625 1
vt 0.625 1
vt 0.6875 1
vt 0.75 1
vt 0.8125 1
vt 0.875 1
vt 0.9375 1
vt 1 1
vt 0 0
vt 0.0625 0
vt 0.125 0
vt 0.1875 0
vt 0.25 0
vt 0.3125 0
vt 0.375 0
vt 0.4375 0
vt 0.5 0
vt 0.5625 0
vt 0.625 0
vt 0.6875 0
vt 0.75 0
vt 0.8125 0
vt 0.875 0
vt 0.9375 0
vt 1 0
vt 0.5 0.5
vt 0.5 0.5
vt 0.5 0.5
vt 0.5 0.5
vt 0.5 0.5
vt 0.5 0.5
vt 0.5 0.5
vt 0.5 0.5
vt 0.5 0.5
vt 0.5 0.5
vt 0.5 0.5
vt 0.5 0.5
vt 0.5 0.5
vt 0.5 0.5
vt 0.5 0.5
vt 0.5 0.5
vt 1 0.5
vt 0.9619397521018982 0.6913416981697083
vt 0.8535534143447876 0.8535534143447876
vt 0.6913416981697083 0.9619397521018982
vt 0.5 1
vt 0.30865827202796936 0.9619397521018982
vt 0.1464466154575348 0.8535534143447876
vt 0.03806023299694061 0.6913416981697083
vt 0 0.5
vt 0.03806023299694061 0.30865827202796936
vt 0.1464466154575348 0.1464466154575348
vt 0.30865827202796936 0.03806023299694061
vt 0.5 0
vt 0.6913416981697083 0.03806023299694061
vt 0.8535534143447876 0.1464466154575348
vt 0.9619397521018982 0.30865827202796936
vt 1 0.5
vt 0.5 0.5
vt 0.5 0.5
vt 0.5 0.5
vt 0.5 0.5
vt 0.5 0.5
vt 0.5 0.5
vt 0.5 0.5
vt 0.5 0.5
vt 0.5 0.5
vt 0.5 0.5
vt 0.5 0.5
vt 0.5 0.5
vt 0.5 0.5
vt 0.5 0.5
vt 0.5 0.5
vt 0.5 0.5
vt 1 0.5
vt 0.9619397521018982 0.30865827202796936
vt 0.8535534143447876 0.1464466154575348
vt 0.6913416981697083 0.03806023299694061
vt 0.5 0
vt 0.30865827202796936 0.03806023299694061
vt 0.1464466154575348 0.1464466154575348
vt 0.03806023299694061 0.30865827202796936
vt 0 0.5
vt 0.03806023299694061 0.6913416981697083
vt 0.1464466154575348 0.8535534143447876
vt 0.30865827202796936 0.9619397521018982
vt 0.5 1
vt 0.6913416981697083 0.9619397521018982
vt 0.8535534143447876 0.8535534143447876
vt 0.9619397521018982 0.6913416981697083
vt 1 0.5
vn 0 0 1
vn 0.12871036841208075 -0.36038903155382607 0.9238795305660377
vn 0.23782574707724702 -0.6659120918162916 0.7071067811865476
vn 0.31073431257092904 -0.8700560751986013 0.3826834370613369
vn 0.3363363969981562 -0.9417419115948374 6.123234262925839e-17
vn 0.31073431257092904 -0.8700560751986013 -0.3826834370613369
vn 0.23782574707724702 -0.6659120918162916 -0.7071067811865476
vn 0.12871036841208075 -0.36038903155382607 -0.9238795305660377
vn 4.118933099936275e-17 -1.153301267982157e-16 -1
vn -0.12871036841208075 0.36038903155382607 -0.9238795305660377
vn -0.23782574707724702 0.6659120918162916 -0.7071067811865476
vn -0.31073431257092904 0.8700560751986013 -0.3826834370613369
vn -0.3363363969981562 0.9417419115948374 -1.8369701465288538e-16
vn -0.31073431257092904 0.8700560751986013 0.3826834370613369
vn -0.23782574707724702 0.6659120918162916 0.7071067811865476
vn -0.12871036841208075 0.36038903155382607 0.9238795305660377
vn -8.23786619987255e-17 2.306602535964314e-16 1
vn 0 0 1
vn 0.12871036841208075 -0.36038903155382607 0.9238795305660377
vn 0.23782574707724702 -0.6659120918162916 0.7071067811865476
vn 0.31073431257092904 -0.8700560751986013 0.3826834370613369
vn 0.3363363969981562 -0.9417419115948374 6.123234262925839e-17
vn 0.31073431257092904 -0.8700560751986013 -0.3826834370613369
vn 0.23782574707724702 -0.6659120918162916 -0.7071067811865476
vn 0.12871036841208075 -0.36038903155382607 -0.9238795305660377
vn 4.118933099936275e-17 -1.153301267982157e-16 -1
vn -0.12871036841208075 0.36038903155382607 -0.9238795305660377
vn -0.23782574707724702 0.6659120918162916 -0.7071067811865476
vn -0.31073431257092904 0.8700560751986013 -0.3826834370613369
vn -0.3363363969981562 0.9417419115948374 -1.8369701465288538e-16
vn -0.31073431257092904 0.8700560751986013 0.3826834370613369
vn -0.23782574707724702 0.6659120918162916 0.7071067811865476
vn -0.12871036841208075 0.36038903155382607 0.9238795305660377
vn -8.23786619987255e-17 2.306602535964314e-16 1
vn 0.9417419115948374 0.3363363969981562 0
vn 0.9417419115948374 0.3363363969981562 0
vn 0.9417419115948374 0.3363363969981562 0
vn 0.9417419115948374 0.3363363969981562 0
vn 0.9417419115948374 0.3363363969981562 0
vn 0.9417419115948374 0.3363363969981562 0
vn 0.9417419115948374 0.3363363969981562 0
vn 0.9417419115948374 0.3363363969981562 0
vn 0.9417419115948374 0.3363363969981562 0
vn 0.9417419115948374 0.3363363969981562 0
vn 0.9417419115948374 0.3363363969981562 0
vn 0.9417419115948374 0.3363363969981562 0
vn 0.9417419115948374 0.3363363969981562 0
vn 0.9417419115948374 0.3363363969981562 0
vn 0.9417419115948374 0.3363363969981562 0
vn 0.9417419115948374 0.3363363969981562 0
vn 0.9417419115948374 0.3363363969981562 0
vn 0.9417419115948374 0.3363363969981562 0
vn 0.9417419115948374 0.3363363969981562 0
vn 0.9417419115948374 0.3363363969981562 0
vn 0.9417419115948374 0.3363363969981562 0
vn 0.9417419115948374 0.3363363969981562 0
vn 0.9417419115948374 0.3363363969981562 0
vn 0.9417419115948374 0.3363363969981562 0
vn 0.9417419115948374 0.3363363969981562 0
vn 0.9417419115948374 0.3363363969981562 0
vn 0.9417419115948374 0.3363363969981562 0
vn 0.9417419115948374 0.3363363969981562 0
vn 0.9417419115948374 0.3363363969981562 0
vn 0.9417419115948374 0.3363363969981562 0
vn 0.9417419115948374 0.3363363969981562 0
vn 0.9417419115948374 0.3363363969981562 0
vn 0.9417419115948374 0.3363363969981562 0
vn -0.9417419115948374 -0.3363363969981562 0
vn -0.9417419115948374 -0.3363363969981562 0
vn -0.9417419115948374 -0.3363363969981562 0
vn -0.9417419115948374 -0.3363363969981562 0
vn -0.9417419115948374 -0.3363363969981562 0
vn -0.9417419115948374 -0.3363363969981562 0
vn -0.9417419115948374 -0.3363363969981562 0
vn -0.9417419115948374 -0.3363363969981562 0
vn -0.9417419115948374 -0.3363363969981562 0
vn -0.9417419115948374 -0.3363363969981562 0
vn -0.9417419115948374 -0.3363363969981562 0
vn -0.9417419115948374 -0.3363363969981562 0
vn -0.9417419115948374 -0.3363363969981562 0
vn -0.9417419115948374 -0.3363363969981562 0
vn -0.9417419115948374 -0.3363363969981562 0
vn -0.9417419115948374 -0.3363363969981562 0
vn -0.9417419115948374 -0.3363363969981562 0
vn -0.9417419115948374 -0.3363363969981562 0
vn -0.9417419115948374 -0.3363363969981562 0
vn -0.9417419115948374 -0.3363363969981562 0
vn -0.9417419115948374 -0.3363363969981562 0
vn -0.9417419115948374 -0.3363363969981562 0
vn -0.9417419115948374 -0.3363363969981562 0
vn -0.9417419115948374 -0.3363363969981562 0
vn -0.9417419115948374 -0.3363363969981562 0
vn -0.9417419115948374 -0.3363363969981562 0
vn -0.9417419115948374 -0.3363363969981562 0
vn -0.9417419115948374 -0.3363363969981562 0
vn -0.9417419115948374 -0.3363363969981562 0
vn -0.9417419115948374 -0.3363363969981562 0
vn -0.9417419115948374 -0.3363363969981562 0
vn -0.9417419115948374 -0.3363363969981562 0
vn -0.9417419115948374 -0.3363363969981562 0
f 6205/6205/6205 6222/6222/6222 6206/6206/6206
f 6222/6222/6222 6223/6223/6223 6206/6206/6206
f 6206/6206/6206 6223/6223/6223 6207/6207/6207
f 6223/6223/6223 6224/6224/6224 6207/6207/6207
f 6207/6207/6207 6224/6224/6224 6208/6208/6208
f 6224/6224/6224 6225/6225/6225 6208/6208/6208
f 6208/6208/6208 6225/6225/6225 6209/6209/6209
f 6225/6225/6225 6226/6226/6226 6209/6209/6209
f 6209/6209/6209 6226/6226/6226 6210/6210/6210
f 6226/6226/6226 6227/6227/6227 6210/6210/6210
f 6210/6210/6210 6227/6227/6227 6211/6211/6211
f 6227/6227/6227 6228/6228/6228 6211/6211/6211
f 6211/6211/6211 6228/6228/6228 6212/6212/6212
f 6228/6228/6228 6229/6229/6229 6212/6212/6212
f 6212/6212/6212 6229/6229/6229 6213/6213/6213
f 6229/6229/6229 6230/6230/6230 6213/6213/6213
f 6213/6213/6213 6230/6230/6230 6214/6214/6214
f 6230/6230/6230 6231/6231/6231 6214/6214/6214
f 6214/6214/6214 6231/6231/6231 6215/6215/6215
f 6231/6231/6231 6232/6232/6232 6215/6215/6215
f 6215/6215/6215 6232/6232/6232 6216/6216/6216
f 6232/6232/6232 6233/6233/6233 6216/6216/6216
f 6216/6216/6216 6233/6233/6233 6217/6217/6217
f 6233/6233/6233 6234/6234/6234 6217/6217/6217
f 6217/6217/6217 6234/6234/6234 6218/6218/6218
f 6234/6234/6234 6235/6235/6235 6218/6218/6218
f 6218/6218/6218 6235/6235/6235 6219/6219/6219
f 6235/6235/6235 6236/6236/6236 6219/6219/6219
f 6219/6219/6219 6236/6236/6236 6220/6220/6220
f 6236/6236/6236 6237/6237/6237 6220/6220/6220
f 6220/6220/6220 6237/6237/6237 6221/6221/6221
f 6237/6237/6237 6238/6238/6238 6221/6221/6221
f 6255/6255/6255 6256/6256/6256 6239/6239/6239
f 6256/6256/6256 6257/6257/6257 6240/6240/6240
f 6257/6257/6257 6258/6258/6258 6241/6241/6241
f 6258/6258/6258 6259/6259/6259 6242/6242/6242
f 6259/6259/6259 6260/6260/6260 6243/6243/6243
f 6260/6260/6260 6261/6261/6261 6244/6244/6244
f 6261/6261/6261 6262/6262/6262 6245/6245/6245
f 6262/6262/6262 6263/6263/6263 6246/6246/6246
f 6263/6263/6263 6264/6264/6264 6247/6247/6247
f 6264/6264/6264 6265/6265/6265 6248/6248/6248
f 6265/6265/6265 6266/6266/6266 6249/6249/6249
f 6266/6266/6266 6267/6267/6267 6250/6250/6250
f 6267/6267/6267 6268/6268/6268 6251/6251/6251
f 6268/6268/6268 6269/6269/6269 6252/6252/6252
f 6269/6269/6269 6270/6270/6270 6253/6253/6253
f 6270/6270/6270 6271/6271/6271 6254/6254/6254
f 6289/6289/6289 6288/6288/6288 6272/6272/6272
f 6290/6290/6290 6289/6289/6289 6273/6273/6273
f 6291/6291/6291 6290/6290/6290 6274/6274/6274
f 6292/6292/6292 6291/6291/6291 6275/6275/6275
f 6293/6293/6293 6292/6292/6292 6276/6276/6276
f 6294/6294/6294 6293/6293/6293 6277/6277/6277
f 6295/6295/6295 6294/6294/6294 6278/6278/6278
f 6296/6296/6296 6295/6295/6295 6279/6279/6279
f 6297/6297/6297 6296/6296/6296 6280/6280/6280
f 6298/6298/6298 6297/6297/6297 6281/6281/6281
f 6299/6299/6299 6298/6298/6298 6282/6282/6282
f 6300/6300/6300 6299/6299/6299 6283/6283/6283
f 6301/6301/6301 6300/6300/6300 6284/6284/6284
f 6302/6302/6302 6301/6301/6301 6285/6285/6285
f 6303/6303/6303 6302/6302/6302 6286/6286/6286
f 6304/6304/6304 6303/6303/6303 6287/6287/6287
o bike_shock_r
usemtl bike_chrome
v -0.5521315684091581 1.5506072056903044 -0.0800819840709045
v -0.5616974105418354 1.5566025624613267 -0.08317507300422983
v -0.569482428717798 1.5615927389501945 -0.0903520129616515
v -0.5743014226523715 1.5648180249375856 -0.10052018213317057
v -0.5754207463649709 1.5657874011646453 -0.11213156714209303
v -0.5726699918207223 1.5643532881901083 -0.12341844036199609
v -0.5664679375275279 1.5607340173887971 -0.13266247832998368
v -0.5577587881480339 1.5554805887157486 -0.13845635792878455
v -0.5478684342263374 1.5493927900523572 -0.13991801603046072
v -0.5383025920936602 1.543397433281335 -0.1368249270971354
v -0.5305175739176976 1.5384072567924671 -0.12964798713971373
v -0.525698579983124 1.535181970805076 -0.11947981796819465
v -0.5245792562705246 1.5342125945780163 -0.1078684329592722
v -0.5273300108147732 1.5356467075525533 -0.09658155973936913
v -0.5335320651079676 1.5392659783538645 -0.08733752177138154
v -0.5422412144874615 1.544519407026913 -0.08154364217258067
v -0.5521315684091581 1.5506072056903044 -0.0800819840709045
v -0.2921315657736627 1.9706072099476433 -0.0700819839695393
v -0.30169740790634 1.9766025667186655 -0.07317507290286462
v -0.3094824260823025 1.9815927432075333 -0.0803520128602863
v -0.31430142001687605 1.9848180291949244 -0.09052018203180537
v -0.3154207437294755 1.9857874054219842 -0.10213156704072783
v -0.3126699891852269 1.9843532924474472 -0.11341844026063089
v -0.3064679348920325 1.980734021646136 -0.12266247822861848
v -0.29775878551253854 1.9754805929730874 -0.12845635782741935
v -0.2878684315908419 1.969392794309696 -0.12991801592909552
v -0.27830258945816466 1.9633974375386738 -0.1268249269957702
v -0.27051757128220216 1.958407261049806 -0.11964798703834852
v -0.2656985773476286 1.9551819750624149 -0.10947981786682945
v -0.2645792536350292 1.9542125988353551 -0.097868432857907
v -0.26733000817927777 1.9556467118098921 -0.08658155963800393
v -0.27353206247247214 1.9592659826112033 -0.07733752167001634
v -0.2822412118519661 1.964519411284252 -0.07154364207121547
v -0.2921315657736627 1.9706072099476433 -0.0700819839695393
v -0.5500000013177477 1.5499999978713308 -0.11000000005068261
v -0.5500000013177477 1.5499999978713308 -0.11000000005068261
v -0.5500000013177477 1.5499999978713308 -0.11000000005068261
v -0.5500000013177477 1.5499999978713308 -0.11000000005068261
v -0.5500000013177477 1.5499999978713308 -0.11000000005068261
v -0.5500000013177477 1.5499999978713308 -0.11000000005068261
v -0.5500000013177477 1.5499999978713308 -0.11000000005068261
v -0.5500000013177477 1.5499999978713308 -0.11000000005068261
v -0.5500000013177477 1.5499999978713308 -0.11000000005068261
v -0.5500000013177477 1.5499999978713308 -0.11000000005068261
v -0.5500000013177477 1.5499999978713308 -0.11000000005068261
v -0.5500000013177477 1.5499999978713308 -0.11000000005068261
v -0.5500000013177477 1.5499999978713308 -0.11000000005068261
v -0.5500000013177477 1.5499999978713308 -0.11000000005068261
v -0.5500000013177477 1.5499999978713308 -0.11000000005068261
v -0.5500000013177477 1.5499999978713308 -0.11000000005068261
v -0.5521315684091581 1.5506072056903044 -0.0800819840709045
v -0.5616974105418354 1.5566025624613267 -0.08317507300422983
v -0.569482428717798 1.5615927389501945 -0.0903520129616515
v -0.5743014226523715 1.5648180249375856 -0.10052018213317057
v -0.5754207463649709 1.5657874011646453 -0.11213156714209303
v -0.5726699918207223 1.5643532881901083 -0.12341844036199609
v -0.5664679375275279 1.5607340173887971 -0.13266247832998368
v -0.5577587881480339 1.5554805887157486 -0.13845635792878455
v -0.5478684342263374 1.5493927900523572 -0.13991801603046072
v -0.5383025920936602 1.543397433281335 -0.1368249270971354
v -0.5305175739176976 1.5384072567924671 -0.12964798713971373
v -0.525698579983124 1.535181970805076 -0.11947981796819465
v -0.5245792562705246 1.5342125945780163 -0.1078684329592722
v -0.5273300108147732 1.5356467075525533 -0.09658155973936913
v -0.5335320651079676 1.5392659783538645 -0.08733752177138154
v -0.5422412144874615 1.544519407026913 -0.08154364217258067
v -0.5521315684091581 1.5506072056903044 -0.0800819840709045
v -0.28999999868225235 1.9700000021286697 -0.09999999994931741
v -0.28999999868225235 1.9700000021286697 -0.09999999994931741
v -0.28999999868225235 1.9700000021286697 -0.09999999994931741
v -0.28999999868225235 1.9700000021286697 -0.09999999994931741
v -0.28999999868225235 1.9700000021286697 -0.09999999994931741
v -0.28999999868225235 1.9700000021286697 -0.09999999994931741
v -0.28999999868225235 1.9700000021286697 -0.09999999994931741
v -0.28999999868225235 1.9700000021286697 -0.09999999994931741
v -0.28999999868225235 1.9700000021286697 -0.09999999994931741
v -0.28999999868225235 1.9700000021286697 -0.09999999994931741
v -0.28999999868225235 1.9700000021286697 -0.09999999994931741
v -0.28999999868225235 1.9700000021286697 -0.09999999994931741
v -0.28999999868225235 1.9700000021286697 -0.09999999994931741
v -0.28999999868225235 1.9700000021286697 -0.09999999994931741
v -0.28999999868225235 1.9700000021286697 -0.09999999994931741
v -0.28999999868225235 1.9700000021286697 -0.09999999994931741
v -0.2921315657736627 1.9706072099476433 -0.0700819839695393
v -0.30169740790634 1.9766025667186655 -0.07317507290286462
v -0.3094824260823025 1.9815927432075333 -0.0803520128602863
v -0.31430142001687605 1.9848180291949244 -0.09052018203180537
v -0.3154207437294755 1.9857874054219842 -0.10213156704072783
v -0.3126699891852269 1.9843532924474472 -0.11341844026063089
v -0.3064679348920325 1.980734021646136 -0.12266247822861848
v -0.29775878551253854 1.9754805929730874 -0.12845635782741935
v -0.2878684315908419 1.969392794309696 -0.12991801592909552
v -0.27830258945816466 1.9633974375386738 -0.1268249269957702
v -0.27051757128220216 1.958407261049806 -0.11964798703834852
v -0.2656985773476286 1.9551819750624149 -0.10947981786682945
v -0.2645792536350292 1.9542125988353551 -0.097868432857907
v -0.26733000817927777 1.9556467118098921 -0.08658155963800393
v -0.27353206247247214 1.9592659826112033 -0.07733752167001634
v -0.2822412118519661 1.964519411284252 -0.07154364207121547
v -0.2921315657736627 1.9706072099476433 -0.0700819839695393
vt 0 1
vt 0.0625 1
vt 0.125 1
vt 0.1875 1
vt 0.25 1
vt 0.3125 1
vt 0.375 1
vt 0.4375 1
vt 0.5 1
vt 0.5625 1
vt 0.625 1
vt 0.6875 1
vt 0.75 1
vt 0.8125 1
vt 0.875 1
vt 0.9375 1
vt 1 1
vt 0 0
vt 0.0625 0
vt 0.125 0
vt 0.1875 0
vt 0.25 0
vt 0.3125 0
vt 0.375 0
vt 0.4375 0
vt 0.5 0
vt 0.5625 0
vt 0.625 0
vt 0.6875 0
vt 0.75 0
vt 0.8125 0
vt 0.875 0
vt 0.9375 0
vt 1 0
vt 0.5 0.5
vt 0.5 0.5
vt 0.5 0.5
vt 0.5 0.5
vt 0.5 0.5
vt 0.5 0.5
vt 0.5 0.5
vt 0.5 0.5
vt 0.5 0.5
vt 0.5 0.5
vt 0.5 0.5
vt 0.5 0.5
vt 0.5 0.5
vt 0.5 0.5
vt 0.5 0.5
vt 0.5 0.5
vt 1 0.5
vt 0.9619397521018982 0.6913416981697083
vt 0.8535534143447876 0.8535534143447876
vt 0.6913416981697083 0.9619397521018982
vt 0.5 1
vt 0.30865827202796936 0.9619397521018982
vt 0.1464466154575348 0.8535534143447876
vt 0.03806023299694061 0.6913416981697083
vt 0 0.5
vt 0.03806023299694061 0.30865827202796936
vt 0.1464466154575348 0.1464466154575348
vt 0.30865827202796936 0.03806023299694061
vt 0.5 0
vt 0.6913416981697083 0.03806023299694061
vt 0.8535534143447876 0.1464466154575348
vt 0.9619397521018982 0.30865827202796936
vt 1 0.5
vt 0.5 0.5
vt 0.5 0.5
vt 0.5 0.5
vt 0.5 0.5
vt 0.5 0.5
vt 0.5 0.5
vt 0.5 0.5
vt 0.5 0.5
vt 0.5 0.5
vt 0.5 0.5
vt 0.5 0.5
vt 0.5 0.5
vt 0.5 0.5
vt 0.5 0.5
vt 0.5 0.5
vt 0.5 0.5
vt 1 0.5
vt 0.9619397521018982 0.30865827202796936
vt 0.8535534143447876 0.1464466154575348
vt 0.6913416981697083 0.03806023299694061
vt 0.5 0
vt 0.30865827202796936 0.03806023299694061
vt 0.1464466154575348 0.1464466154575348
vt 0.03806023299694061 0.30865827202796936
vt 0 0.5
vt 0.03806023299694061 0.6913416981697083
vt 0.1464466154575348 0.8535534143447876
vt 0.30865827202796936 0.9619397521018982
vt 0.5 1
vt 0.6913416981697083 0.9619397521018982
vt 0.8535534143447876 0.8535534143447876
vt 0.9619397521018982 0.6913416981697083
vt 1 0.5
vn -0.07105223796848859 0.020240261084859688 0.9972672216165968
vn -0.3899136517523692 0.2200854925629105 0.8941642579193565
vn -0.6494142395354141 0.38642469838444277 0.654932895774164
vn -0.8100473988304784 0.4939342483289423 0.3159939397768553
vn -0.8473581871807037 0.5262467882063518 -0.07105223796848847
vn -0.7556663695571159 0.47844302297099645 -0.44728135629684246
vn -0.5489312009634172 0.3578006466522619 -0.7554159343461613
vn -0.258626235232382 0.18268636674368205 -0.948545287192719
vn 0.07105223796848849 -0.020240261084859622 -0.9972672216165968
vn 0.3899136517523692 -0.2200854925629105 -0.8941642579193565
vn 0.6494142395354141 -0.38642469838444277 -0.654932895774164
vn 0.8100473988304784 -0.4939342483289423 -0.3159939397768553
vn 0.8473581871807037 -0.5262467882063518 0.07105223796848835
vn 0.7556663695571159 -0.47844302297099645 0.44728135629684246
vn 0.5489312009634172 -0.3578006466522619 0.7554159343461613
vn 0.258626235232382 -0.18268636674368205 0.948545287192719
vn -0.07105223796848838 0.02024026108485956 0.9972672216165968
vn -0.07105223796848859 0.020240261084859688 0.9972672216165968
vn -0.3899136517523692 0.2200854925629105 0.8941642579193565
vn -0.6494142395354141 0.38642469838444277 0.654932895774164
vn -0.8100473988304784 0.4939342483289423 0.3159939397768553
vn -0.8473581871807037 0.5262467882063518 -0.07105223796848847
vn -0.7556663695571159 0.47844302297099645 -0.44728135629684246
vn -0.5489312009634172 0.3578006466522619 -0.7554159343461613
vn -0.258626235232382 0.18268636674368205 -0.948545287192719
vn 0.07105223796848849 -0.020240261084859622 -0.9972672216165968
vn 0.3899136517523692 -0.2200854925629105 -0.8941642579193565
vn 0.6494142395354141 -0.38642469838444277 -0.654932895774164
vn 0.8100473988304784 -0.4939342483289423 -0.3159939397768553
vn 0.8473581871807037 -0.5262467882063518 0.07105223796848835
vn 0.7556663695571159 -0.47844302297099645 0.44728135629684246
vn 0.5489312009634172 -0.3578006466522619 0.7554159343461613
vn 0.258626235232382 -0.18268636674368205 0.948545287192719
vn -0.07105223796848838 0.02024026108485956 0.9972672216165968
vn -0.5262467882063518 -0.850090965564107 -0.02024026108485967
vn -0.5262467882063518 -0.850090965564107 -0.02024026108485967
vn -0.5262467882063518 -0.850090965564107 -0.02024026108485967
vn -0.5262467882063518 -0.850090965564107 -0.02024026108485967
vn -0.5262467882063518 -0.850090965564107 -0.02024026108485967
vn -0.5262467882063518 -0.850090965564107 -0.02024026108485967
vn -0.5262467882063518 -0.850090965564107 -0.02024026108485967
vn -0.5262467882063518 -0.850090965564107 -0.02024026108485967
vn -0.5262467882063518 -0.850090965564107 -0.02024026108485967
vn -0.5262467882063518 -0.850090965564107 -0.02024026108485967
vn -0.5262467882063518 -0.850090965564107 -0.02024026108485967
vn -0.5262467882063518 -0.850090965564107 -0.02024026108485967
vn -0.5262467882063518 -0.850090965564107 -0.02024026108485967
vn -0.5262467882063518 -0.850090965564107 -0.02024026108485967
vn -0.5262467882063518 -0.850090965564107 -0.02024026108485967
vn -0.5262467882063518 -0.850090965564107 -0.02024026108485967
vn -0.5262467882063518 -0.850090965564107 -0.02024026108485967
vn -0.5262467882063518 -0.850090965564107 -0.02024026108485967
vn -0.5262467882063518 -0.850090965564107 -0.02024026108485967
vn -0.5262467882063518 -0.850090965564107 -0.02024026108485967
vn -0.5262467882063518 -0.850090965564107 -0.02024026108485967
vn -0.5262467882063518 -0.850090965564107 -0.02024026108485967
vn -0.5262467882063518 -0.850090965564107 -0.02024026108485967
vn -0.5262467882063518 -0.850090965564107 -0.02024026108485967
vn -0.5262467882063518 -0.850090965564107 -0.02024026108485967
vn -0.5262467882063518 -0.850090965564107 -0.02024026108485967
vn -0.5262467882063518 -0.850090965564107 -0.02024026108485967
vn -0.5262467882063518 -0.850090965564107 -0.02024026108485967
vn -0.5262467882063518 -0.850090965564107 -0.02024026108485967
vn -0.5262467882063518 -0.850090965564107 -0.02024026108485967
vn -0.5262467882063518 -0.850090965564107 -0.02024026108485967
vn -0.5262467882063518 -0.850090965564107 -0.02024026108485967
vn -0.5262467882063518 -0.850090965564107 -0.02024026108485967
vn 0.5262467882063518 0.850090965564107 0.02024026108485967
vn 0.5262467882063518 0.850090965564107 0.02024026108485967
vn 0.5262467882063518 0.850090965564107 0.02024026108485967
vn 0.5262467882063518 0.850090965564107 0.02024026108485967
vn 0.5262467882063518 0.850090965564107 0.02024026108485967
vn 0.5262467882063518 0.850090965564107 0.02024026108485967
vn 0.5262467882063518 0.850090965564107 0.02024026108485967
vn 0.5262467882063518 0.850090965564107 0.02024026108485967
vn 0.5262467882063518 0.850090965564107 0.02024026108485967
vn 0.5262467882063518 0.850090965564107 0.02024026108485967
vn 0.5262467882063518 0.850090965564107 0.02024026108485967
vn 0.5262467882063518 0.850090965564107 0.02024026108485967
vn 0.5262467882063518 0.850090965564107 0.02024026108485967
vn 0.5262467882063518 0.850090965564107 0.02024026108485967
vn 0.5262467882063518 0.850090965564107 0.02024026108485967
vn 0.5262467882063518 0.850090965564107 0.02024026108485967
vn 0.5262467882063518 0.850090965564107 0.02024026108485967
vn 0.5262467882063518 0.850090965564107 0.02024026108485967
vn 0.5262467882063518 0.850090965564107 0.02024026108485967
vn 0.5262467882063518 0.850090965564107 0.02024026108485967
vn 0.5262467882063518 0.850090965564107 0.02024026108485967
vn 0.5262467882063518 0.850090965564107 0.02024026108485967
vn 0.5262467882063518 0.850090965564107 0.02024026108485967
vn 0.5262467882063518 0.850090965564107 0.02024026108485967
vn 0.5262467882063518 0.850090965564107 0.02024026108485967
vn 0.5262467882063518 0.850090965564107 0.02024026108485967
vn 0.5262467882063518 0.850090965564107 0.02024026108485967
vn 0.5262467882063518 0.850090965564107 0.02024026108485967
vn 0.5262467882063518 0.850090965564107 0.02024026108485967
vn 0.5262467882063518 0.850090965564107 0.02024026108485967
vn 0.5262467882063518 0.850090965564107 0.02024026108485967
vn 0.5262467882063518 0.850090965564107 0.02024026108485967
vn 0.5262467882063518 0.850090965564107 0.02024026108485967
f 6305/6305/6305 6322/6322/6322 6306/6306/6306
f 6322/6322/6322 6323/6323/6323 6306/6306/6306
f 6306/6306/6306 6323/6323/6323 6307/6307/6307
f 6323/6323/6323 6324/6324/6324 6307/6307/6307
f 6307/6307/6307 6324/6324/6324 6308/6308/6308
f 6324/6324/6324 6325/6325/6325 6308/6308/6308
f 6308/6308/6308 6325/6325/6325 6309/6309/6309
f 6325/6325/6325 6326/6326/6326 6309/6309/6309
f 6309/6309/6309 6326/6326/6326 6310/6310/6310
f 6326/6326/6326 6327/6327/6327 6310/6310/6310
f 6310/6310/6310 6327/6327/6327 6311/6311/6311
f 6327/6327/6327 6328/6328/6328 6311/6311/6311
f 6311/6311/6311 6328/6328/6328 6312/6312/6312
f 6328/6328/6328 6329/6329/6329 6312/6312/6312
f 6312/6312/6312 6329/6329/6329 6313/6313/6313
f 6329/6329/6329 6330/6330/6330 6313/6313/6313
f 6313/6313/6313 6330/6330/6330 6314/6314/6314
f 6330/6330/6330 6331/6331/6331 6314/6314/6314
f 6314/6314/6314 6331/6331/6331 6315/6315/6315
f 6331/6331/6331 6332/6332/6332 6315/6315/6315
f 6315/6315/6315 6332/6332/6332 6316/6316/6316
f 6332/6332/6332 6333/6333/6333 6316/6316/6316
f 6316/6316/6316 6333/6333/6333 6317/6317/6317
f 6333/6333/6333 6334/6334/6334 6317/6317/6317
f 6317/6317/6317 6334/6334/6334 6318/6318/6318
f 6334/6334/6334 6335/6335/6335 6318/6318/6318
f 6318/6318/6318 6335/6335/6335 6319/6319/6319
f 6335/6335/6335 6336/6336/6336 6319/6319/6319
f 6319/6319/6319 6336/6336/6336 6320/6320/6320
f 6336/6336/6336 6337/6337/6337 6320/6320/6320
f 6320/6320/6320 6337/6337/6337 6321/6321/6321
f 6337/6337/6337 6338/6338/6338 6321/6321/6321
f 6355/6355/6355 6356/6356/6356 6339/6339/6339
f 6356/6356/6356 6357/6357/6357 6340/6340/6340
f 6357/6357/6357 6358/6358/6358 6341/6341/6341
f 6358/6358/6358 6359/6359/6359 6342/6342/6342
f 6359/6359/6359 6360/6360/6360 6343/6343/6343
f 6360/6360/6360 6361/6361/6361 6344/6344/6344
f 6361/6361/6361 6362/6362/6362 6345/6345/6345
f 6362/6362/6362 6363/6363/6363 6346/6346/6346
f 6363/6363/6363 6364/6364/6364 6347/6347/6347
f 6364/6364/6364 6365/6365/6365 6348/6348/6348
f 6365/6365/6365 6366/6366/6366 6349/6349/6349
f 6366/6366/6366 6367/6367/6367 6350/6350/6350
f 6367/6367/6367 6368/6368/6368 6351/6351/6351
f 6368/6368/6368 6369/6369/6369 6352/6352/6352
f 6369/6369/6369 6370/6370/6370 6353/6353/6353
f 6370/6370/6370 6371/6371/6371 6354/6354/6354
f 6389/6389/6389 6388/6388/6388 6372/6372/6372
f 6390/6390/6390 6389/6389/6389 6373/6373/6373
f 6391/6391/6391 6390/6390/6390 6374/6374/6374
f 6392/6392/6392 6391/6391/6391 6375/6375/6375
f 6393/6393/6393 6392/6392/6392 6376/6376/6376
f 6394/6394/6394 6393/6393/6393 6377/6377/6377
f 6395/6395/6395 6394/6394/6394 6378/6378/6378
f 6396/6396/6396 6395/6395/6395 6379/6379/6379
f 6397/6397/6397 6396/6396/6396 6380/6380/6380
f 6398/6398/6398 6397/6397/6397 6381/6381/6381
f 6399/6399/6399 6398/6398/6398 6382/6382/6382
f 6400/6400/6400 6399/6399/6399 6383/6383/6383
f 6401/6401/6401 6400/6400/6400 6384/6384/6384
f 6402/6402/6402 6401/6401/6401 6385/6385/6385
f 6403/6403/6403 6402/6402/6402 6386/6386/6386
f 6404/6404/6404 6403/6403/6403 6387/6387/6387
o bike_header_pipe
usemtl bike_chrome
v -0.5700000035762787 1.55 -0.08999999925494195
v -0.5700000035762787 1.5716941870748997 -0.09495155826210977
v -0.5700000035762787 1.5890915758907795 -0.10882550977170469
v -0.5700000035762787 1.598746395856142 -0.12887395299971105
v -0.5700000035762787 1.598746395856142 -0.15112604700028898
v -0.5700000035762787 1.5890915758907795 -0.17117449022829534
v -0.5700000035762787 1.5716941870748997 -0.18504844173789026
v -0.5700000035762787 1.55 -0.19000000074505807
v -0.5700000035762787 1.5283058129251004 -0.18504844173789026
v -0.5700000035762787 1.5109084241092205 -0.17117449022829534
v -0.5700000035762787 1.501253604143858 -0.15112604700028898
v -0.5700000035762787 1.501253604143858 -0.12887395299971105
v -0.5700000035762787 1.5109084241092205 -0.10882550977170469
v -0.5700000035762787 1.5283058129251004 -0.09495155826210977
v -0.5700000035762787 1.55 -0.08999999925494195
v 0.1100000035762787 1.55 -0.08999999925494195
v 0.1100000035762787 1.5716941870748997 -0.09495155826210977
v 0.1100000035762787 1.5890915758907795 -0.10882550977170469
v 0.1100000035762787 1.598746395856142 -0.12887395299971105
v 0.1100000035762787 1.598746395856142 -0.15112604700028898
v 0.1100000035762787 1.5890915758907795 -0.17117449022829534
v 0.1100000035762787 1.5716941870748997 -0.18504844173789026
v 0.1100000035762787 1.55 -0.19000000074505807
v 0.1100000035762787 1.5283058129251004 -0.18504844173789026
v 0.1100000035762787 1.5109084241092205 -0.17117449022829534
v 0.1100000035762787 1.501253604143858 -0.15112604700028898
v 0.1100000035762787 1.501253604143858 -0.12887395299971105
v 0.1100000035762787 1.5109084241092205 -0.10882550977170469
v 0.1100000035762787 1.5283058129251004 -0.09495155826210977
v 0.1100000035762787 1.55 -0.08999999925494195
v -0.5700000035762787 1.55 -0.14
v -0.5700000035762787 1.55 -0.14
v -0.5700000035762787 1.55 -0.14
v -0.5700000035762787 1.55 -0.14
v -0.5700000035762787 1.55 -0.14
v -0.5700000035762787 1.55 -0.14
v -0.5700000035762787 1.55 -0.14
v -0.5700000035762787 1.55 -0.14
v -0.5700000035762787 1.55 -0.14
v -0.5700000035762787 1.55 -0.14
v -0.5700000035762787 1.55 -0.14
v -0.5700000035762787 1.55 -0.14
v -0.5700000035762787 1.55 -0.14
v -0.5700000035762787 1.55 -0.14
v -0.5700000035762787 1.55 -0.08999999925494195
v -0.5700000035762787 1.5716941870748997 -0.09495155826210977
v -0.5700000035762787 1.5890915758907795 -0.10882550977170469
v -0.5700000035762787 1.598746395856142 -0.12887395299971105
v -0.5700000035762787 1.598746395856142 -0.15112604700028898
v -0.5700000035762787 1.5890915758907795 -0.17117449022829534
v -0.5700000035762787 1.5716941870748997 -0.18504844173789026
v -0.5700000035762787 1.55 -0.19000000074505807
v -0.5700000035762787 1.5283058129251004 -0.18504844173789026
v -0.5700000035762787 1.5109084241092205 -0.17117449022829534
v -0.5700000035762787 1.501253604143858 -0.15112604700028898
v -0.5700000035762787 1.501253604143858 -0.12887395299971105
v -0.5700000035762787 1.5109084241092205 -0.10882550977170469
v -0.5700000035762787 1.5283058129251004 -0.09495155826210977
v -0.5700000035762787 1.55 -0.08999999925494195
v 0.1100000035762787 1.55 -0.14
v 0.1100000035762787 1.55 -0.14
v 0.1100000035762787 1.55 -0.14
v 0.1100000035762787 1.55 -0.14
v 0.1100000035762787 1.55 -0.14
v 0.1100000035762787 1.55 -0.14
v 0.1100000035762787 1.55 -0.14
v 0.1100000035762787 1.55 -0.14
v 0.1100000035762787 1.55 -0.14
v 0.1100000035762787 1.55 -0.14
v 0.1100000035762787 1.55 -0.14
v 0.1100000035762787 1.55 -0.14
v 0.1100000035762787 1.55 -0.14
v 0.1100000035762787 1.55 -0.14
v 0.1100000035762787 1.55 -0.08999999925494195
v 0.1100000035762787 1.5716941870748997 -0.09495155826210977
v 0.1100000035762787 1.5890915758907795 -0.10882550977170469
v 0.1100000035762787 1.598746395856142 -0.12887395299971105
v 0.1100000035762787 1.598746395856142 -0.15112604700028898
v 0.1100000035762787 1.5890915758907795 -0.17117449022829534
v 0.1100000035762787 1.5716941870748997 -0.18504844173789026
v 0.1100000035762787 1.55 -0.19000000074505807
v 0.1100000035762787 1.5283058129251004 -0.18504844173789026
v 0.1100000035762787 1.5109084241092205 -0.17117449022829534
v 0.1100000035762787 1.501253604143858 -0.15112604700028898
v 0.1100000035762787 1.501253604143858 -0.12887395299971105
v 0.1100000035762787 1.5109084241092205 -0.10882550977170469
v 0.1100000035762787 1.5283058129251004 -0.09495155826210977
v 0.1100000035762787 1.55 -0.08999999925494195
vt 0 1
vt 0.0714285746216774 1
vt 0.1428571492433548 1
vt 0.2142857164144516 1
vt 0.2857142984867096 1
vt 0.3571428656578064 1
vt 0.4285714328289032 1
vt 0.5 1
vt 0.5714285969734192 1
vt 0.6428571343421936 1
vt 0.7142857313156128 1
vt 0.7857142686843872 1
vt 0.8571428656578064 1
vt 0.9285714030265808 1
vt 1 1
vt 0 0
vt 0.0714285746216774 0
vt 0.1428571492433548 0
vt 0.2142857164144516 0
vt 0.2857142984867096 0
vt 0.3571428656578064 0
vt 0.4285714328289032 0
vt 0.5 0
vt 0.5714285969734192 0
vt 0.6428571343421936 0
vt 0.7142857313156128 0
vt 0.7857142686843872 0
vt 0.8571428656578064 0
vt 0.9285714030265808 0
vt 1 0
vt 0.5 0.5
vt 0.5 0.5
vt 0.5 0.5
vt 0.5 0.5
vt 0.5 0.5
vt 0.5 0.5
vt 0.5 0.5
vt 0.5 0.5
vt 0.5 0.5
vt 0.5 0.5
vt 0.5 0.5
vt 0.5 0.5
vt 0.5 0.5
vt 0.5 0.5
vt 1 0.5
vt 0.9504844546318054 0.7169418931007385
vt 0.8117449283599854 0.8909157514572144
vt 0.6112604737281799 0.9874639511108398
vt 0.38873952627182007 0.9874639511108398
vt 0.18825510144233704 0.8909157514572144
vt 0.04951556771993637 0.7169418931007385
vt 0 0.5
vt 0.04951556771993637 0.28305813670158386
vt 0.18825510144233704 0.10908425599336624
vt 0.38873952627182007 0.012536044232547283
vt 0.6112604737281799 0.012536044232547283
vt 0.8117449283599854 0.10908425599336624
vt 0.9504844546318054 0.28305813670158386
vt 1 0.5
vt 0.5 0.5
vt 0.5 0.5
vt 0.5 0.5
vt 0.5 0.5
vt 0.5 0.5
vt 0.5 0.5
vt 0.5 0.5
vt 0.5 0.5
vt 0.5 0.5
vt 0.5 0.5
vt 0.5 0.5
vt 0.5 0.5
vt 0.5 0.5
vt 0.5 0.5
vt 1 0.5
vt 0.9504844546318054 0.28305813670158386
vt 0.8117449283599854 0.10908425599336624
vt 0.6112604737281799 0.012536044232547283
vt 0.38873952627182007 0.012536044232547283
vt 0.18825510144233704 0.10908425599336624
vt 0.04951556771993637 0.28305813670158386
vt 0 0.5
vt 0.04951556771993637 0.7169418931007385
vt 0.18825510144233704 0.8909157514572144
vt 0.38873952627182007 0.9874639511108398
vt 0.6112604737281799 0.9874639511108398
vt 0.8117449283599854 0.8909157514572144
vt 0.9504844546318054 0.7169418931007385
vt 1 0.5
vn 0 0 1
vn 9.634154276251819e-17 0.4338837360855756 0.9009688693625448
vn 1.73601464920868e-16 0.7818314927285933 0.6234897889923936
vn 2.1647748304878302e-16 0.9749279119926021 0.22252093478534796
vn 2.1647748304878302e-16 0.9749279119926021 -0.22252093478534796
vn 1.73601464920868e-16 0.7818314927285933 -0.6234897889923936
vn 9.634154276251819e-17 0.4338837360855756 -0.9009688693625448
vn 2.7192622655495665e-32 1.2246468525851679e-16 -1
vn -9.634154276251819e-17 -0.4338837360855756 -0.9009688693625448
vn -1.73601464920868e-16 -0.7818314927285933 -0.6234897889923936
vn -2.1647748304878302e-16 -0.9749279119926021 -0.22252093478534796
vn -2.1647748304878302e-16 -0.9749279119926021 0.22252093478534796
vn -1.73601464920868e-16 -0.7818314927285933 0.6234897889923936
vn -9.634154276251819e-17 -0.4338837360855756 0.9009688693625448
vn -5.438524531099133e-32 -2.4492937051703357e-16 1
vn 0 0 1
vn 9.634154276251819e-17 0.4338837360855756 0.9009688693625448
vn 1.73601464920868e-16 0.7818314927285933 0.6234897889923936
vn 2.1647748304878302e-16 0.9749279119926021 0.22252093478534796
vn 2.1647748304878302e-16 0.9749279119926021 -0.22252093478534796
vn 1.73601464920868e-16 0.7818314927285933 -0.6234897889923936
vn 9.634154276251819e-17 0.4338837360855756 -0.9009688693625448
vn 2.7192622655495665e-32 1.2246468525851679e-16 -1
vn -9.634154276251819e-17 -0.4338837360855756 -0.9009688693625448
vn -1.73601464920868e-16 -0.7818314927285933 -0.6234897889923936
vn -2.1647748304878302e-16 -0.9749279119926021 -0.22252093478534796
vn -2.1647748304878302e-16 -0.9749279119926021 0.22252093478534796
vn -1.73601464920868e-16 -0.7818314927285933 0.6234897889923936
vn -9.634154276251819e-17 -0.4338837360855756 0.9009688693625448
vn -5.438524531099133e-32 -2.4492937051703357e-16 1
vn -1 2.220446049250313e-16 0
vn -1 2.220446049250313e-16 0
vn -1 2.220446049250313e-16 0
vn -1 2.220446049250313e-16 0
vn -1 2.220446049250313e-16 0
vn -1 2.220446049250313e-16 0
vn -1 2.220446049250313e-16 0
vn -1 2.220446049250313e-16 0
vn -1 2.220446049250313e-16 0
vn -1 2.220446049250313e-16 0
vn -1 2.220446049250313e-16 0
vn -1 2.220446049250313e-16 0
vn -1 2.220446049250313e-16 0
vn -1 2.220446049250313e-16 0
vn -1 2.220446049250313e-16 0
vn -1 2.220446049250313e-16 0
vn -1 2.220446049250313e-16 0
vn -1 2.220446049250313e-16 0
vn -1 2.220446049250313e-16 0
vn -1 2.220446049250313e-16 0
vn -1 2.220446049250313e-16 0
vn -1 2.220446049250313e-16 0
vn -1 2.220446049250313e-16 0
vn -1 2.220446049250313e-16 0
vn -1 2.220446049250313e-16 0
vn -1 2.220446049250313e-16 0
vn -1 2.220446049250313e-16 0
vn -1 2.220446049250313e-16 0
vn -1 2.220446049250313e-16 0
vn 1 -2.220446049250313e-16 0
vn 1 -2.220446049250313e-16 0
vn 1 -2.220446049250313e-16 0
vn 1 -2.220446049250313e-16 0
vn 1 -2.220446049250313e-16 0
vn 1 -2.220446049250313e-16 0
vn 1 -2.220446049250313e-16 0
vn 1 -2.220446049250313e-16 0
vn 1 -2.220446049250313e-16 0
vn 1 -2.220446049250313e-16 0
vn 1 -2.220446049250313e-16 0
vn 1 -2.220446049250313e-16 0
vn 1 -2.220446049250313e-16 0
vn 1 -2.220446049250313e-16 0
vn 1 -2.220446049250313e-16 0
vn 1 -2.220446049250313e-16 0
vn 1 -2.220446049250313e-16 0
vn 1 -2.220446049250313e-16 0
vn 1 -2.220446049250313e-16 0
vn 1 -2.220446049250313e-16 0
vn 1 -2.220446049250313e-16 0
vn 1 -2.220446049250313e-16 0
vn 1 -2.220446049250313e-16 0
vn 1 -2.220446049250313e-16 0
vn 1 -2.220446049250313e-16 0
vn 1 -2.220446049250313e-16 0
vn 1 -2.220446049250313e-16 0
vn 1 -2.220446049250313e-16 0
vn 1 -2.220446049250313e-16 0
f 6405/6405/6405 6420/6420/6420 6406/6406/6406
f 6420/6420/6420 6421/6421/6421 6406/6406/6406
f 6406/6406/6406 6421/6421/6421 6407/6407/6407
f 6421/6421/6421 6422/6422/6422 6407/6407/6407
f 6407/6407/6407 6422/6422/6422 6408/6408/6408
f 6422/6422/6422 6423/6423/6423 6408/6408/6408
f 6408/6408/6408 6423/6423/6423 6409/6409/6409
f 6423/6423/6423 6424/6424/6424 6409/6409/6409
f 6409/6409/6409 6424/6424/6424 6410/6410/6410
f 6424/6424/6424 6425/6425/6425 6410/6410/6410
f 6410/6410/6410 6425/6425/6425 6411/6411/6411
f 6425/6425/6425 6426/6426/6426 6411/6411/6411
f 6411/6411/6411 6426/6426/6426 6412/6412/6412
f 6426/6426/6426 6427/6427/6427 6412/6412/6412
f 6412/6412/6412 6427/6427/6427 6413/6413/6413
f 6427/6427/6427 6428/6428/6428 6413/6413/6413
f 6413/6413/6413 6428/6428/6428 6414/6414/6414
f 6428/6428/6428 6429/6429/6429 6414/6414/6414
f 6414/6414/6414 6429/6429/6429 6415/6415/6415
f 6429/6429/6429 6430/6430/6430 6415/6415/6415
f 6415/6415/6415 6430/6430/6430 6416/6416/6416
f 6430/6430/6430 6431/6431/6431 6416/6416/6416
f 6416/6416/6416 6431/6431/6431 6417/6417/6417
f 6431/6431/6431 6432/6432/6432 6417/6417/6417
f 6417/6417/6417 6432/6432/6432 6418/6418/6418
f 6432/6432/6432 6433/6433/6433 6418/6418/6418
f 6418/6418/6418 6433/6433/6433 6419/6419/6419
f 6433/6433/6433 6434/6434/6434 6419/6419/6419
f 6449/6449/6449 6450/6450/6450 6435/6435/6435
f 6450/6450/6450 6451/6451/6451 6436/6436/6436
f 6451/6451/6451 6452/6452/6452 6437/6437/6437
f 6452/6452/6452 6453/6453/6453 6438/6438/6438
f 6453/6453/6453 6454/6454/6454 6439/6439/6439
f 6454/6454/6454 6455/6455/6455 6440/6440/6440
f 6455/6455/6455 6456/6456/6456 6441/6441/6441
f 6456/6456/6456 6457/6457/6457 6442/6442/6442
f 6457/6457/6457 6458/6458/6458 6443/6443/6443
f 6458/6458/6458 6459/6459/6459 6444/6444/6444
f 6459/6459/6459 6460/6460/6460 6445/6445/6445
f 6460/6460/6460 6461/6461/6461 6446/6446/6446
f 6461/6461/6461 6462/6462/6462 6447/6447/6447
f 6462/6462/6462 6463/6463/6463 6448/6448/6448
f 6479/6479/6479 6478/6478/6478 6464/6464/6464
f 6480/6480/6480 6479/6479/6479 6465/6465/6465
f 6481/6481/6481 6480/6480/6480 6466/6466/6466
f 6482/6482/6482 6481/6481/6481 6467/6467/6467
f 6483/6483/6483 6482/6482/6482 6468/6468/6468
f 6484/6484/6484 6483/6483/6483 6469/6469/6469
f 6485/6485/6485 6484/6484/6484 6470/6470/6470
f 6486/6486/6486 6485/6485/6485 6471/6471/6471
f 6487/6487/6487 6486/6486/6486 6472/6472/6472
f 6488/6488/6488 6487/6487/6487 6473/6473/6473
f 6489/6489/6489 6488/6488/6488 6474/6474/6474
f 6490/6490/6490 6489/6489/6489 6475/6475/6475
f 6491/6491/6491 6490/6490/6490 6476/6476/6476
f 6492/6492/6492 6491/6491/6491 6477/6477/6477
o bike_muffler
usemtl bike_chrome
v -0.9599999934434891 1.59 -0.06000000178813936
v -0.9599999934434891 1.6206146740913392 -0.06608963698148729
v -0.9599999934434891 1.6465685406327248 -0.08343145936727525
v -0.9599999934434891 1.6639103630185128 -0.1093853259086609
v -0.9599999934434891 1.6699999982118607 -0.14
v -0.9599999934434891 1.6639103630185128 -0.17061467409133912
v -0.9599999934434891 1.6465685406327248 -0.19656854063272478
v -0.9599999934434891 1.6206146740913392 -0.21391036301851274
v -0.9599999934434891 1.59 -0.21999999821186067
v -0.9599999934434891 1.559385325908661 -0.21391036301851274
v -0.9599999934434891 1.5334314593672753 -0.19656854063272478
v -0.9599999934434891 1.5160896369814874 -0.17061467409133912
v -0.9599999934434891 1.5100000017881394 -0.14000000000000004
v -0.9599999934434891 1.5160896369814874 -0.1093853259086609
v -0.9599999934434891 1.5334314593672753 -0.08343145936727525
v -0.9599999934434891 1.559385325908661 -0.06608963698148729
v -0.9599999934434891 1.59 -0.06000000178813936
v -0.5400000065565109 1.59 -0.06000000178813936
v -0.5400000065565109 1.6206146740913392 -0.06608963698148729
v -0.5400000065565109 1.6465685406327248 -0.08343145936727525
v -0.5400000065565109 1.6639103630185128 -0.1093853259086609
v -0.5400000065565109 1.6699999982118607 -0.14
v -0.5400000065565109 1.6639103630185128 -0.17061467409133912
v -0.5400000065565109 1.6465685406327248 -0.19656854063272478
v -0.5400000065565109 1.6206146740913392 -0.21391036301851274
v -0.5400000065565109 1.59 -0.21999999821186067
v -0.5400000065565109 1.559385325908661 -0.21391036301851274
v -0.5400000065565109 1.5334314593672753 -0.19656854063272478
v -0.5400000065565109 1.5160896369814874 -0.17061467409133912
v -0.5400000065565109 1.5100000017881394 -0.14000000000000004
v -0.5400000065565109 1.5160896369814874 -0.1093853259086609
v -0.5400000065565109 1.5334314593672753 -0.08343145936727525
v -0.5400000065565109 1.559385325908661 -0.06608963698148729
v -0.5400000065565109 1.59 -0.06000000178813936
v -0.9599999934434891 1.59 -0.14
v -0.9599999934434891 1.59 -0.14
v -0.9599999934434891 1.59 -0.14
v -0.9599999934434891 1.59 -0.14
v -0.9599999934434891 1.59 -0.14
v -0.9599999934434891 1.59 -0.14
v -0.9599999934434891 1.59 -0.14
v -0.9599999934434891 1.59 -0.14
v -0.9599999934434891 1.59 -0.14
v -0.9599999934434891 1.59 -0.14
v -0.9599999934434891 1.59 -0.14
v -0.9599999934434891 1.59 -0.14
v -0.9599999934434891 1.59 -0.14
v -0.9599999934434891 1.59 -0.14
v -0.9599999934434891 1.59 -0.14
v -0.9599999934434891 1.59 -0.14
v -0.9599999934434891 1.59 -0.06000000178813936
v -0.9599999934434891 1.6206146740913392 -0.06608963698148729
v -0.9599999934434891 1.6465685406327248 -0.08343145936727525
v -0.9599999934434891 1.6639103630185128 -0.1093853259086609
v -0.9599999934434891 1.6699999982118607 -0.14
v -0.9599999934434891 1.6639103630185128 -0.17061467409133912
v -0.9599999934434891 1.6465685406327248 -0.19656854063272478
v -0.9599999934434891 1.6206146740913392 -0.21391036301851274
v -0.9599999934434891 1.59 -0.21999999821186067
v -0.9599999934434891 1.559385325908661 -0.21391036301851274
v -0.9599999934434891 1.5334314593672753 -0.19656854063272478
v -0.9599999934434891 1.5160896369814874 -0.17061467409133912
v -0.9599999934434891 1.5100000017881394 -0.14000000000000004
v -0.9599999934434891 1.5160896369814874 -0.1093853259086609
v -0.9599999934434891 1.5334314593672753 -0.08343145936727525
v -0.9599999934434891 1.559385325908661 -0.06608963698148729
v -0.9599999934434891 1.59 -0.06000000178813936
v -0.5400000065565109 1.59 -0.14
v -0.5400000065565109 1.59 -0.14
v -0.5400000065565109 1.59 -0.14
v -0.5400000065565109 1.59 -0.14
v -0.5400000065565109 1.59 -0.14
v -0.5400000065565109 1.59 -0.14
v -0.5400000065565109 1.59 -0.14
v -0.5400000065565109 1.59 -0.14
v -0.5400000065565109 1.59 -0.14
v -0.5400000065565109 1.59 -0.14
v -0.5400000065565109 1.59 -0.14
v -0.5400000065565109 1.59 -0.14
v -0.5400000065565109 1.59 -0.14
v -0.5400000065565109 1.59 -0.14
v -0.5400000065565109 1.59 -0.14
v -0.5400000065565109 1.59 -0.14
v -0.5400000065565109 1.59 -0.06000000178813936
v -0.5400000065565109 1.6206146740913392 -0.06608963698148729
v -0.5400000065565109 1.6465685406327248 -0.08343145936727525
v -0.5400000065565109 1.6639103630185128 -0.1093853259086609
v -0.5400000065565109 1.6699999982118607 -0.14
v -0.5400000065565109 1.6639103630185128 -0.17061467409133912
v -0.5400000065565109 1.6465685406327248 -0.19656854063272478
v -0.5400000065565109 1.6206146740913392 -0.21391036301851274
v -0.5400000065565109 1.59 -0.21999999821186067
v -0.5400000065565109 1.559385325908661 -0.21391036301851274
v -0.5400000065565109 1.5334314593672753 -0.19656854063272478
v -0.5400000065565109 1.5160896369814874 -0.17061467409133912
v -0.5400000065565109 1.5100000017881394 -0.14000000000000004
v -0.5400000065565109 1.5160896369814874 -0.1093853259086609
v -0.5400000065565109 1.5334314593672753 -0.08343145936727525
v -0.5400000065565109 1.559385325908661 -0.06608963698148729
v -0.5400000065565109 1.59 -0.06000000178813936
vt 0 1
vt 0.0625 1
vt 0.125 1
vt 0.1875 1
vt 0.25 1
vt 0.3125 1
vt 0.375 1
vt 0.4375 1
vt 0.5 1
vt 0.5625 1
vt 0.625 1
vt 0.6875 1
vt 0.75 1
vt 0.8125 1
vt 0.875 1
vt 0.9375 1
vt 1 1
vt 0 0
vt 0.0625 0
vt 0.125 0
vt 0.1875 0
vt 0.25 0
vt 0.3125 0
vt 0.375 0
vt 0.4375 0
vt 0.5 0
vt 0.5625 0
vt 0.625 0
vt 0.6875 0
vt 0.75 0
vt 0.8125 0
vt 0.875 0
vt 0.9375 0
vt 1 0
vt 0.5 0.5
vt 0.5 0.5
vt 0.5 0.5
vt 0.5 0.5
vt 0.5 0.5
vt 0.5 0.5
vt 0.5 0.5
vt 0.5 0.5
vt 0.5 0.5
vt 0.5 0.5
vt 0.5 0.5
vt 0.5 0.5
vt 0.5 0.5
vt 0.5 0.5
vt 0.5 0.5
vt 0.5 0.5
vt 1 0.5
vt 0.9619397521018982 0.6913416981697083
vt 0.8535534143447876 0.8535534143447876
vt 0.6913416981697083 0.9619397521018982
vt 0.5 1
vt 0.30865827202796936 0.9619397521018982
vt 0.1464466154575348 0.8535534143447876
vt 0.03806023299694061 0.6913416981697083
vt 0 0.5
vt 0.03806023299694061 0.30865827202796936
vt 0.1464466154575348 0.1464466154575348
vt 0.30865827202796936 0.03806023299694061
vt 0.5 0
vt 0.6913416981697083 0.03806023299694061
vt 0.8535534143447876 0.1464466154575348
vt 0.9619397521018982 0.30865827202796936
vt 1 0.5
vt 0.5 0.5
vt 0.5 0.5
vt 0.5 0.5
vt 0.5 0.5
vt 0.5 0.5
vt 0.5 0.5
vt 0.5 0.5
vt 0.5 0.5
vt 0.5 0.5
vt 0.5 0.5
vt 0.5 0.5
vt 0.5 0.5
vt 0.5 0.5
vt 0.5 0.5
vt 0.5 0.5
vt 0.5 0.5
vt 1 0.5
vt 0.9619397521018982 0.30865827202796936
vt 0.8535534143447876 0.1464466154575348
vt 0.6913416981697083 0.03806023299694061
vt 0.5 0
vt 0.30865827202796936 0.03806023299694061
vt 0.1464466154575348 0.1464466154575348
vt 0.03806023299694061 0.30865827202796936
vt 0 0.5
vt 0.03806023299694061 0.6913416981697083
vt 0.1464466154575348 0.8535534143447876
vt 0.30865827202796936 0.9619397521018982
vt 0.5 1
vt 0.6913416981697083 0.9619397521018982
vt 0.8535534143447876 0.8535534143447876
vt 0.9619397521018982 0.6913416981697083
vt 1 0.5
vn 0 0 1
vn 8.497279259363763e-17 0.3826834370613369 0.9238795305660377
vn 1.5700924586837752e-16 0.7071067811865476 0.7071067811865476
vn 2.0514246536285922e-16 0.9238795305660377 0.3826834370613369
vn 2.220446049250313e-16 1 6.123234262925839e-17
vn 2.0514246536285922e-16 0.9238795305660377 -0.3826834370613369
vn 1.5700924586837752e-16 0.7071067811865476 -0.7071067811865476
vn 8.497279259363763e-17 0.3826834370613369 -0.9238795305660377
vn 2.7192622655495665e-32 1.2246468525851679e-16 -1
vn -8.497279259363763e-17 -0.3826834370613369 -0.9238795305660377
vn -1.5700924586837752e-16 -0.7071067811865476 -0.7071067811865476
vn -2.0514246536285922e-16 -0.9238795305660377 -0.3826834370613369
vn -2.220446049250313e-16 -1 -1.8369701465288538e-16
vn -2.0514246536285922e-16 -0.9238795305660377 0.3826834370613369
vn -1.5700924586837752e-16 -0.7071067811865476 0.7071067811865476
vn -8.497279259363763e-17 -0.3826834370613369 0.9238795305660377
vn -5.438524531099133e-32 -2.4492937051703357e-16 1
vn 0 0 1
vn 8.497279259363763e-17 0.3826834370613369 0.9238795305660377
vn 1.5700924586837752e-16 0.7071067811865476 0.7071067811865476
vn 2.0514246536285922e-16 0.9238795305660377 0.3826834370613369
vn 2.220446049250313e-16 1 6.123234262925839e-17
vn 2.0514246536285922e-16 0.9238795305660377 -0.3826834370613369
vn 1.5700924586837752e-16 0.7071067811865476 -0.7071067811865476
vn 8.497279259363763e-17 0.3826834370613369 -0.9238795305660377
vn 2.7192622655495665e-32 1.2246468525851679e-16 -1
vn -8.497279259363763e-17 -0.3826834370613369 -0.9238795305660377
vn -1.5700924586837752e-16 -0.7071067811865476 -0.7071067811865476
vn -2.0514246536285922e-16 -0.9238795305660377 -0.3826834370613369
vn -2.220446049250313e-16 -1 -1.8369701465288538e-16
vn -2.0514246536285922e-16 -0.9238795305660377 0.3826834370613369
vn -1.5700924586837752e-16 -0.7071067811865476 0.7071067811865476
vn -8.497279259363763e-17 -0.3826834370613369 0.9238795305660377
vn -5.438524531099133e-32 -2.4492937051703357e-16 1
vn -1 2.220446049250313e-16 0
vn -1 2.220446049250313e-16 0
vn -1 2.220446049250313e-16 0
vn -1 2.220446049250313e-16 0
vn -1 2.220446049250313e-16 0
vn -1 2.220446049250313e-16 0
vn -1 2.220446049250313e-16 0
vn -1 2.220446049250313e-16 0
vn -1 2.220446049250313e-16 0
vn -1 2.220446049250313e-16 0
vn -1 2.220446049250313e-16 0
vn -1 2.220446049250313e-16 0
vn -1 2.220446049250313e-16 0
vn -1 2.220446049250313e-16 0
vn -1 2.220446049250313e-16 0
vn -1 2.220446049250313e-16 0
vn -1 2.220446049250313e-16 0
vn -1 2.220446049250313e-16 0
vn -1 2.220446049250313e-16 0
vn -1 2.220446049250313e-16 0
vn -1 2.220446049250313e-16 0
vn -1 2.220446049250313e-16 0
vn -1 2.220446049250313e-16 0
vn -1 2.220446049250313e-16 0
vn -1 2.220446049250313e-16 0
vn -1 2.220446049250313e-16 0
vn -1 2.220446049250313e-16 0
vn -1 2.220446049250313e-16 0
vn -1 2.220446049250313e-16 0
vn -1 2.220446049250313e-16 0
vn -1 2.220446049250313e-16 0
vn -1 2.220446049250313e-16 0
vn -1 2.220446049250313e-16 0
vn 1 -2.220446049250313e-16 0
vn 1 -2.220446049250313e-16 0
vn 1 -2.220446049250313e-16 0
vn 1 -2.220446049250313e-16 0
vn 1 -2.220446049250313e-16 0
vn 1 -2.220446049250313e-16 0
vn 1 -2.220446049250313e-16 0
vn 1 -2.220446049250313e-16 0
vn 1 -2.220446049250313e-16 0
vn 1 -2.220446049250313e-16 0
vn 1 -2.220446049250313e-16 0
vn 1 -2.220446049250313e-16 0
vn 1 -2.220446049250313e-16 0
vn 1 -2.220446049250313e-16 0
vn 1 -2.220446049250313e-16 0
vn 1 -2.220446049250313e-16 0
vn 1 -2.220446049250313e-16 0
vn 1 -2.220446049250313e-16 0
vn 1 -2.220446049250313e-16 0
vn 1 -2.220446049250313e-16 0
vn 1 -2.220446049250313e-16 0
vn 1 -2.220446049250313e-16 0
vn 1 -2.220446049250313e-16 0
vn 1 -2.220446049250313e-16 0
vn 1 -2.220446049250313e-16 0
vn 1 -2.220446049250313e-16 0
vn 1 -2.220446049250313e-16 0
vn 1 -2.220446049250313e-16 0
vn 1 -2.220446049250313e-16 0
vn 1 -2.220446049250313e-16 0
vn 1 -2.220446049250313e-16 0
vn 1 -2.220446049250313e-16 0
vn 1 -2.220446049250313e-16 0
f 6493/6493/6493 6510/6510/6510 6494/6494/6494
f 6510/6510/6510 6511/6511/6511 6494/6494/6494
f 6494/6494/6494 6511/6511/6511 6495/6495/6495
f 6511/6511/6511 6512/6512/6512 6495/6495/6495
f 6495/6495/6495 6512/6512/6512 6496/6496/6496
f 6512/6512/6512 6513/6513/6513 6496/6496/6496
f 6496/6496/6496 6513/6513/6513 6497/6497/6497
f 6513/6513/6513 6514/6514/6514 6497/6497/6497
f 6497/6497/6497 6514/6514/6514 6498/6498/6498
f 6514/6514/6514 6515/6515/6515 6498/6498/6498
f 6498/6498/6498 6515/6515/6515 6499/6499/6499
f 6515/6515/6515 6516/6516/6516 6499/6499/6499
f 6499/6499/6499 6516/6516/6516 6500/6500/6500
f 6516/6516/6516 6517/6517/6517 6500/6500/6500
f 6500/6500/6500 6517/6517/6517 6501/6501/6501
f 6517/6517/6517 6518/6518/6518 6501/6501/6501
f 6501/6501/6501 6518/6518/6518 6502/6502/6502
f 6518/6518/6518 6519/6519/6519 6502/6502/6502
f 6502/6502/6502 6519/6519/6519 6503/6503/6503
f 6519/6519/6519 6520/6520/6520 6503/6503/6503
f 6503/6503/6503 6520/6520/6520 6504/6504/6504
f 6520/6520/6520 6521/6521/6521 6504/6504/6504
f 6504/6504/6504 6521/6521/6521 6505/6505/6505
f 6521/6521/6521 6522/6522/6522 6505/6505/6505
f 6505/6505/6505 6522/6522/6522 6506/6506/6506
f 6522/6522/6522 6523/6523/6523 6506/6506/6506
f 6506/6506/6506 6523/6523/6523 6507/6507/6507
f 6523/6523/6523 6524/6524/6524 6507/6507/6507
f 6507/6507/6507 6524/6524/6524 6508/6508/6508
f 6524/6524/6524 6525/6525/6525 6508/6508/6508
f 6508/6508/6508 6525/6525/6525 6509/6509/6509
f 6525/6525/6525 6526/6526/6526 6509/6509/6509
f 6543/6543/6543 6544/6544/6544 6527/6527/6527
f 6544/6544/6544 6545/6545/6545 6528/6528/6528
f 6545/6545/6545 6546/6546/6546 6529/6529/6529
f 6546/6546/6546 6547/6547/6547 6530/6530/6530
f 6547/6547/6547 6548/6548/6548 6531/6531/6531
f 6548/6548/6548 6549/6549/6549 6532/6532/6532
f 6549/6549/6549 6550/6550/6550 6533/6533/6533
f 6550/6550/6550 6551/6551/6551 6534/6534/6534
f 6551/6551/6551 6552/6552/6552 6535/6535/6535
f 6552/6552/6552 6553/6553/6553 6536/6536/6536
f 6553/6553/6553 6554/6554/6554 6537/6537/6537
f 6554/6554/6554 6555/6555/6555 6538/6538/6538
f 6555/6555/6555 6556/6556/6556 6539/6539/6539
f 6556/6556/6556 6557/6557/6557 6540/6540/6540
f 6557/6557/6557 6558/6558/6558 6541/6541/6541
f 6558/6558/6558 6559/6559/6559 6542/6542/6542
f 6577/6577/6577 6576/6576/6576 6560/6560/6560
f 6578/6578/6578 6577/6577/6577 6561/6561/6561
f 6579/6579/6579 6578/6578/6578 6562/6562/6562
f 6580/6580/6580 6579/6579/6579 6563/6563/6563
f 6581/6581/6581 6580/6580/6580 6564/6564/6564
f 6582/6582/6582 6581/6581/6581 6565/6565/6565
f 6583/6583/6583 6582/6582/6582 6566/6566/6566
f 6584/6584/6584 6583/6583/6583 6567/6567/6567
f 6585/6585/6585 6584/6584/6584 6568/6568/6568
f 6586/6586/6586 6585/6585/6585 6569/6569/6569
f 6587/6587/6587 6586/6586/6586 6570/6570/6570
f 6588/6588/6588 6587/6587/6587 6571/6571/6571
f 6589/6589/6589 6588/6588/6588 6572/6572/6572
f 6590/6590/6590 6589/6589/6589 6573/6573/6573
f 6591/6591/6591 6590/6590/6590 6574/6574/6574
f 6592/6592/6592 6591/6591/6591 6575/6575/6575
